dataset,n,d,method,k_selected,knn_K,knn_overlap,trustworthiness,k_pai_scale
iris,150,4,pai,1,3,0.15111111111111108,0.6486896551724138,60.693333333333335
iris,150,4,pai,1,5,0.19200000000000003,0.6553145539906103,60.693333333333335
iris,150,4,pai,1,10,0.266,0.6790681536555143,60.693333333333335
iris,150,4,pai,1,20,0.3906666666666666,0.7080139470013946,60.693333333333335
iris,150,4,pai,1,30,0.47222222222222227,0.7157278043593833,60.693333333333335
iris,150,4,pai,1,50,0.5517333333333333,0.7044438478747204,60.693333333333335
iris,150,4,pai,2,3,0.3377777777777778,0.9481532567049809,60.693333333333335
iris,150,4,pai,2,5,0.4,0.9560281690140845,60.693333333333335
iris,150,4,pai,2,10,0.5540000000000002,0.9614275092936803,60.693333333333335
iris,150,4,pai,2,20,0.6980000000000001,0.9665048814504882,60.693333333333335
iris,150,4,pai,2,30,0.7742222222222223,0.9714619883040936,60.693333333333335
iris,150,4,pai,2,50,0.8427999999999999,0.9749297539149888,60.693333333333335
iris,150,4,pai,3,3,0.6222222222222222,0.9901149425287357,60.693333333333335
iris,150,4,pai,3,5,0.6826666666666668,0.988225352112676,60.693333333333335
iris,150,4,pai,3,10,0.7813333333333334,0.9866666666666667,60.693333333333335
iris,150,4,pai,3,20,0.8390000000000001,0.9857154811715482,60.693333333333335
iris,150,4,pai,3,30,0.8766666666666667,0.9883934077618288,60.693333333333335
iris,150,4,pai,3,50,0.9227999999999997,0.9920912751677853,60.693333333333335
iris,150,4,pai,4,3,1.0,0.9999693486590038,60.693333333333335
iris,150,4,pai,4,5,1.0,0.999981220657277,60.693333333333335
iris,150,4,pai,4,10,1.0,0.999995043370508,60.693333333333335
iris,150,4,pai,4,20,1.0,1.0,60.693333333333335
iris,150,4,pai,4,30,1.0,1.0,60.693333333333335
iris,150,4,pai,4,50,1.0,0.9999982102908277,60.693333333333335
iris,150,4,nrs,1,3,0.07555555555555554,0.8038314176245211,60.693333333333335
iris,150,4,nrs,1,5,0.13466666666666663,0.8299718309859155,60.693333333333335
iris,150,4,nrs,1,10,0.25066666666666665,0.8527980173482033,60.693333333333335
iris,150,4,nrs,1,20,0.44333333333333336,0.8851018131101813,60.693333333333335
iris,150,4,nrs,1,30,0.5633333333333334,0.9087527910685805,60.693333333333335
iris,150,4,nrs,1,50,0.7550666666666667,0.9379275167785235,60.693333333333335
iris,150,4,nrs,2,3,0.1288888888888889,0.8671877394636015,60.693333333333335
iris,150,4,nrs,2,5,0.176,0.873981220657277,60.693333333333335
iris,150,4,nrs,2,10,0.308,0.8902403965303594,60.693333333333335
iris,150,4,nrs,2,20,0.501,0.9149651324965132,60.693333333333335
iris,150,4,nrs,2,30,0.611111111111111,0.9294056353003721,60.693333333333335
iris,150,4,nrs,2,50,0.7825333333333335,0.9504089485458613,60.693333333333335
iris,150,4,nrs,3,3,0.27999999999999997,0.9305287356321839,60.693333333333335
iris,150,4,nrs,3,5,0.36666666666666664,0.9286009389671361,60.693333333333335
iris,150,4,nrs,3,10,0.5,0.9357967781908303,60.693333333333335
iris,150,4,nrs,3,20,0.6573333333333333,0.9508005578800558,60.693333333333335
iris,150,4,nrs,3,30,0.7424444444444445,0.9588771929824561,60.693333333333335
iris,150,4,nrs,3,50,0.8496,0.963896196868009,60.693333333333335
iris,150,4,nrs,4,3,1.0,0.9999693486590038,60.693333333333335
iris,150,4,nrs,4,5,1.0,0.999981220657277,60.693333333333335
iris,150,4,nrs,4,10,1.0,0.999995043370508,60.693333333333335
iris,150,4,nrs,4,20,1.0,1.0,60.693333333333335
iris,150,4,nrs,4,30,1.0,1.0,60.693333333333335
iris,150,4,nrs,4,50,1.0,0.9999982102908277,60.693333333333335
iris,150,4,relieff,1,3,0.07555555555555554,0.8038314176245211,60.693333333333335
iris,150,4,relieff,1,5,0.13466666666666663,0.8299718309859155,60.693333333333335
iris,150,4,relieff,1,10,0.25066666666666665,0.8527980173482033,60.693333333333335
iris,150,4,relieff,1,20,0.44333333333333336,0.8851018131101813,60.693333333333335
iris,150,4,relieff,1,30,0.5633333333333334,0.9087527910685805,60.693333333333335
iris,150,4,relieff,1,50,0.7550666666666667,0.9379275167785235,60.693333333333335
iris,150,4,relieff,2,3,0.1288888888888889,0.8671877394636015,60.693333333333335
iris,150,4,relieff,2,5,0.176,0.873981220657277,60.693333333333335
iris,150,4,relieff,2,10,0.308,0.8902403965303594,60.693333333333335
iris,150,4,relieff,2,20,0.501,0.9149651324965132,60.693333333333335
iris,150,4,relieff,2,30,0.611111111111111,0.9294056353003721,60.693333333333335
iris,150,4,relieff,2,50,0.7825333333333335,0.9504089485458613,60.693333333333335
iris,150,4,relieff,3,3,0.27999999999999997,0.9305287356321839,60.693333333333335
iris,150,4,relieff,3,5,0.36666666666666664,0.9286009389671361,60.693333333333335
iris,150,4,relieff,3,10,0.5,0.9357967781908303,60.693333333333335
iris,150,4,relieff,3,20,0.6573333333333333,0.9508005578800558,60.693333333333335
iris,150,4,relieff,3,30,0.7424444444444445,0.9588771929824561,60.693333333333335
iris,150,4,relieff,3,50,0.8496,0.963896196868009,60.693333333333335
iris,150,4,relieff,4,3,1.0,0.9999693486590038,60.693333333333335
iris,150,4,relieff,4,5,1.0,0.999981220657277,60.693333333333335
iris,150,4,relieff,4,10,1.0,0.999995043370508,60.693333333333335
iris,150,4,relieff,4,20,1.0,1.0,60.693333333333335
iris,150,4,relieff,4,30,1.0,1.0,60.693333333333335
iris,150,4,relieff,4,50,1.0,0.9999982102908277,60.693333333333335
iris,150,4,mutual_info,1,3,0.10444444444444442,0.8519080459770115,60.693333333333335
iris,150,4,mutual_info,1,5,0.15466666666666665,0.8512676056338029,60.693333333333335
iris,150,4,mutual_info,1,10,0.2633333333333333,0.8697397769516728,60.693333333333335
iris,150,4,mutual_info,1,20,0.45866666666666667,0.9025606694560669,60.693333333333335
iris,150,4,mutual_info,1,30,0.5953333333333334,0.9244997341839447,60.693333333333335
iris,150,4,mutual_info,1,50,0.7815999999999999,0.9519624161073825,60.693333333333335
iris,150,4,mutual_info,2,3,0.1288888888888889,0.8671877394636015,60.693333333333335
iris,150,4,mutual_info,2,5,0.176,0.873981220657277,60.693333333333335
iris,150,4,mutual_info,2,10,0.308,0.8902403965303594,60.693333333333335
iris,150,4,mutual_info,2,20,0.501,0.9149651324965132,60.693333333333335
iris,150,4,mutual_info,2,30,0.611111111111111,0.9294056353003721,60.693333333333335
iris,150,4,mutual_info,2,50,0.7825333333333335,0.9504089485458613,60.693333333333335
iris,150,4,mutual_info,3,3,0.27999999999999997,0.9305287356321839,60.693333333333335
iris,150,4,mutual_info,3,5,0.36666666666666664,0.9286009389671361,60.693333333333335
iris,150,4,mutual_info,3,10,0.5,0.9357967781908303,60.693333333333335
iris,150,4,mutual_info,3,20,0.6573333333333333,0.9508005578800558,60.693333333333335
iris,150,4,mutual_info,3,30,0.7424444444444445,0.9588771929824561,60.693333333333335
iris,150,4,mutual_info,3,50,0.8496,0.963896196868009,60.693333333333335
iris,150,4,mutual_info,4,3,1.0,0.9999693486590038,60.693333333333335
iris,150,4,mutual_info,4,5,1.0,0.999981220657277,60.693333333333335
iris,150,4,mutual_info,4,10,1.0,0.999995043370508,60.693333333333335
iris,150,4,mutual_info,4,20,1.0,1.0,60.693333333333335
iris,150,4,mutual_info,4,30,1.0,1.0,60.693333333333335
iris,150,4,mutual_info,4,50,1.0,0.9999982102908277,60.693333333333335
iris,150,4,variance,1,3,0.10444444444444442,0.8519080459770115,60.693333333333335
iris,150,4,variance,1,5,0.15466666666666665,0.8512676056338029,60.693333333333335
iris,150,4,variance,1,10,0.2633333333333333,0.8697397769516728,60.693333333333335
iris,150,4,variance,1,20,0.45866666666666667,0.9025606694560669,60.693333333333335
iris,150,4,variance,1,30,0.5953333333333334,0.9244997341839447,60.693333333333335
iris,150,4,variance,1,50,0.7815999999999999,0.9519624161073825,60.693333333333335
iris,150,4,variance,2,3,0.1288888888888889,0.8671877394636015,60.693333333333335
iris,150,4,variance,2,5,0.176,0.873981220657277,60.693333333333335
iris,150,4,variance,2,10,0.308,0.8902403965303594,60.693333333333335
iris,150,4,variance,2,20,0.501,0.9149651324965132,60.693333333333335
iris,150,4,variance,2,30,0.611111111111111,0.9294056353003721,60.693333333333335
iris,150,4,variance,2,50,0.7825333333333335,0.9504089485458613,60.693333333333335
iris,150,4,variance,3,3,0.27999999999999997,0.9305287356321839,60.693333333333335
iris,150,4,variance,3,5,0.36666666666666664,0.9286009389671361,60.693333333333335
iris,150,4,variance,3,10,0.5,0.9357967781908303,60.693333333333335
iris,150,4,variance,3,20,0.6573333333333333,0.9508005578800558,60.693333333333335
iris,150,4,variance,3,30,0.7424444444444445,0.9588771929824561,60.693333333333335
iris,150,4,variance,3,50,0.8496,0.963896196868009,60.693333333333335
iris,150,4,variance,4,3,1.0,0.9999693486590038,60.693333333333335
iris,150,4,variance,4,5,1.0,0.999981220657277,60.693333333333335
iris,150,4,variance,4,10,1.0,0.999995043370508,60.693333333333335
iris,150,4,variance,4,20,1.0,1.0,60.693333333333335
iris,150,4,variance,4,30,1.0,1.0,60.693333333333335
iris,150,4,variance,4,50,1.0,0.9999982102908277,60.693333333333335
wine,178,13,pai,1,3,0.056179775280898875,0.6369747353380528,2.449438202247191
wine,178,13,pai,1,5,0.07528089887640449,0.6361335095836087,2.449438202247191
wine,178,13,pai,1,10,0.12134831460674159,0.6489369057908383,2.449438202247191
wine,178,13,pai,1,20,0.225561797752809,0.6676975814130641,2.449438202247191
wine,178,13,pai,1,30,0.30786516853932583,0.6829015617270864,2.449438202247191
wine,178,13,pai,1,50,0.44617977528089897,0.6945639901342833,2.449438202247191
wine,178,13,pai,2,3,0.06367041198501872,0.6867571604858089,2.449438202247191
wine,178,13,pai,2,5,0.10674157303370786,0.6909781890284203,2.449438202247191
wine,178,13,pai,2,10,0.19438202247191008,0.7076577355229041,2.449438202247191
wine,178,13,pai,2,20,0.2834269662921349,0.7051799657208151,2.449438202247191
wine,178,13,pai,2,30,0.349625468164794,0.7097109744894354,2.449438202247191
wine,178,13,pai,2,50,0.4528089887640449,0.7134195670046588,2.449438202247191
wine,178,13,pai,3,3,0.12734082397003743,0.7824900954731442,2.449438202247191
wine,178,13,pai,3,5,0.16853932584269662,0.7803106411103767,2.449438202247191
wine,178,13,pai,3,10,0.252247191011236,0.7888815903197925,2.449438202247191
wine,178,13,pai,3,20,0.3612359550561798,0.7949952390020949,2.449438202247191
wine,178,13,pai,3,30,0.4355805243445693,0.7987661649353403,2.449438202247191
wine,178,13,pai,3,50,0.5353932584269663,0.8005480953685942,2.449438202247191
wine,178,13,pai,4,3,0.1853932584269663,0.8391786278712303,2.449438202247191
wine,178,13,pai,4,5,0.24269662921348317,0.835941837409121,2.449438202247191
wine,178,13,pai,4,10,0.31741573033707865,0.8329783923941227,2.449438202247191
wine,178,13,pai,4,20,0.4143258426966292,0.8304170634164921,2.449438202247191
wine,178,13,pai,4,30,0.48164794007490636,0.8310946222881775,2.449438202247191
wine,178,13,pai,4,50,0.5674157303370787,0.8265804329953412,2.449438202247191
wine,178,13,pai,5,3,0.23220973782771534,0.8826394752224459,2.449438202247191
wine,178,13,pai,5,5,0.2943820224719101,0.8821744877726372,2.449438202247191
wine,178,13,pai,5,10,0.3747191011235955,0.8792808988764045,2.449438202247191
wine,178,13,pai,5,20,0.5,0.8797543325080937,2.449438202247191
wine,178,13,pai,5,30,0.5795880149812734,0.8779817680729277,2.449438202247191
wine,178,13,pai,5,50,0.6648314606741573,0.8705322006029049,2.449438202247191
wine,178,13,pai,6,3,0.2340823970037453,0.8985624905284579,2.449438202247191
wine,178,13,pai,6,5,0.32359550561797756,0.8974025115664244,2.449438202247191
wine,178,13,pai,6,10,0.42471910112359545,0.8968331892826275,2.449438202247191
wine,178,13,pai,6,20,0.5320224719101123,0.8905656065511331,2.449438202247191
wine,178,13,pai,6,30,0.6073033707865169,0.8886481520740583,2.449438202247191
wine,178,13,pai,6,50,0.681685393258427,0.8808462592491093,2.449438202247191
wine,178,13,pai,7,3,0.3389513108614232,0.9391764629473274,2.449438202247191
wine,178,13,pai,7,5,0.38314606741573043,0.9324454725710509,2.449438202247191
wine,178,13,pai,7,10,0.5044943820224718,0.9270527225583405,2.449438202247191
wine,178,13,pai,7,20,0.6019662921348314,0.9157627118644067,2.449438202247191
wine,178,13,pai,7,30,0.6627340823970037,0.913249947000212,2.449438202247191
wine,178,13,pai,7,50,0.7230337078651686,0.9086686763496848,2.449438202247191
wine,178,13,pai,8,3,0.4194756554307116,0.9726353618670304,2.449438202247191
wine,178,13,pai,8,5,0.5000000000000001,0.96694646397885,2.449438202247191
wine,178,13,pai,8,10,0.6202247191011236,0.9638928262748487,2.449438202247191
wine,178,13,pai,8,20,0.7103932584269663,0.9607922300514188,2.449438202247191
wine,178,13,pai,8,30,0.7552434456928839,0.9582658469366122,2.449438202247191
wine,178,13,pai,8,50,0.7885393258426967,0.9489690326116744,2.449438202247191
wine,178,13,pai,9,3,0.49625468164794007,0.9843908986599121,2.449438202247191
wine,178,13,pai,9,5,0.5764044943820225,0.9851751487111698,2.449438202247191
wine,178,13,pai,9,10,0.6859550561797753,0.9823681936041486,2.449438202247191
wine,178,13,pai,9,20,0.7699438202247192,0.9794210626547324,2.449438202247191
wine,178,13,pai,9,30,0.8149812734082399,0.9778644618754858,2.449438202247191
wine,178,13,pai,9,50,0.8415730337078652,0.9739073718827076,2.449438202247191
wine,178,13,pai,10,3,0.5337078651685393,0.98560325604555,2.449438202247191
wine,178,13,pai,10,5,0.6314606741573032,0.985941837409121,2.449438202247191
wine,178,13,pai,10,10,0.7280898876404496,0.9858910976663786,2.449438202247191
wine,178,13,pai,10,20,0.8028089887640449,0.9857322414778138,2.449438202247191
wine,178,13,pai,10,30,0.852996254681648,0.9854088050314466,2.449438202247191
wine,178,13,pai,10,50,0.8805617977528091,0.9830342559605372,2.449438202247191
wine,178,13,pai,11,3,0.6797752808988764,0.9947500595354073,2.449438202247191
wine,178,13,pai,11,5,0.746067415730337,0.9943688037012558,2.449438202247191
wine,178,13,pai,11,10,0.8179775280898878,0.993362143474503,2.449438202247191
wine,178,13,pai,11,20,0.8716292134831461,0.9920567510950296,2.449438202247191
wine,178,13,pai,11,30,0.8979400749063671,0.9922111511553954,2.449438202247191
wine,178,13,pai,11,50,0.9189887640449438,0.9898953137845985,2.449438202247191
wine,178,13,pai,12,3,0.8707865168539326,0.9992747504925202,2.449438202247191
wine,178,13,pai,12,5,0.9089887640449439,0.9993654990085922,2.449438202247191
wine,178,13,pai,12,10,0.9353932584269663,0.998924805531547,2.449438202247191
wine,178,13,pai,12,20,0.9474719101123594,0.9986002666158826,2.449438202247191
wine,178,13,pai,12,30,0.9563670411985019,0.9982997668009328,2.449438202247191
wine,178,13,pai,12,50,0.9625842696629213,0.9974020279528638,2.449438202247191
wine,178,13,pai,13,3,1.0,1.0,2.449438202247191
wine,178,13,pai,13,5,1.0,1.0,2.449438202247191
wine,178,13,pai,13,10,1.0,1.0,2.449438202247191
wine,178,13,pai,13,20,1.0,1.0,2.449438202247191
wine,178,13,pai,13,30,1.0,1.0,2.449438202247191
wine,178,13,pai,13,50,1.0,1.0,2.449438202247191
wine,178,13,nrs,1,3,0.059925093632958795,0.6766361412396354,2.449438202247191
wine,178,13,nrs,1,5,0.09213483146067415,0.6757303370786516,2.449438202247191
wine,178,13,nrs,1,10,0.14606741573033707,0.6882489196197061,2.449438202247191
wine,178,13,nrs,1,20,0.24859550561797752,0.7013825937916587,2.449438202247191
wine,178,13,nrs,1,30,0.34962546816479395,0.7159706027842556,2.449438202247191
wine,178,13,nrs,1,50,0.4980898876404494,0.7207355439846533,2.449438202247191
wine,178,13,nrs,2,3,0.09925093632958801,0.7428611634301054,2.449438202247191
wine,178,13,nrs,2,5,0.10674157303370786,0.7433046926635822,2.449438202247191
wine,178,13,nrs,2,10,0.18595505617977529,0.7482973206568713,2.449438202247191
wine,178,13,nrs,2,20,0.31741573033707865,0.7689906684441059,2.449438202247191
wine,178,13,nrs,2,30,0.4234082397003745,0.7769090523637906,2.449438202247191
wine,178,13,nrs,2,50,0.5641573033707865,0.7771082488352974,2.449438202247191
wine,178,13,nrs,3,3,0.11048689138576778,0.8421229243792081,2.449438202247191
wine,178,13,nrs,3,5,0.1550561797752809,0.844943820224719,2.449438202247191
wine,178,13,nrs,3,10,0.2707865168539326,0.8584753673293,2.449438202247191
wine,178,13,nrs,3,20,0.43033707865168536,0.8716111216911064,2.449438202247191
wine,178,13,nrs,3,30,0.5410112359550561,0.8805299978800085,2.449438202247191
wine,178,13,nrs,3,50,0.6989887640449438,0.8904214853384489,2.449438202247191
wine,178,13,nrs,4,3,0.1591760299625468,0.884652854452166,2.449438202247191
wine,178,13,nrs,4,5,0.2101123595505618,0.8824454725710509,2.449438202247191
wine,178,13,nrs,4,10,0.3207865168539326,0.8846153846153846,2.449438202247191
wine,178,13,nrs,4,20,0.4730337078651686,0.8926509236335936,2.449438202247191
wine,178,13,nrs,4,30,0.5799625468164794,0.8979393682425271,2.449438202247191
wine,178,13,nrs,4,50,0.7106741573033708,0.8996985475472732,2.449438202247191
wine,178,13,nrs,5,3,0.15917602996254682,0.8958996341278604,2.449438202247191
wine,178,13,nrs,5,5,0.2269662921348315,0.8986979510905486,2.449438202247191
wine,178,13,nrs,5,10,0.3595505617977528,0.8994053586862576,2.449438202247191
wine,178,13,nrs,5,20,0.5073033707865169,0.9098552656636831,2.449438202247191
wine,178,13,nrs,5,30,0.6181647940074906,0.9200155466044803,2.449438202247191
wine,178,13,nrs,5,50,0.7419101123595506,0.9223151548369416,2.449438202247191
wine,178,13,nrs,6,3,0.15917602996254682,0.905295403866554,2.449438202247191
wine,178,13,nrs,6,5,0.2404494382022472,0.9001784534038334,2.449438202247191
wine,178,13,nrs,6,10,0.37359550561797755,0.9047847882454624,2.449438202247191
wine,178,13,nrs,6,20,0.5213483146067417,0.9149533422205294,2.449438202247191
wine,178,13,nrs,6,30,0.6316479400749064,0.9235050526464561,2.449438202247191
wine,178,13,nrs,6,50,0.7604494382022471,0.9292452726774458,2.449438202247191
wine,178,13,nrs,7,3,0.17415730337078653,0.9061613734277241,2.449438202247191
wine,178,13,nrs,7,5,0.253932584269663,0.9044547257105089,2.449438202247191
wine,178,13,nrs,7,10,0.3870786516853933,0.9086015557476231,2.449438202247191
wine,178,13,nrs,7,20,0.5362359550561798,0.9183069891449248,2.449438202247191
wine,178,13,nrs,7,30,0.6432584269662921,0.9257734435728924,2.449438202247191
wine,178,13,nrs,7,50,0.7668539325842697,0.9312710331597698,2.449438202247191
wine,178,13,nrs,8,3,0.21910112359550563,0.92225758264597,2.449438202247191
wine,178,13,nrs,8,5,0.30561797752808995,0.9230072703238599,2.449438202247191
wine,178,13,nrs,8,10,0.4252808988764045,0.9213033707865168,2.449438202247191
wine,178,13,nrs,8,20,0.5735955056179776,0.928876404494382,2.449438202247191
wine,178,13,nrs,8,30,0.6683520599250936,0.9338873577839022,2.449438202247191
wine,178,13,nrs,8,50,0.7913483146067416,0.9407245820772815,2.449438202247191
wine,178,13,nrs,9,3,0.3258426966292135,0.9618323915914355,2.449438202247191
wine,178,13,nrs,9,5,0.41123595505617977,0.9590416391275611,2.449438202247191
wine,178,13,nrs,9,10,0.5382022471910112,0.9575315471045808,2.449438202247191
wine,178,13,nrs,9,20,0.6643258426966292,0.9599790516092173,2.449438202247191
wine,178,13,nrs,9,30,0.7357677902621721,0.9626556427107625,2.449438202247191
wine,178,13,nrs,9,50,0.8355056179775279,0.9651082488352973,2.449438202247191
wine,178,13,nrs,10,3,0.3782771535580524,0.9700699270420645,2.449438202247191
wine,178,13,nrs,10,5,0.4730337078651686,0.9660541969596828,2.449438202247191
wine,178,13,nrs,10,10,0.5904494382022472,0.9653690579083838,2.449438202247191
wine,178,13,nrs,10,20,0.6988764044943819,0.9665720815082841,2.449438202247191
wine,178,13,nrs,10,30,0.7724719101123596,0.9710932089604974,2.449438202247191
wine,178,13,nrs,10,50,0.8630337078651685,0.9742833653055631,2.449438202247191
wine,178,13,nrs,11,3,0.4868913857677903,0.9790868350977463,2.449438202247191
wine,178,13,nrs,11,5,0.5528089887640449,0.9753668208856576,2.449438202247191
wine,178,13,nrs,11,10,0.6775280898876405,0.9778565254969749,2.449438202247191
wine,178,13,nrs,11,20,0.7786516853932586,0.9788021329270615,2.449438202247191
wine,178,13,nrs,11,30,0.8290262172284644,0.9800975196099215,2.449438202247191
wine,178,13,nrs,11,50,0.8948314606741573,0.9817265004110716,2.449438202247191
wine,178,13,nrs,12,3,0.6891385767790262,0.9927258556861727,2.449438202247191
wine,178,13,nrs,12,5,0.7370786516853932,0.9913747521480503,2.449438202247191
wine,178,13,nrs,12,10,0.8033707865168539,0.9897286084701815,2.449438202247191
wine,178,13,nrs,12,20,0.8662921348314606,0.9915844601028375,2.449438202247191
wine,178,13,nrs,12,30,0.8962546816479402,0.9921320048053142,2.449438202247191
wine,178,13,nrs,12,50,0.9342696629213484,0.992465881063305,2.449438202247191
wine,178,13,nrs,13,3,1.0,1.0,2.449438202247191
wine,178,13,nrs,13,5,1.0,1.0,2.449438202247191
wine,178,13,nrs,13,10,1.0,1.0,2.449438202247191
wine,178,13,nrs,13,20,1.0,1.0,2.449438202247191
wine,178,13,nrs,13,30,1.0,1.0,2.449438202247191
wine,178,13,nrs,13,50,1.0,1.0,2.449438202247191
wine,178,13,relieff,1,3,0.05992509363295879,0.681658764694421,2.449438202247191
wine,178,13,relieff,1,5,0.08202247191011236,0.7007402511566424,2.449438202247191
wine,178,13,relieff,1,10,0.150561797752809,0.7184373379429558,2.449438202247191
wine,178,13,relieff,1,20,0.25,0.7352732812797562,2.449438202247191
wine,178,13,relieff,1,30,0.3556179775280899,0.7519185923256307,2.449438202247191
wine,178,13,relieff,1,50,0.5062921348314607,0.7744762948753083,2.449438202247191
wine,178,13,relieff,2,3,0.06554307116104868,0.7782468446234114,2.449438202247191
wine,178,13,relieff,2,5,0.1146067415730337,0.7952808988764045,2.449438202247191
wine,178,13,relieff,2,10,0.21629213483146068,0.8023370786516854,2.449438202247191
wine,178,13,relieff,2,20,0.35842696629213483,0.815328508855456,2.449438202247191
wine,178,13,relieff,2,30,0.46235955056179784,0.8305490778036888,2.449438202247191
wine,178,13,relieff,2,50,0.601685393258427,0.8474946560701562,2.449438202247191
wine,178,13,relieff,3,3,0.11610486891385767,0.8389080123833648,2.449438202247191
wine,178,13,relieff,3,5,0.15617977528089888,0.840039656311963,2.449438202247191
wine,178,13,relieff,3,10,0.2533707865168539,0.8490924805531547,2.449438202247191
wine,178,13,relieff,3,20,0.41123595505617977,0.8618777375737955,2.449438202247191
wine,178,13,relieff,3,30,0.5312734082397004,0.8744272489576709,2.449438202247191
wine,178,13,relieff,3,50,0.6950561797752809,0.8871087969306659,2.449438202247191
wine,178,13,relieff,4,3,0.1254681647940075,0.8382585352124873,2.449438202247191
wine,178,13,relieff,4,5,0.15280898876404495,0.8441440846001322,2.449438202247191
wine,178,13,relieff,4,10,0.26853932584269663,0.8472497839239412,2.449438202247191
wine,178,13,relieff,4,20,0.43061797752808995,0.8701523519329651,2.449438202247191
wine,178,13,relieff,4,30,0.5417602996254682,0.880309518761925,2.449438202247191
wine,178,13,relieff,4,50,0.6967415730337079,0.8896673061112633,2.449438202247191
wine,178,13,relieff,5,3,0.1348314606741573,0.8677880972483817,2.449438202247191
wine,178,13,relieff,5,5,0.2,0.8684269662921349,2.449438202247191
wine,178,13,relieff,5,10,0.3039325842696629,0.8724874675885912,2.449438202247191
wine,178,13,relieff,5,20,0.4679775280898877,0.8909160159969529,2.449438202247191
wine,178,13,relieff,5,30,0.5803370786516855,0.9021595646950745,2.449438202247191
wine,178,13,relieff,5,50,0.7276404494382022,0.9117851466155111,2.449438202247191
wine,178,13,relieff,6,3,0.1797752808988764,0.8878136433504362,2.449438202247191
wine,178,13,relieff,6,5,0.23258426966292137,0.8896166556510244,2.449438202247191
wine,178,13,relieff,6,10,0.3539325842696629,0.8855177182368194,2.449438202247191
wine,178,13,relieff,6,20,0.49747191011235964,0.9024414397257665,2.449438202247191
wine,178,13,relieff,6,30,0.6088014981273407,0.9129927213624479,2.449438202247191
wine,178,13,relieff,6,50,0.7487640449438202,0.9152271855302823,2.449438202247191
wine,178,13,relieff,7,3,0.2041198501872659,0.9056417916910221,2.449438202247191
wine,178,13,relieff,7,5,0.2741573033707865,0.9041110376734963,2.449438202247191
wine,178,13,relieff,7,10,0.3882022471910112,0.9053863439930856,2.449438202247191
wine,178,13,relieff,7,20,0.5379213483146067,0.9130203770710341,2.449438202247191
wine,178,13,relieff,7,30,0.6348314606741573,0.9188410713023815,2.449438202247191
wine,178,13,relieff,7,50,0.7722471910112358,0.9252047136201699,2.449438202247191
wine,178,13,relieff,8,3,0.26029962546816476,0.9353553722586652,2.449438202247191
wine,178,13,relieff,8,5,0.3460674157303371,0.9365300727032386,2.449438202247191
wine,178,13,relieff,8,10,0.46011235955056184,0.9342610198789973,2.449438202247191
wine,178,13,relieff,8,20,0.5985955056179775,0.9367225290420872,2.449438202247191
wine,178,13,relieff,8,30,0.6812734082397004,0.9387393117094198,2.449438202247191
wine,178,13,relieff,8,50,0.7924719101123595,0.9359440942724034,2.449438202247191
wine,178,13,relieff,9,3,0.3389513108614232,0.9545690718971228,2.449438202247191
wine,178,13,relieff,9,5,0.3910112359550562,0.9517118307997356,2.449438202247191
wine,178,13,relieff,9,10,0.5202247191011236,0.9482765773552291,2.449438202247191
wine,178,13,relieff,9,20,0.6561797752808989,0.9479108741192154,2.449438202247191
wine,178,13,relieff,9,30,0.7234082397003745,0.9462016818599392,2.449438202247191
wine,178,13,relieff,9,50,0.8197752808988765,0.9438059742395177,2.449438202247191
wine,178,13,relieff,10,3,0.3838951310861423,0.9682189171050638,2.449438202247191
wine,178,13,relieff,10,5,0.4426966292134832,0.9662855254461336,2.449438202247191
wine,178,13,relieff,10,10,0.5691011235955057,0.9639481417458946,2.449438202247191
wine,178,13,relieff,10,20,0.7036516853932585,0.964675299942868,2.449438202247191
wine,178,13,relieff,10,30,0.7696629213483146,0.9628619885520457,2.449438202247191
wine,178,13,relieff,10,50,0.8435955056179777,0.9594694436832009,2.449438202247191
wine,178,13,relieff,11,3,0.449438202247191,0.9818471130739754,2.449438202247191
wine,178,13,relieff,11,5,0.5247191011235954,0.9793654990085922,2.449438202247191
wine,178,13,relieff,11,10,0.6589887640449439,0.9790527225583405,2.449438202247191
wine,178,13,relieff,11,20,0.7674157303370788,0.9784269662921349,2.449438202247191
wine,178,13,relieff,11,30,0.8172284644194758,0.9777429156950039,2.449438202247191
wine,178,13,relieff,11,50,0.8831460674157303,0.9774546451082489,2.449438202247191
wine,178,13,relieff,12,3,0.6254681647940075,0.9905176333051893,2.449438202247191
wine,178,13,relieff,12,5,0.6921348314606741,0.9902709847984138,2.449438202247191
wine,178,13,relieff,12,10,0.7747191011235954,0.9890613656006915,2.449438202247191
wine,178,13,relieff,12,20,0.8426966292134831,0.9892820415159017,2.449438202247191
wine,178,13,relieff,12,30,0.8794007490636706,0.988933644265423,2.449438202247191
wine,178,13,relieff,12,50,0.9237078651685394,0.9899303918881885,2.449438202247191
wine,178,13,relieff,13,3,1.0,1.0,2.449438202247191
wine,178,13,relieff,13,5,1.0,1.0,2.449438202247191
wine,178,13,relieff,13,10,1.0,1.0,2.449438202247191
wine,178,13,relieff,13,20,1.0,1.0,2.449438202247191
wine,178,13,relieff,13,30,1.0,1.0,2.449438202247191
wine,178,13,relieff,13,50,1.0,1.0,2.449438202247191
wine,178,13,mutual_info,1,3,0.06179775280898876,0.752462600939577,2.449438202247191
wine,178,13,mutual_info,1,5,0.08764044943820226,0.7634236615994713,2.449438202247191
wine,178,13,mutual_info,1,10,0.1853932584269663,0.7741158167675022,2.449438202247191
wine,178,13,mutual_info,1,20,0.33117977528089887,0.7996553037516664,2.449438202247191
wine,178,13,mutual_info,1,30,0.453370786516854,0.8171577980354745,2.449438202247191
wine,178,13,mutual_info,1,50,0.6038202247191011,0.8364351877226637,2.449438202247191
wine,178,13,mutual_info,2,3,0.08801498127340823,0.8112078110454417,2.449438202247191
wine,178,13,mutual_info,2,5,0.13707865168539324,0.813013879709187,2.449438202247191
wine,178,13,mutual_info,2,10,0.2314606741573034,0.8216456352636128,2.449438202247191
wine,178,13,mutual_info,2,20,0.3879213483146068,0.8426147400495144,2.449438202247191
wine,178,13,mutual_info,2,30,0.5073033707865169,0.8541558900431065,2.449438202247191
wine,178,13,mutual_info,2,50,0.6635955056179775,0.860110715264456,2.449438202247191
wine,178,13,mutual_info,3,3,0.12921348314606743,0.8667705830140071,2.449438202247191
wine,178,13,mutual_info,3,5,0.1842696629213483,0.8714672835426305,2.449438202247191
wine,178,13,mutual_info,3,10,0.298876404494382,0.8793742437337942,2.449438202247191
wine,178,13,mutual_info,3,20,0.4514044943820225,0.8904913349838126,2.449438202247191
wine,178,13,mutual_info,3,30,0.5666666666666668,0.8982432336937319,2.449438202247191
wine,178,13,mutual_info,3,50,0.7140449438202247,0.9049032611674431,2.449438202247191
wine,178,13,mutual_info,4,3,0.12734082397003743,0.8725401052153017,2.449438202247191
wine,178,13,mutual_info,4,5,0.17415730337078653,0.8661004626569729,2.449438202247191
wine,178,13,mutual_info,4,10,0.29438202247191014,0.8734485738980121,2.449438202247191
wine,178,13,mutual_info,4,20,0.45112359550561804,0.8874214435345649,2.449438202247191
wine,178,13,mutual_info,4,30,0.5705992509363296,0.8990050173132641,2.449438202247191
wine,178,13,mutual_info,4,50,0.7232584269662922,0.9102526719649219,2.449438202247191
wine,178,13,mutual_info,5,3,0.1404494382022472,0.8816544348466151,2.449438202247191
wine,178,13,mutual_info,5,5,0.2247191011235955,0.8861004626569728,2.449438202247191
wine,178,13,mutual_info,5,10,0.3393258426966292,0.8827035436473638,2.449438202247191
wine,178,13,mutual_info,5,20,0.4870786516853933,0.8986155018091793,2.449438202247191
wine,178,13,mutual_info,5,30,0.5956928838951311,0.9086679386615787,2.449438202247191
wine,178,13,mutual_info,5,50,0.7442696629213482,0.9164373801041381,2.449438202247191
wine,178,13,mutual_info,6,3,0.1853932584269663,0.9019505964365353,2.449438202247191
wine,178,13,mutual_info,6,5,0.25505617977528094,0.9015333773959022,2.449438202247191
wine,178,13,mutual_info,6,10,0.37247191011235947,0.9014589455488332,2.449438202247191
wine,178,13,mutual_info,6,20,0.5221910112359551,0.9106627309083984,2.449438202247191
wine,178,13,mutual_info,6,30,0.6211610486891386,0.9166758532965869,2.449438202247191
wine,178,13,mutual_info,6,50,0.761685393258427,0.9213461222252672,2.449438202247191
wine,178,13,mutual_info,7,3,0.2041198501872659,0.9056417916910221,2.449438202247191
wine,178,13,mutual_info,7,5,0.2741573033707865,0.9041110376734963,2.449438202247191
wine,178,13,mutual_info,7,10,0.3882022471910112,0.9053863439930856,2.449438202247191
wine,178,13,mutual_info,7,20,0.5379213483146067,0.9130203770710341,2.449438202247191
wine,178,13,mutual_info,7,30,0.6348314606741573,0.9188410713023815,2.449438202247191
wine,178,13,mutual_info,7,50,0.7722471910112358,0.9252047136201699,2.449438202247191
wine,178,13,mutual_info,8,3,0.21910112359550563,0.92225758264597,2.449438202247191
wine,178,13,mutual_info,8,5,0.30561797752808995,0.9230072703238599,2.449438202247191
wine,178,13,mutual_info,8,10,0.4252808988764045,0.9213033707865168,2.449438202247191
wine,178,13,mutual_info,8,20,0.5735955056179776,0.928876404494382,2.449438202247191
wine,178,13,mutual_info,8,30,0.6683520599250936,0.9338873577839022,2.449438202247191
wine,178,13,mutual_info,8,50,0.7913483146067416,0.9407245820772815,2.449438202247191
wine,178,13,mutual_info,9,3,0.2940074906367041,0.9421640579333637,2.449438202247191
wine,178,13,mutual_info,9,5,0.3651685393258427,0.9401057501652347,2.449438202247191
wine,178,13,mutual_info,9,10,0.49044943820224723,0.9367709593777009,2.449438202247191
wine,178,13,mutual_info,9,20,0.6264044943820225,0.9428413635498001,2.449438202247191
wine,178,13,mutual_info,9,30,0.7174157303370786,0.9465550137799449,2.449438202247191
wine,178,13,mutual_info,9,50,0.8146067415730337,0.9464719101123595,2.449438202247191
wine,178,13,mutual_info,10,3,0.3539325842696629,0.9648199865774718,2.449438202247191
wine,178,13,mutual_info,10,5,0.4179775280898877,0.9608129543952413,2.449438202247191
wine,178,13,mutual_info,10,10,0.5825842696629213,0.9627450302506482,2.449438202247191
wine,178,13,mutual_info,10,20,0.7002808988764044,0.9648828794515331,2.449438202247191
wine,178,13,mutual_info,10,30,0.7670411985018725,0.9660122959508162,2.449438202247191
wine,178,13,mutual_info,10,50,0.8513483146067415,0.9670704302548644,2.449438202247191
wine,178,13,mutual_info,11,3,0.47565543071161054,0.9783399363512373,2.449438202247191
wine,178,13,mutual_info,11,5,0.548314606741573,0.9767746199603436,2.449438202247191
wine,178,13,mutual_info,11,10,0.6679775280898876,0.9777839239412273,2.449438202247191
wine,178,13,mutual_info,11,20,0.7665730337078651,0.9810226623500286,2.449438202247191
wine,178,13,mutual_info,11,30,0.8209737827715357,0.9818797258144301,2.449438202247191
wine,178,13,mutual_info,11,50,0.8885393258426966,0.9827349958892847,2.449438202247191
wine,178,13,mutual_info,12,3,0.6254681647940075,0.9905176333051893,2.449438202247191
wine,178,13,mutual_info,12,5,0.6921348314606741,0.9902709847984138,2.449438202247191
wine,178,13,mutual_info,12,10,0.7747191011235954,0.9890613656006915,2.449438202247191
wine,178,13,mutual_info,12,20,0.8426966292134831,0.9892820415159017,2.449438202247191
wine,178,13,mutual_info,12,30,0.8794007490636706,0.988933644265423,2.449438202247191
wine,178,13,mutual_info,12,50,0.9237078651685394,0.9899303918881885,2.449438202247191
wine,178,13,mutual_info,13,3,1.0,1.0,2.449438202247191
wine,178,13,mutual_info,13,5,1.0,1.0,2.449438202247191
wine,178,13,mutual_info,13,10,1.0,1.0,2.449438202247191
wine,178,13,mutual_info,13,20,1.0,1.0,2.449438202247191
wine,178,13,mutual_info,13,30,1.0,1.0,2.449438202247191
wine,178,13,mutual_info,13,50,1.0,1.0,2.449438202247191
wine,178,13,variance,1,3,0.02434456928838951,0.5983957913879328,2.449438202247191
wine,178,13,variance,1,5,0.06179775280898876,0.6107865168539326,2.449438202247191
wine,178,13,variance,1,10,0.11292134831460675,0.6359273984442524,2.449438202247191
wine,178,13,variance,1,20,0.2073033707865169,0.6554884783850695,2.449438202247191
wine,178,13,variance,1,30,0.29213483146067415,0.6668503992650696,2.449438202247191
wine,178,13,variance,1,50,0.4179775280898877,0.6872874760208276,2.449438202247191
wine,178,13,variance,2,3,0.06179775280898876,0.742125089303111,2.449438202247191
wine,178,13,variance,2,5,0.09550561797752809,0.7414077990746861,2.449438202247191
wine,178,13,variance,2,10,0.18595505617977529,0.7482627484874675,2.449438202247191
wine,178,13,variance,2,20,0.2929775280898877,0.758076556846315,2.449438202247191
wine,178,13,variance,2,30,0.37977528089887636,0.7648024874567169,2.449438202247191
wine,178,13,variance,2,50,0.4935955056179776,0.7751668950397369,2.449438202247191
wine,178,13,variance,3,3,0.10861423220973782,0.8338420904505206,2.449438202247191
wine,178,13,variance,3,5,0.16179775280898878,0.8298149372108394,2.449438202247191
wine,178,13,variance,3,10,0.2679775280898877,0.8322108902333621,2.449438202247191
wine,178,13,variance,3,20,0.37977528089887636,0.8359322033898305,2.449438202247191
wine,178,13,variance,3,30,0.47172284644194756,0.84250158999364,2.449438202247191
wine,178,13,variance,3,50,0.5931460674157304,0.8528396821046862,2.449438202247191
wine,178,13,variance,4,3,0.15168539325842698,0.8735467948301617,2.449438202247191
wine,178,13,variance,4,5,0.2280898876404494,0.8695902181097158,2.449438202247191
wine,178,13,variance,4,10,0.32865168539325845,0.8711633535004322,2.449438202247191
wine,178,13,variance,4,20,0.4384831460674158,0.8681870119977148,2.449438202247191
wine,178,13,variance,4,30,0.5215355805243447,0.8707865168539326,2.449438202247191
wine,178,13,variance,4,50,0.6282022471910111,0.87431186626473,2.449438202247191
wine,178,13,variance,5,3,0.2303370786516854,0.9120824403022234,2.449438202247191
wine,178,13,variance,5,5,0.2955056179775281,0.9162392597488433,2.449438202247191
wine,178,13,variance,5,10,0.3865168539325843,0.9065963699222126,2.449438202247191
wine,178,13,variance,5,20,0.4983146067415731,0.9051990097124357,2.449438202247191
wine,178,13,variance,5,30,0.5790262172284644,0.9082609002897322,2.449438202247191
wine,178,13,variance,5,50,0.683932584269663,0.9113938065223349,2.449438202247191
wine,178,13,variance,6,3,0.21910112359550563,0.9301595548916456,2.449438202247191
wine,178,13,variance,6,5,0.32134831460674157,0.92738929279577,2.449438202247191
wine,178,13,variance,6,10,0.42247191011235946,0.9244459809853068,2.449438202247191
wine,178,13,variance,6,20,0.531741573033708,0.9225404684821938,2.449438202247191
wine,178,13,variance,6,30,0.6170411985018727,0.9257056038442513,2.449438202247191
wine,178,13,variance,6,50,0.7193258426966294,0.9281841600438476,2.449438202247191
wine,178,13,variance,7,3,0.2453183520599251,0.9494706761057349,2.449438202247191
wine,178,13,variance,7,5,0.3617977528089888,0.9470522141440846,2.449438202247191
wine,178,13,variance,7,10,0.47303370786516846,0.9430077787381158,2.449438202247191
wine,178,13,variance,7,20,0.5912921348314607,0.9432603313654542,2.449438202247191
wine,178,13,variance,7,30,0.6711610486891386,0.9471019715921136,2.449438202247191
wine,178,13,variance,7,50,0.7643820224719101,0.9506538777747328,2.449438202247191
wine,178,13,variance,8,3,0.2790262172284644,0.9531618713602217,2.449438202247191
wine,178,13,variance,8,5,0.39438202247191023,0.9489028420356906,2.449438202247191
wine,178,13,variance,8,10,0.49157303370786515,0.9439135695764909,2.449438202247191
wine,178,13,variance,8,20,0.6073033707865169,0.9471357836602552,2.449438202247191
wine,178,13,variance,8,30,0.6885767790262172,0.9504868913857678,2.449438202247191
wine,178,13,variance,8,50,0.7801123595505619,0.9538679090161688,2.449438202247191
wine,178,13,variance,9,3,0.3464419475655431,0.9658916239094196,2.449438202247191
wine,178,13,variance,9,5,0.45168539325842694,0.9611500330469266,2.449438202247191
wine,178,13,variance,9,10,0.5528089887640449,0.9580743301642178,2.449438202247191
wine,178,13,variance,9,20,0.6592696629213483,0.9600114263949724,2.449438202247191
wine,178,13,variance,9,30,0.7329588014981272,0.9621609780227546,2.449438202247191
wine,178,13,variance,9,50,0.8146067415730337,0.9661474376541518,2.449438202247191
wine,178,13,variance,10,3,0.4044943820224719,0.9736420514818904,2.449438202247191
wine,178,13,variance,10,5,0.5,0.9689887640449438,2.449438202247191
wine,178,13,variance,10,10,0.6123595505617978,0.9653483146067415,2.449438202247191
wine,178,13,variance,10,20,0.7056179775280899,0.9673452675680823,2.449438202247191
wine,178,13,variance,10,30,0.7642322097378279,0.9673365839869974,2.449438202247191
wine,178,13,variance,10,50,0.8241573033707866,0.9697363661277062,2.449438202247191
wine,178,13,variance,11,3,0.48501872659176026,0.9798120846052262,2.449438202247191
wine,178,13,variance,11,5,0.601123595505618,0.9784203569068076,2.449438202247191
wine,178,13,variance,11,10,0.6910112359550562,0.9789939498703544,2.449438202247191
wine,178,13,variance,11,20,0.776685393258427,0.9796210245667492,2.449438202247191
wine,178,13,variance,11,30,0.8284644194756554,0.9814401809059431,2.449438202247191
wine,178,13,variance,11,50,0.8804494382022472,0.9835012332145794,2.449438202247191
wine,178,13,variance,12,3,0.6348314606741573,0.9874001428849776,2.449438202247191
wine,178,13,variance,12,5,0.7191011235955056,0.9879180436219431,2.449438202247191
wine,178,13,variance,12,10,0.7904494382022471,0.9865272255834053,2.449438202247191
wine,178,13,variance,12,20,0.8446629213483148,0.9862635688440297,2.449438202247191
wine,178,13,variance,12,30,0.8797752808988766,0.9877789555508445,2.449438202247191
wine,178,13,variance,12,50,0.9223595505617977,0.9890512469169636,2.449438202247191
wine,178,13,variance,13,3,1.0,1.0,2.449438202247191
wine,178,13,variance,13,5,1.0,1.0,2.449438202247191
wine,178,13,variance,13,10,1.0,1.0,2.449438202247191
wine,178,13,variance,13,20,1.0,1.0,2.449438202247191
wine,178,13,variance,13,30,1.0,1.0,2.449438202247191
wine,178,13,variance,13,50,1.0,1.0,2.449438202247191
wdbc,569,30,pai,1,3,0.014645577035735206,0.5742042569810584,2.5448154657293496
wdbc,569,30,pai,1,5,0.023198594024604568,0.567758427863876,2.5448154657293496
wdbc,569,30,pai,1,10,0.03954305799648507,0.5762924225610153,2.5448154657293496
wdbc,569,30,pai,1,20,0.07398945518453426,0.5882324624314432,2.5448154657293496
wdbc,569,30,pai,1,30,0.10515524311657878,0.5954607943358126,2.5448154657293496
wdbc,569,30,pai,1,50,0.15630931458699474,0.602287024820024,2.5448154657293496
wdbc,569,30,pai,2,3,0.033391915641476276,0.6623394699339806,2.5448154657293496
wdbc,569,30,pai,2,5,0.04639718804920914,0.6645508115372687,2.5448154657293496
wdbc,569,30,pai,2,10,0.08154657293497365,0.6645183311821401,2.5448154657293496
wdbc,569,30,pai,2,20,0.12873462214411246,0.667759822327529,2.5448154657293496
wdbc,569,30,pai,2,30,0.16508494434680726,0.6702801935286413,2.5448154657293496
wdbc,569,30,pai,2,50,0.2244288224956063,0.6750473199039179,2.5448154657293496
wdbc,569,30,pai,3,3,0.05916813122437022,0.7397335543672903,2.5448154657293496
wdbc,569,30,pai,3,5,0.0780316344463972,0.7405273660830365,2.5448154657293496
wdbc,569,30,pai,3,10,0.1304042179261863,0.7413198959171783,2.5448154657293496
wdbc,569,30,pai,3,20,0.18840070298769773,0.7342295284205785,2.5448154657293496
wdbc,569,30,pai,3,30,0.23673110720562388,0.7356583851313961,2.5448154657293496
wdbc,569,30,pai,3,50,0.30460456942003517,0.7379526818766994,2.5448154657293496
wdbc,569,30,pai,4,3,0.0779144698301113,0.7902265182581527,2.5448154657293496
wdbc,569,30,pai,4,5,0.11107205623901582,0.7828049960997341,2.5448154657293496
wdbc,569,30,pai,4,10,0.17205623901581724,0.7719846384169758,2.5448154657293496
wdbc,569,30,pai,4,20,0.2415641476274165,0.7748331056945593,2.5448154657293496
wdbc,569,30,pai,4,30,0.28605741066198004,0.7740718173216751,2.5448154657293496
wdbc,569,30,pai,4,50,0.3508611599297012,0.774017588937381,2.5448154657293496
wdbc,569,30,pai,5,3,0.1195079086115993,0.8662817268901104,2.5448154657293496
wdbc,569,30,pai,5,5,0.16590509666080844,0.8593460710694247,2.5448154657293496
wdbc,569,30,pai,5,10,0.23128295254833045,0.8527990118799841,2.5448154657293496
wdbc,569,30,pai,5,20,0.306414762741652,0.847939420345195,2.5448154657293496
wdbc,569,30,pai,5,30,0.36157000585823085,0.8436407421768559,2.5448154657293496
wdbc,569,30,pai,5,50,0.42984182776801405,0.8418394488633429,2.5448154657293496
wdbc,569,30,pai,6,3,0.1259519625073228,0.8710638713349703,2.5448154657293496
wdbc,569,30,pai,6,5,0.16906854130052726,0.8611455190799758,2.5448154657293496
wdbc,569,30,pai,6,10,0.23216168717047456,0.8520645897730214,2.5448154657293496
wdbc,569,30,pai,6,20,0.3147627416520211,0.8479501903517059,2.5448154657293496
wdbc,569,30,pai,6,30,0.36666666666666664,0.8445244565749549,2.5448154657293496
wdbc,569,30,pai,6,50,0.43149384885764497,0.8412865315890407,2.5448154657293496
wdbc,569,30,pai,7,3,0.15172817809021674,0.8832425515295799,2.5448154657293496
wdbc,569,30,pai,7,5,0.1961335676625659,0.8792709478742767,2.5448154657293496
wdbc,569,30,pai,7,10,0.26449912126537783,0.8703997409042632,2.5448154657293496
wdbc,569,30,pai,7,20,0.34876977152899824,0.8641858119850591,2.5448154657293496
wdbc,569,30,pai,7,30,0.39994141769185704,0.8597084089392014,2.5448154657293496
wdbc,569,30,pai,7,50,0.45919156414762746,0.852723151407667,2.5448154657293496
wdbc,569,30,pai,8,3,0.16813122437024017,0.8886593376459884,2.5448154657293496
wdbc,569,30,pai,8,5,0.20984182776801405,0.8843798263833413,2.5448154657293496
wdbc,569,30,pai,8,10,0.2854130052724078,0.8745643238506199,2.5448154657293496
wdbc,569,30,pai,8,20,0.3614235500878734,0.868153743474763,2.5448154657293496
wdbc,569,30,pai,8,30,0.4112478031634446,0.8632011902224057,2.5448154657293496
wdbc,569,30,pai,8,50,0.47033391915641476,0.8561326061292407,2.5448154657293496
wdbc,569,30,pai,9,3,0.18512009373169303,0.893976409195345,2.5448154657293496
wdbc,569,30,pai,9,5,0.2390158172231986,0.8905256430739734,2.5448154657293496
wdbc,569,30,pai,9,10,0.31388400702987695,0.876217964288606,2.5448154657293496
wdbc,569,30,pai,9,20,0.391652021089631,0.8710618084146388,2.5448154657293496
wdbc,569,30,pai,9,30,0.43667252489748093,0.8647695398854875,2.5448154657293496
wdbc,569,30,pai,9,50,0.4936379613356766,0.858176754753803,2.5448154657293496
wdbc,569,30,pai,10,3,0.18043350908025774,0.8956632472879715,2.5448154657293496
wdbc,569,30,pai,10,5,0.23128295254833045,0.8892869561948441,2.5448154657293496
wdbc,569,30,pai,10,10,0.3163444639718805,0.8771927484945616,2.5448154657293496
wdbc,569,30,pai,10,20,0.39332161687170475,0.870620564511523,2.5448154657293496
wdbc,569,30,pai,10,30,0.44171060339777385,0.8635416054685774,2.5448154657293496
wdbc,569,30,pai,10,50,0.49486818980667846,0.8572233410434061,2.5448154657293496
wdbc,569,30,pai,11,3,0.23022847100175747,0.9159915159522534,2.5448154657293496
wdbc,569,30,pai,11,5,0.28822495606326887,0.9107399854014141,2.5448154657293496
wdbc,569,30,pai,11,10,0.378207381370826,0.901033684033384,2.5448154657293496
wdbc,569,30,pai,11,20,0.4539543057996484,0.8918136527782538,2.5448154657293496
wdbc,569,30,pai,11,30,0.49238429994141775,0.8844603573464844,2.5448154657293496
wdbc,569,30,pai,11,50,0.5409841827768014,0.8754197538118564,2.5448154657293496
wdbc,569,30,pai,12,3,0.2565905096660808,0.9352312339262195,2.5448154657293496
wdbc,569,30,pai,12,5,0.3279437609841828,0.9260233890648446,2.5448154657293496
wdbc,569,30,pai,12,10,0.4100175746924429,0.9150508904034559,2.5448154657293496
wdbc,569,30,pai,12,20,0.4789103690685413,0.9037027608748509,2.5448154657293496
wdbc,569,30,pai,12,30,0.520679554774458,0.8966810632549047,2.5448154657293496
wdbc,569,30,pai,12,50,0.5675922671353252,0.886553882368862,2.5448154657293496
wdbc,569,30,pai,13,3,0.30052724077328646,0.9483364286396856,2.5448154657293496
wdbc,569,30,pai,13,5,0.3753954305799649,0.944737773684326,2.5448154657293496
wdbc,569,30,pai,13,10,0.4616871704745167,0.9371111777901611,2.5448154657293496
wdbc,569,30,pai,13,20,0.5340949033391915,0.9289590788707158,2.5448154657293496
wdbc,569,30,pai,13,30,0.5728178090216755,0.9218040888996317,2.5448154657293496
wdbc,569,30,pai,13,50,0.6168014059753955,0.9135431256599412,2.5448154657293496
wdbc,569,30,pai,14,3,0.322788517867604,0.9506298636818773,2.5448154657293496
wdbc,569,30,pai,14,5,0.3989455184534271,0.9485484431829929,2.5448154657293496
wdbc,569,30,pai,14,10,0.4882249560632688,0.9419203248857327,2.5448154657293496
wdbc,569,30,pai,14,20,0.5557117750439368,0.93156427817295,2.5448154657293496
wdbc,569,30,pai,14,30,0.5937902753368483,0.9257227809083224,2.5448154657293496
wdbc,569,30,pai,14,50,0.6358523725834797,0.9189113306018665,2.5448154657293496
wdbc,569,30,pai,15,3,0.34797891036906853,0.9503369521411625,2.5448154657293496
wdbc,569,30,pai,15,5,0.4228471001757469,0.9481455723366196,2.5448154657293496
wdbc,569,30,pai,15,10,0.5057996485061511,0.9420927378576657,2.5448154657293496
wdbc,569,30,pai,15,20,0.570298769771529,0.9321812690004945,2.5448154657293496
wdbc,569,30,pai,15,30,0.6052724077328646,0.926896329457501,2.5448154657293496
wdbc,569,30,pai,15,50,0.6470298769771529,0.9193180235860563,2.5448154657293496
wdbc,569,30,pai,16,3,0.35383714118336257,0.9482315206055998,2.5448154657293496
wdbc,569,30,pai,16,5,0.4355008787346222,0.9473360713513717,2.5448154657293496
wdbc,569,30,pai,16,10,0.5209138840070299,0.9418869853607733,2.5448154657293496
wdbc,569,30,pai,16,20,0.5822495606326888,0.9315688472666213,2.5448154657293496
wdbc,569,30,pai,16,30,0.6147627416520212,0.9257180808950616,2.5448154657293496
wdbc,569,30,pai,16,50,0.655817223198594,0.9192373260114352,2.5448154657293496
wdbc,569,30,pai,17,3,0.42823667252489744,0.9813346794799885,2.5448154657293496
wdbc,569,30,pai,17,5,0.5117750439367311,0.9797900435138107,2.5448154657293496
wdbc,569,30,pai,17,10,0.5878734622144113,0.9727651008203111,2.5448154657293496
wdbc,569,30,pai,17,20,0.6459578207381371,0.9652915326535174,2.5448154657293496
wdbc,569,30,pai,17,30,0.6775629759812536,0.9602057710567589,2.5448154657293496
wdbc,569,30,pai,17,50,0.7094200351493848,0.9526994691979922,2.5448154657293496
wdbc,569,30,pai,18,3,0.5231400117164615,0.995169036965021,2.5448154657293496
wdbc,569,30,pai,18,5,0.6098418277680141,0.994054052360679,2.5448154657293496
wdbc,569,30,pai,18,10,0.6789103690685413,0.9924157343506651,2.5448154657293496
wdbc,569,30,pai,18,20,0.7315465729349736,0.9886387854043567,2.5448154657293496
wdbc,569,30,pai,18,30,0.7548330404217927,0.9859390150898402,2.5448154657293496
wdbc,569,30,pai,18,50,0.7855536028119509,0.9815512381522179,2.5448154657293496
wdbc,569,30,pai,19,3,0.5383714118336262,0.9952594032914117,2.5448154657293496
wdbc,569,30,pai,19,5,0.6175746924428822,0.9942069302557258,2.5448154657293496
wdbc,569,30,pai,19,10,0.6892794376098419,0.9921798175216667,2.5448154657293496
wdbc,569,30,pai,19,20,0.7405096660808437,0.9886484131374498,2.5448154657293496
wdbc,569,30,pai,19,30,0.7623901581722319,0.9858874268490495,2.5448154657293496
wdbc,569,30,pai,19,50,0.7897363796133567,0.981064631065005,2.5448154657293496
wdbc,569,30,pai,20,3,0.588166373755126,0.9964113142795414,2.5448154657293496
wdbc,569,30,pai,20,5,0.6456942003514938,0.995579072018646,2.5448154657293496
wdbc,569,30,pai,20,10,0.7200351493848858,0.9939249035138271,2.5448154657293496
wdbc,569,30,pai,20,20,0.7652899824253074,0.9912878806422187,2.5448154657293496
wdbc,569,30,pai,20,30,0.7913884007029878,0.9890739239347616,2.5448154657293496
wdbc,569,30,pai,20,50,0.8142003514938488,0.9852064180568836,2.5448154657293496
wdbc,569,30,pai,21,3,0.6537785588752196,0.9983038136667124,2.5448154657293496
wdbc,569,30,pai,21,5,0.7138840070298769,0.9975126014617383,2.5448154657293496
wdbc,569,30,pai,21,10,0.777328646748682,0.9969778514422519,2.5448154657293496
wdbc,569,30,pai,21,20,0.8200351493848858,0.9954992795518371,2.5448154657293496
wdbc,569,30,pai,21,30,0.8392501464557703,0.9946960350352417,2.5448154657293496
wdbc,569,30,pai,21,50,0.8594376098418277,0.9929310206676246,2.5448154657293496
wdbc,569,30,pai,22,3,0.6795547744581136,0.9983806769788148,2.5448154657293496
wdbc,569,30,pai,22,5,0.7297012302284709,0.9978302616780855,2.5448154657293496
wdbc,569,30,pai,22,10,0.791212653778559,0.9972045602119759,2.5448154657293496
wdbc,569,30,pai,22,20,0.830579964850615,0.9959351384516973,2.5448154657293496
wdbc,569,30,pai,22,30,0.8466315172817809,0.9949164880381864,2.5448154657293496
wdbc,569,30,pai,22,50,0.8671353251318101,0.9933281695432539,2.5448154657293496
wdbc,569,30,pai,23,3,0.7135325131810193,0.9988730176536331,2.5448154657293496
wdbc,569,30,pai,23,5,0.7613356766256589,0.9984311219295195,2.5448154657293496
wdbc,569,30,pai,23,10,0.8123022847100176,0.9977929234476879,2.5448154657293496
wdbc,569,30,pai,23,20,0.8465729349736381,0.9968345971772792,2.5448154657293496
wdbc,569,30,pai,23,30,0.8639718804920914,0.9961663558503135,2.5448154657293496
wdbc,569,30,pai,23,50,0.8798242530755712,0.9947476776299272,2.5448154657293496
wdbc,569,30,pai,24,3,0.760398359695372,0.999293688483383,2.5448154657293496
wdbc,569,30,pai,24,5,0.8077328646748683,0.9990294759859528,2.5448154657293496
wdbc,569,30,pai,24,10,0.8493848857644992,0.9987010286037248,2.5448154657293496
wdbc,569,30,pai,24,20,0.8807557117750439,0.9982175639224363,2.5448154657293496
wdbc,569,30,pai,24,30,0.8928529584065613,0.9978592558648053,2.5448154657293496
wdbc,569,30,pai,24,50,0.9079789103690685,0.9971560693229915,2.5448154657293496
wdbc,569,30,pai,25,3,0.8189806678383128,0.9995544005284872,2.5448154657293496
wdbc,569,30,pai,25,5,0.8506151142355008,0.9994605415260848,2.5448154657293496
wdbc,569,30,pai,25,10,0.8876977152899824,0.9994154469957119,2.5448154657293496
wdbc,569,30,pai,25,20,0.9114235500878735,0.9991007044563349,2.5448154657293496
wdbc,569,30,pai,25,30,0.9214997070884593,0.9989355589015174,2.5448154657293496
wdbc,569,30,pai,25,50,0.9342003514938487,0.9986816309741935,2.5448154657293496
wdbc,569,30,pai,26,3,0.8453427065026362,0.999659308562573,2.5448154657293496
wdbc,569,30,pai,26,5,0.8755711775043936,0.9996046477386289,2.5448154657293496
wdbc,569,30,pai,26,10,0.9077328646748684,0.9995770643119436,2.5448154657293496
wdbc,569,30,pai,26,20,0.9297012302284712,0.9994846715066423,2.5448154657293496
wdbc,569,30,pai,26,30,0.9381956649091973,0.9993490481633859,2.5448154657293496
wdbc,569,30,pai,26,50,0.9478734622144113,0.9992247904658629,2.5448154657293496
wdbc,569,30,pai,27,3,0.8834212067955478,0.9998047256395235,2.5448154657293496
wdbc,569,30,pai,27,5,0.9100175746924428,0.9997850937786842,2.5448154657293496
wdbc,569,30,pai,27,10,0.9282952548330405,0.9997459845717379,2.5448154657293496
wdbc,569,30,pai,27,20,0.9472759226713533,0.999699582091111,2.5448154657293496
wdbc,569,30,pai,27,30,0.9529584065612186,0.9996532061644031,2.5448154657293496
wdbc,569,30,pai,27,50,0.9596133567662566,0.9995394611496021,2.5448154657293496
wdbc,569,30,pai,28,3,0.919742237844171,0.9998712020175581,2.5448154657293496
wdbc,569,30,pai,28,5,0.9356766256590511,0.9998740637012115,2.5448154657293496
wdbc,569,30,pai,28,10,0.9467486818980668,0.9998291746244937,2.5448154657293496
wdbc,569,30,pai,28,20,0.962829525483304,0.9998387762661692,2.5448154657293496
wdbc,569,30,pai,28,30,0.9646162858816639,0.9997633207607979,2.5448154657293496
wdbc,569,30,pai,28,50,0.9713181019332163,0.9997369672170555,2.5448154657293496
wdbc,569,30,pai,29,3,0.9584065612185121,0.999940794475813,2.5448154657293496
wdbc,569,30,pai,29,5,0.9687170474516696,0.9999473699049839,2.5448154657293496
wdbc,569,30,pai,29,10,0.9771528998242531,0.9999187150629562,2.5448154657293496
wdbc,569,30,pai,29,20,0.9824253075571178,0.9999267313193421,2.5448154657293496
wdbc,569,30,pai,29,30,0.9835969537199767,0.999910923558201,2.5448154657293496
wdbc,569,30,pai,29,50,0.9865377855887523,0.9999006415564019,2.5448154657293496
wdbc,569,30,pai,30,3,1.0,1.0,2.5448154657293496
wdbc,569,30,pai,30,5,1.0,1.0,2.5448154657293496
wdbc,569,30,pai,30,10,1.0,1.0,2.5448154657293496
wdbc,569,30,pai,30,20,1.0,1.0,2.5448154657293496
wdbc,569,30,pai,30,30,1.0,1.0,2.5448154657293496
wdbc,569,30,pai,30,50,1.0,1.0,2.5448154657293496
wdbc,569,30,nrs,1,3,0.017574692442882248,0.5761808905341792,2.5448154657293496
wdbc,569,30,nrs,1,5,0.020738137082601055,0.583157743046092,2.5448154657293496
wdbc,569,30,nrs,1,10,0.0421792618629174,0.5882854434871239,2.5448154657293496
wdbc,569,30,nrs,1,20,0.07284710017574693,0.5939922945498872,2.5448154657293496
wdbc,569,30,nrs,1,30,0.10140597539543059,0.5982992666300737,2.5448154657293496
wdbc,569,30,nrs,1,50,0.14973637961335676,0.6086159796154935,2.5448154657293496
wdbc,569,30,nrs,2,3,0.04452255418863503,0.7709504460149489,2.5448154657293496
wdbc,569,30,nrs,2,5,0.07908611599297012,0.7721749700039786,2.5448154657293496
wdbc,569,30,nrs,2,10,0.11704745166959578,0.7710301754452811,2.5448154657293496
wdbc,569,30,nrs,2,20,0.17987697715289983,0.7760008354914142,2.5448154657293496
wdbc,569,30,nrs,2,30,0.23350908025776218,0.784039426396953,2.5448154657293496
wdbc,569,30,nrs,2,50,0.3175395430579965,0.7953909790367929,2.5448154657293496
wdbc,569,30,nrs,3,3,0.0849443468072642,0.8230918163423866,2.5448154657293496
wdbc,569,30,nrs,3,5,0.11739894551845345,0.8225664063356609,2.5448154657293496
wdbc,569,30,nrs,3,10,0.18488576449912128,0.8254377400247348,2.5448154657293496
wdbc,569,30,nrs,3,20,0.25632688927943764,0.8267453529869634,2.5448154657293496
wdbc,569,30,nrs,3,30,0.3137668424135911,0.8277326520552206,2.5448154657293496
wdbc,569,30,nrs,3,50,0.391493848857645,0.8285257023199663,2.5448154657293496
wdbc,569,30,nrs,4,3,0.127709431751611,0.9025321267870721,2.5448154657293496
wdbc,569,30,nrs,4,5,0.1757469244288225,0.8997691167855543,2.5448154657293496
wdbc,569,30,nrs,4,10,0.24446397188049213,0.8961842119885757,2.5448154657293496
wdbc,569,30,nrs,4,20,0.3241652021089631,0.8893368776445669,2.5448154657293496
wdbc,569,30,nrs,4,30,0.3828939660222613,0.8870970647857661,2.5448154657293496
wdbc,569,30,nrs,4,50,0.46594024604569423,0.8848632218844985,2.5448154657293496
wdbc,569,30,nrs,5,3,0.13473930872876388,0.90912679122678,2.5448154657293496
wdbc,569,30,nrs,5,5,0.18558875219683654,0.9064700556688564,2.5448154657293496
wdbc,569,30,nrs,5,10,0.2553602811950791,0.8992285868962966,2.5448154657293496
wdbc,569,30,nrs,5,20,0.3367311072056239,0.8947315086331393,2.5448154657293496
wdbc,569,30,nrs,5,30,0.39507908611599296,0.8935339567565208,2.5448154657293496
wdbc,569,30,nrs,5,50,0.4739894551845342,0.8910661802020288,2.5448154657293496
wdbc,569,30,nrs,6,3,0.14704159343878148,0.9238887019240757,2.5448154657293496
wdbc,569,30,nrs,6,5,0.20140597539543056,0.918602545667572,2.5448154657293496
wdbc,569,30,nrs,6,10,0.2799648506151142,0.9130778255644302,2.5448154657293496
wdbc,569,30,nrs,6,20,0.3687170474516696,0.9116774611504651,2.5448154657293496
wdbc,569,30,nrs,6,30,0.42524897480960744,0.908407932055713,2.5448154657293496
wdbc,569,30,nrs,6,50,0.504182776801406,0.9050714472679099,2.5448154657293496
wdbc,569,30,nrs,7,3,0.19214997070884593,0.9543151478891673,2.5448154657293496
wdbc,569,30,nrs,7,5,0.2516695957820738,0.9511561390812916,2.5448154657293496
wdbc,569,30,nrs,7,10,0.34569420035149384,0.9474349998333024,2.5448154657293496
wdbc,569,30,nrs,7,20,0.43260105448154657,0.9434235239787667,2.5448154657293496
wdbc,569,30,nrs,7,30,0.48799062683069716,0.940971750122676,2.5448154657293496
wdbc,569,30,nrs,7,50,0.5670650263620387,0.9392703386555984,2.5448154657293496
wdbc,569,30,nrs,8,3,0.20679554774458112,0.9599853751968324,2.5448154657293496
wdbc,569,30,nrs,8,5,0.2611599297012302,0.9558157821364686,2.5448154657293496
wdbc,569,30,nrs,8,10,0.35975395430579965,0.9511918880172985,2.5448154657293496
wdbc,569,30,nrs,8,20,0.46001757469244287,0.9492130552060742,2.5448154657293496
wdbc,569,30,nrs,8,30,0.5159343878148798,0.94727323694949,2.5448154657293496
wdbc,569,30,nrs,8,50,0.591353251318102,0.944766107018659,2.5448154657293496
wdbc,569,30,nrs,9,3,0.22788517867603983,0.9656327512495482,2.5448154657293496
wdbc,569,30,nrs,9,5,0.28717047451669603,0.9610668872118268,2.5448154657293496
wdbc,569,30,nrs,9,10,0.3869947275922671,0.9576499127615764,2.5448154657293496
wdbc,569,30,nrs,9,20,0.4884885764499122,0.9532025267088002,2.5448154657293496
wdbc,569,30,nrs,9,30,0.5427650849443467,0.9524635063553691,2.5448154657293496
wdbc,569,30,nrs,9,50,0.6192970123022847,0.950752114928161,2.5448154657293496
wdbc,569,30,nrs,10,3,0.23608670181605151,0.9666735220431515,2.5448154657293496
wdbc,569,30,nrs,10,5,0.2959578207381371,0.9605167774091583,2.5448154657293496
wdbc,569,30,nrs,10,10,0.3978910369068541,0.9575933943287881,2.5448154657293496
wdbc,569,30,nrs,10,20,0.49841827768014063,0.9541972836738124,2.5448154657293496
wdbc,569,30,nrs,10,30,0.5527240773286467,0.9541137705352811,2.5448154657293496
wdbc,569,30,nrs,10,50,0.6263268892794376,0.9520581620824675,2.5448154657293496
wdbc,569,30,nrs,11,3,0.23667252489748095,0.9681931304972848,2.5448154657293496
wdbc,569,30,nrs,11,5,0.2942003514938488,0.9607229119479714,2.5448154657293496
wdbc,569,30,nrs,11,10,0.39789103690685407,0.9582862214093728,2.5448154657293496
wdbc,569,30,nrs,11,20,0.49894551845342705,0.9552347943010348,2.5448154657293496
wdbc,569,30,nrs,11,30,0.5532513181019333,0.9547237651134801,2.5448154657293496
wdbc,569,30,nrs,11,50,0.6274165202108963,0.9526103671098622,2.5448154657293496
wdbc,569,30,nrs,12,3,0.24311657879320442,0.9673569823048191,2.5448154657293496
wdbc,569,30,nrs,12,5,0.29244288224956067,0.9609021048905263,2.5448154657293496
wdbc,569,30,nrs,12,10,0.3945518453427065,0.9580242679989776,2.5448154657293496
wdbc,569,30,nrs,12,20,0.49525483304042184,0.9553371093628888,2.5448154657293496
wdbc,569,30,nrs,12,30,0.5506736965436437,0.9541367110761967,2.5448154657293496
wdbc,569,30,nrs,12,50,0.6265026362038665,0.9521877197949441,2.5448154657293496
wdbc,569,30,nrs,13,3,0.2419449326303456,0.970222737414152,2.5448154657293496
wdbc,569,30,nrs,13,5,0.30298769771529005,0.9634809795463161,2.5448154657293496
wdbc,569,30,nrs,13,10,0.4086115992970123,0.9605914114208511,2.5448154657293496
wdbc,569,30,nrs,13,20,0.5098418277680141,0.9577460008191733,2.5448154657293496
wdbc,569,30,nrs,13,30,0.563444639718805,0.956751373215184,2.5448154657293496
wdbc,569,30,nrs,13,50,0.640597539543058,0.9554470328684141,2.5448154657293496
wdbc,569,30,nrs,14,3,0.2759226713532513,0.9757028838283746,2.5448154657293496
wdbc,569,30,nrs,14,5,0.3416520210896309,0.9714688495625123,2.5448154657293496
wdbc,569,30,nrs,14,10,0.4386643233743409,0.9674904704524491,2.5448154657293496
wdbc,569,30,nrs,14,20,0.5326010544815467,0.9639738386750933,2.5448154657293496
wdbc,569,30,nrs,14,30,0.5903925014645576,0.9637766620841537,2.5448154657293496
wdbc,569,30,nrs,14,50,0.6615817223198593,0.9622725662078015,2.5448154657293496
wdbc,569,30,nrs,15,3,0.2958406561218512,0.979608371037904,2.5448154657293496
wdbc,569,30,nrs,15,5,0.36449912126537787,0.976382244861517,2.5448154657293496
wdbc,569,30,nrs,15,10,0.46467486818980663,0.9734630082094611,2.5448154657293496
wdbc,569,30,nrs,15,20,0.5635325131810193,0.9703279793346421,2.5448154657293496
wdbc,569,30,nrs,15,30,0.6156414762741652,0.9688477525823496,2.5448154657293496
wdbc,569,30,nrs,15,50,0.6821089630931458,0.9676065120734754,2.5448154657293496
wdbc,569,30,nrs,16,3,0.30345635618043354,0.9791222625235264,2.5448154657293496
wdbc,569,30,nrs,16,5,0.3750439367311072,0.9773571547168156,2.5448154657293496
wdbc,569,30,nrs,16,10,0.4680140597539543,0.9733236172432023,2.5448154657293496
wdbc,569,30,nrs,16,20,0.5642355008787346,0.9702555265635683,2.5448154657293496
wdbc,569,30,nrs,16,30,0.6208553016988869,0.9691517986782892,2.5448154657293496
wdbc,569,30,nrs,16,50,0.6860808435852372,0.9676502440335967,2.5448154657293496
wdbc,569,30,nrs,17,3,0.30169888693614527,0.9787950741003877,2.5448154657293496
wdbc,569,30,nrs,17,5,0.3729349736379613,0.9773377317055597,2.5448154657293496
wdbc,569,30,nrs,17,10,0.46467486818980663,0.9731375509420004,2.5448154657293496
wdbc,569,30,nrs,17,20,0.5644991212653778,0.9700443691631868,2.5448154657293496
wdbc,569,30,nrs,17,30,0.6163444639718804,0.9690154982937274,2.5448154657293496
wdbc,569,30,nrs,17,50,0.6821792618629173,0.967197967247326,2.5448154657293496
wdbc,569,30,nrs,18,3,0.29349736379613356,0.978531245975063,2.5448154657293496
wdbc,569,30,nrs,18,5,0.3694200351493849,0.9771522732755029,2.5448154657293496
wdbc,569,30,nrs,18,10,0.4615114235500879,0.9728263820423793,2.5448154657293496
wdbc,569,30,nrs,18,20,0.5606326889279437,0.9699247568181485,2.5448154657293496
wdbc,569,30,nrs,18,30,0.613766842413591,0.9684974896893459,2.5448154657293496
wdbc,569,30,nrs,18,50,0.678804920913884,0.966966558227075,2.5448154657293496
wdbc,569,30,nrs,19,3,0.29349736379613356,0.9795948680236157,2.5448154657293496
wdbc,569,30,nrs,19,5,0.3775043936731107,0.9784498557371503,2.5448154657293496
wdbc,569,30,nrs,19,10,0.4729349736379614,0.9745368584324391,2.5448154657293496
wdbc,569,30,nrs,19,20,0.5701230228471001,0.9712997276493808,2.5448154657293496
wdbc,569,30,nrs,19,30,0.6234915055653193,0.969905479376174,2.5448154657293496
wdbc,569,30,nrs,19,50,0.6866783831282953,0.9679544446877955,2.5448154657293496
wdbc,569,30,nrs,20,3,0.3216168717047452,0.9845639772816978,2.5448154657293496
wdbc,569,30,nrs,20,5,0.40738137082601056,0.9833269112086439,2.5448154657293496
wdbc,569,30,nrs,20,10,0.5057996485061511,0.9799242081465923,2.5448154657293496
wdbc,569,30,nrs,20,20,0.6011423550087873,0.9766132572252874,2.5448154657293496
wdbc,569,30,nrs,20,30,0.6502636203866432,0.9755456071941536,2.5448154657293496
wdbc,569,30,nrs,20,50,0.7096309314586994,0.97362784742959,2.5448154657293496
wdbc,569,30,nrs,21,3,0.3837141183362624,0.9907057713960454,2.5448154657293496
wdbc,569,30,nrs,21,5,0.47170474516695954,0.9896055562343167,2.5448154657293496
wdbc,569,30,nrs,21,10,0.5799648506151143,0.9882873486028357,2.5448154657293496
wdbc,569,30,nrs,21,20,0.6614235500878735,0.985911199664498,2.5448154657293496
wdbc,569,30,nrs,21,30,0.7108377270064441,0.9847581927106152,2.5448154657293496
wdbc,569,30,nrs,21,50,0.7600351493848858,0.9838051434910426,2.5448154657293496
wdbc,569,30,nrs,22,3,0.3942589338019918,0.9906725332070282,2.5448154657293496
wdbc,569,30,nrs,22,5,0.4934973637961337,0.9904200696095662,2.5448154657293496
wdbc,569,30,nrs,22,10,0.6038664323374341,0.988954456621309,2.5448154657293496
wdbc,569,30,nrs,22,20,0.6789982425307557,0.9867124228761466,2.5448154657293496
wdbc,569,30,nrs,22,30,0.7243702401874633,0.9860670344986568,2.5448154657293496
wdbc,569,30,nrs,22,50,0.7713532513181018,0.9848577019709652,2.5448154657293496
wdbc,569,30,nrs,23,3,0.4188635032220269,0.9926169672645386,2.5448154657293496
wdbc,569,30,nrs,23,5,0.5163444639718805,0.991980175997544,2.5448154657293496
wdbc,569,30,nrs,23,10,0.6156414762741651,0.9896263274290622,2.5448154657293496
wdbc,569,30,nrs,23,20,0.6898066783831283,0.9875484038360804,2.5448154657293496
wdbc,569,30,nrs,23,30,0.7342706502636204,0.9868453343136219,2.5448154657293496
wdbc,569,30,nrs,23,50,0.7782776801405976,0.9853765738430884,2.5448154657293496
wdbc,569,30,nrs,24,3,0.48096074985354414,0.9948782028111198,2.5448154657293496
wdbc,569,30,nrs,24,5,0.5789103690685412,0.9949099179534412,2.5448154657293496
wdbc,569,30,nrs,24,10,0.6773286467486819,0.9935908732256625,2.5448154657293496
wdbc,569,30,nrs,24,20,0.7364674868189806,0.9919081351080998,2.5448154657293496
wdbc,569,30,nrs,24,30,0.7750439367311072,0.9909836959897137,2.5448154657293496
wdbc,569,30,nrs,24,50,0.8147978910369068,0.9903498378747977,2.5448154657293496
wdbc,569,30,nrs,25,3,0.5301698886936145,0.9961599504750983,2.5448154657293496
wdbc,569,30,nrs,25,5,0.6126537785588753,0.9960828172138003,2.5448154657293496
wdbc,569,30,nrs,25,10,0.7073813708260105,0.9949974836596638,2.5448154657293496
wdbc,569,30,nrs,25,20,0.7636203866432337,0.9937757521462501,2.5448154657293496
wdbc,569,30,nrs,25,30,0.8015231400117163,0.9932479833306196,2.5448154657293496
wdbc,569,30,nrs,25,50,0.8369771528998242,0.9926826601709748,2.5448154657293496
wdbc,569,30,nrs,26,3,0.5377855887521968,0.9963386057410663,2.5448154657293496
wdbc,569,30,nrs,26,5,0.627768014059754,0.9962507322788517,2.5448154657293496
wdbc,569,30,nrs,26,10,0.7210896309314587,0.9952600721086297,2.5448154657293496
wdbc,569,30,nrs,26,20,0.7780316344463972,0.9941492755538802,2.5448154657293496
wdbc,569,30,nrs,26,30,0.811013473930873,0.9936019390911853,2.5448154657293496
wdbc,569,30,nrs,26,50,0.8455184534270651,0.9931892813962888,2.5448154657293496
wdbc,569,30,nrs,27,3,0.6186291739894552,0.9977512287743002,2.5448154657293496
wdbc,569,30,nrs,27,5,0.6942003514938488,0.997511974912988,2.5448154657293496
wdbc,569,30,nrs,27,10,0.7688927943760984,0.9971769360341524,2.5448154657293496
wdbc,569,30,nrs,27,20,0.8188927943760984,0.9965247147172139,2.5448154657293496
wdbc,569,30,nrs,27,30,0.8507322788517867,0.9963137348375614,2.5448154657293496
wdbc,569,30,nrs,27,50,0.8778910369068542,0.9957973871222198,2.5448154657293496
wdbc,569,30,nrs,28,3,0.6918570591681312,0.99853751968324,2.5448154657293496
wdbc,569,30,nrs,28,5,0.756414762741652,0.9982870157169754,2.5448154657293496
wdbc,569,30,nrs,28,10,0.820738137082601,0.9981304464479911,2.5448154657293496
wdbc,569,30,nrs,28,20,0.8633567662565905,0.9979248155636385,2.5448154657293496
wdbc,569,30,nrs,28,30,0.8867603983596954,0.9977790199241395,2.5448154657293496
wdbc,569,30,nrs,28,50,0.9084358523725836,0.9974804977893637,2.5448154657293496
wdbc,569,30,nrs,29,3,0.7779730521382542,0.9988605533327517,2.5448154657293496
wdbc,569,30,nrs,29,5,0.8221441124780315,0.9987707113521236,2.5448154657293496
wdbc,569,30,nrs,29,10,0.8687170474516697,0.9986105356074064,2.5448154657293496
wdbc,569,30,nrs,29,20,0.8985940246045694,0.9984535249741765,2.5448154657293496
wdbc,569,30,nrs,29,30,0.9154657293497366,0.9983768168488761,2.5448154657293496
wdbc,569,30,nrs,29,50,0.9334270650263619,0.9980866199076572,2.5448154657293496
wdbc,569,30,nrs,30,3,1.0,1.0,2.5448154657293496
wdbc,569,30,nrs,30,5,1.0,1.0,2.5448154657293496
wdbc,569,30,nrs,30,10,1.0,1.0,2.5448154657293496
wdbc,569,30,nrs,30,20,1.0,1.0,2.5448154657293496
wdbc,569,30,nrs,30,30,1.0,1.0,2.5448154657293496
wdbc,569,30,nrs,30,50,1.0,1.0,2.5448154657293496
wdbc,569,30,relieff,1,3,0.02460456942003515,0.6940310444685421,2.5448154657293496
wdbc,569,30,relieff,1,5,0.04288224956063268,0.695761710979327,2.5448154657293496
wdbc,569,30,relieff,1,10,0.07258347978910369,0.695797791018332,2.5448154657293496
wdbc,569,30,relieff,1,20,0.12618629173989457,0.708545510620695,2.5448154657293496
wdbc,569,30,relieff,1,30,0.17656707674282368,0.7184326127205859,2.5448154657293496
wdbc,569,30,relieff,1,50,0.25564147627416517,0.7360576065298796,2.5448154657293496
wdbc,569,30,relieff,2,3,0.06619800820152313,0.8018785808955199,2.5448154657293496
wdbc,569,30,relieff,2,5,0.0843585237258348,0.8047260572226973,2.5448154657293496
wdbc,569,30,relieff,2,10,0.13919156414762746,0.8164005061257408,2.5448154657293496
wdbc,569,30,relieff,2,20,0.20650263620386644,0.8215228789206495,2.5448154657293496
wdbc,569,30,relieff,2,30,0.26449912126537783,0.8261571404671701,2.5448154657293496
wdbc,569,30,relieff,2,50,0.35732864674868187,0.8353785859406022,2.5448154657293496
wdbc,569,30,relieff,3,3,0.058582308142940825,0.8146171168363892,2.5448154657293496
wdbc,569,30,relieff,3,5,0.08471001757469244,0.8134645326416234,2.5448154657293496
wdbc,569,30,relieff,3,10,0.13374340949033392,0.8188092074242359,2.5448154657293496
wdbc,569,30,relieff,3,20,0.2046572934973638,0.8235187569454303,2.5448154657293496
wdbc,569,30,relieff,3,30,0.2609841827768014,0.8262988122954584,2.5448154657293496
wdbc,569,30,relieff,3,50,0.35557117750439365,0.8338377109808887,2.5448154657293496
wdbc,569,30,relieff,4,3,0.09080257762155829,0.8655515254251372,2.5448154657293496
wdbc,569,30,relieff,4,5,0.13286467486818979,0.865717445310126,2.5448154657293496
wdbc,569,30,relieff,4,10,0.1977152899824253,0.8617749645569097,2.5448154657293496
wdbc,569,30,relieff,4,20,0.2805799648506151,0.8610253046198433,2.5448154657293496
wdbc,569,30,relieff,4,30,0.34083186877562976,0.8614121637462239,2.5448154657293496
wdbc,569,30,relieff,4,50,0.4257293497363796,0.861847319191671,2.5448154657293496
wdbc,569,30,relieff,5,3,0.09256004686584651,0.8676663052013611,2.5448154657293496
wdbc,569,30,relieff,5,5,0.13462214411247803,0.867744957065747,2.5448154657293496
wdbc,569,30,relieff,5,10,0.2075571177504394,0.8663520050549071,2.5448154657293496
wdbc,569,30,relieff,5,20,0.28848857644991216,0.8667952540171309,2.5448154657293496
wdbc,569,30,relieff,5,30,0.34944346807264204,0.8651288670897798,2.5448154657293496
wdbc,569,30,relieff,5,50,0.4341300527240773,0.8657380391486513,2.5448154657293496
wdbc,569,30,relieff,6,3,0.09490333919156414,0.8696481322215159,2.5448154657293496
wdbc,569,30,relieff,6,5,0.13567662565905095,0.8685839058422538,2.5448154657293496
wdbc,569,30,relieff,6,10,0.2070298769771529,0.8665298158546905,2.5448154657293496
wdbc,569,30,relieff,6,20,0.28796133567662563,0.8654067390868013,2.5448154657293496
wdbc,569,30,relieff,6,30,0.3496192149970709,0.865826035723458,2.5448154657293496
wdbc,569,30,relieff,6,50,0.43254833040421786,0.8643440295012669,2.5448154657293496
wdbc,569,30,relieff,7,3,0.10369068541300526,0.8917961917344933,2.5448154657293496
wdbc,569,30,relieff,7,5,0.1560632688927944,0.8930650451585012,2.5448154657293496
wdbc,569,30,relieff,7,10,0.23022847100175747,0.8880242838749418,2.5448154657293496
wdbc,569,30,relieff,7,20,0.3147627416520211,0.8855828776478306,2.5448154657293496
wdbc,569,30,relieff,7,30,0.3786174575278266,0.8830296509288961,2.5448154657293496
wdbc,569,30,relieff,7,50,0.4604920913884007,0.8823851724438794,2.5448154657293496
wdbc,569,30,relieff,8,3,0.10779144698301112,0.8965523688441835,2.5448154657293496
wdbc,569,30,relieff,8,5,0.15711775043936732,0.8947611126252706,2.5448154657293496
wdbc,569,30,relieff,8,10,0.2314586994727592,0.8887329869197931,2.5448154657293496
wdbc,569,30,relieff,8,20,0.3171353251318102,0.8858583287234442,2.5448154657293496
wdbc,569,30,relieff,8,30,0.3788517867603984,0.8832071323820283,2.5448154657293496
wdbc,569,30,relieff,8,50,0.4581722319859402,0.8811717886122403,2.5448154657293496
wdbc,569,30,relieff,9,3,0.1060339777387229,0.8971288436849518,2.5448154657293496
wdbc,569,30,relieff,9,5,0.1578207381370826,0.8937912151599736,2.5448154657293496
wdbc,569,30,relieff,9,10,0.22829525483304045,0.8886717056977248,2.5448154657293496
wdbc,569,30,relieff,9,20,0.31528998242530754,0.8850003182047378,2.5448154657293496
wdbc,569,30,relieff,9,30,0.37603983596953716,0.8825104113686606,2.5448154657293496
wdbc,569,30,relieff,9,50,0.4548330404217925,0.880796719390744,2.5448154657293496
wdbc,569,30,relieff,10,3,0.1195079086115993,0.9169917777029919,2.5448154657293496
wdbc,569,30,relieff,10,5,0.18031634446397188,0.915967281624265,2.5448154657293496
wdbc,569,30,relieff,10,10,0.25711775043936735,0.9109621945662925,2.5448154657293496
wdbc,569,30,relieff,10,20,0.3459578207381371,0.9065049207507021,2.5448154657293496
wdbc,569,30,relieff,10,30,0.40667838312829524,0.9036149256754451,2.5448154657293496
wdbc,569,30,relieff,10,50,0.4896309314586994,0.90180266131057,2.5448154657293496
wdbc,569,30,relieff,11,3,0.13181019332161686,0.9205171031256362,2.5448154657293496
wdbc,569,30,relieff,11,5,0.1859402460456942,0.917534906597245,2.5448154657293496
wdbc,569,30,relieff,11,10,0.26537785588752194,0.9120830376434989,2.5448154657293496
wdbc,569,30,relieff,11,20,0.34586994727592263,0.9046874005610195,2.5448154657293496
wdbc,569,30,relieff,11,30,0.40310486233157583,0.9017605466339232,2.5448154657293496
wdbc,569,30,relieff,11,50,0.48674868189806675,0.8988602268862523,2.5448154657293496
wdbc,569,30,relieff,12,3,0.14586994727592267,0.9267160253773573,2.5448154657293496
wdbc,569,30,relieff,12,5,0.21054481546572937,0.9224269992387433,2.5448154657293496
wdbc,569,30,relieff,12,10,0.2741652021089631,0.9158415134239216,2.5448154657293496
wdbc,569,30,relieff,12,20,0.36177504393673116,0.9099544232906286,2.5448154657293496
wdbc,569,30,relieff,12,30,0.4250146455770357,0.9085800420651187,2.5448154657293496
wdbc,569,30,relieff,12,50,0.5090333919156415,0.9076168752659797,2.5448154657293496
wdbc,569,30,relieff,13,3,0.16637375512595196,0.9448246062313295,2.5448154657293496
wdbc,569,30,relieff,13,5,0.23374340949033393,0.939980389024119,2.5448154657293496
wdbc,569,30,relieff,13,10,0.3260105448154657,0.9368295381840754,2.5448154657293496
wdbc,569,30,relieff,13,20,0.4283831282952548,0.9336771576320998,2.5448154657293496
wdbc,569,30,relieff,13,30,0.48406561218512,0.9308055095345924,2.5448154657293496
wdbc,569,30,relieff,13,50,0.5663268892794376,0.9289619179384725,2.5448154657293496
wdbc,569,30,relieff,14,3,0.1921499707088459,0.9548729262486133,2.5448154657293496
wdbc,569,30,relieff,14,5,0.2727592267135325,0.9534048225457302,2.5448154657293496
wdbc,569,30,relieff,14,10,0.3652021089630932,0.9491578594754899,2.5448154657293496
wdbc,569,30,relieff,14,20,0.45430579964850615,0.9442741913112157,2.5448154657293496
wdbc,569,30,relieff,14,30,0.5141769185705916,0.9420217554661434,2.5448154657293496
wdbc,569,30,relieff,14,50,0.5915992970123023,0.9400195511776113,2.5448154657293496
wdbc,569,30,relieff,15,3,0.22026947861745752,0.9622995841071599,2.5448154657293496
wdbc,569,30,relieff,15,5,0.29490333919156414,0.9593839772688113,2.5448154657293496
wdbc,569,30,relieff,15,10,0.39806678383128297,0.9553764746786308,2.5448154657293496
wdbc,569,30,relieff,15,20,0.4862917398945518,0.9505434773740113,2.5448154657293496
wdbc,569,30,relieff,15,30,0.5453427065026362,0.9487830602569676,2.5448154657293496
wdbc,569,30,relieff,15,50,0.6204217926186293,0.9466735042369788,2.5448154657293496
wdbc,569,30,relieff,16,3,0.22964264792032804,0.9616213173125262,2.5448154657293496
wdbc,569,30,relieff,16,5,0.29876977152899825,0.9590437612974572,2.5448154657293496
wdbc,569,30,relieff,16,10,0.40087873462214413,0.9558289396602226,2.5448154657293496
wdbc,569,30,relieff,16,20,0.4905096660808436,0.951359223776258,2.5448154657293496
wdbc,569,30,relieff,16,30,0.548388986526069,0.9492692878193002,2.5448154657293496
wdbc,569,30,relieff,16,50,0.6229173989455186,0.9471245702035067,2.5448154657293496
wdbc,569,30,relieff,17,3,0.26069127123608665,0.9662268838782319,2.5448154657293496
wdbc,569,30,relieff,17,5,0.34200351493848863,0.9656413196369776,2.5448154657293496
wdbc,569,30,relieff,17,10,0.4446397188049209,0.9634405119680957,2.5448154657293496
wdbc,569,30,relieff,17,20,0.5310193321616872,0.9602738518928287,2.5448154657293496
wdbc,569,30,relieff,17,30,0.5923257176332747,0.9602911546309958,2.5448154657293496
wdbc,569,30,relieff,17,50,0.6622847100175747,0.9588505047159648,2.5448154657293496
wdbc,569,30,relieff,18,3,0.2612770943175161,0.9674193039092265,2.5448154657293496
wdbc,569,30,relieff,18,5,0.3437609841827768,0.966612470199775,2.5448154657293496
wdbc,569,30,relieff,18,10,0.45008787346221435,0.9642206568521455,2.5448154657293496
wdbc,569,30,relieff,18,20,0.5407732864674869,0.9626311778633939,2.5448154657293496
wdbc,569,30,relieff,18,30,0.6007029876977154,0.9614641436547863,2.5448154657293496
wdbc,569,30,relieff,18,50,0.6688927943760984,0.9605608944396664,2.5448154657293496
wdbc,569,30,relieff,19,3,0.2788517867603983,0.9682990772247774,2.5448154657293496
wdbc,569,30,relieff,19,5,0.35184534270650264,0.967823588933896,2.5448154657293496
wdbc,569,30,relieff,19,10,0.4636203866432337,0.9666969897584154,2.5448154657293496
wdbc,569,30,relieff,19,20,0.5546572934973638,0.9643457302635551,2.5448154657293496
wdbc,569,30,relieff,19,30,0.6134153485647333,0.9638527575369469,2.5448154657293496
wdbc,569,30,relieff,19,50,0.6801054481546573,0.9628493437535056,2.5448154657293496
wdbc,569,30,relieff,20,3,0.2958406561218512,0.9708521856186666,2.5448154657293496
wdbc,569,30,relieff,20,5,0.3764499121265378,0.9714982973537714,2.5448154657293496
wdbc,569,30,relieff,20,10,0.4775043936731107,0.9698245547188923,2.5448154657293496
wdbc,569,30,relieff,20,20,0.5709138840070298,0.966252837325579,2.5448154657293496
wdbc,569,30,relieff,20,30,0.6271236086701816,0.9655989243683938,2.5448154657293496
wdbc,569,30,relieff,20,50,0.6921616871704744,0.9642165729171674,2.5448154657293496
wdbc,569,30,relieff,21,3,0.3573520796719391,0.9858893500687615,2.5448154657293496
wdbc,569,30,relieff,21,5,0.4541300527240773,0.9851814955092119,2.5448154657293496
wdbc,569,30,relieff,21,10,0.551493848857645,0.9815286330953527,2.5448154657293496
wdbc,569,30,relieff,21,20,0.6326010544815467,0.9774632718300689,2.5448154657293496
wdbc,569,30,relieff,21,30,0.6809607498535442,0.9765385409480263,2.5448154657293496
wdbc,569,30,relieff,21,50,0.737609841827768,0.9752586791737223,2.5448154657293496
wdbc,569,30,relieff,22,3,0.4065612185120093,0.9917725095248185,2.5448154657293496
wdbc,569,30,relieff,22,5,0.5093145869947275,0.9902634324220182,2.5448154657293496
wdbc,569,30,relieff,22,10,0.5945518453427066,0.9874129004910436,2.5448154657293496
wdbc,569,30,relieff,22,20,0.6809314586994728,0.9859617860587161,2.5448154657293496
wdbc,569,30,relieff,22,30,0.7246045694200351,0.984517820603851,2.5448154657293496
wdbc,569,30,relieff,22,50,0.7709666080843586,0.9825479564745915,2.5448154657293496
wdbc,569,30,relieff,23,3,0.46924428822495606,0.9938737862867542,2.5448154657293496
wdbc,569,30,relieff,23,5,0.5539543057996484,0.992013383081304,2.5448154657293496
wdbc,569,30,relieff,23,10,0.6493848857644992,0.9907687618176709,2.5448154657293496
wdbc,569,30,relieff,23,20,0.7211775043936731,0.988922232393895,2.5448154657293496
wdbc,569,30,relieff,23,30,0.7625073227885178,0.9880166447612477,2.5448154657293496
wdbc,569,30,relieff,23,50,0.8021792618629174,0.9866165957090685,2.5448154657293496
wdbc,569,30,relieff,24,3,0.517867603983597,0.9944689576088447,2.5448154657293496
wdbc,569,30,relieff,24,5,0.5908611599297012,0.9937113301943241,2.5448154657293496
wdbc,569,30,relieff,24,10,0.6834797891036907,0.9931488863804865,2.5448154657293496
wdbc,569,30,relieff,24,20,0.7456942003514939,0.9923945804021782,2.5448154657293496
wdbc,569,30,relieff,24,30,0.7909197422378441,0.9920373942007432,2.5448154657293496
wdbc,569,30,relieff,24,50,0.8249912126537786,0.9908368010854642,2.5448154657293496
wdbc,569,30,relieff,25,3,0.5711775043936731,0.9956582615596189,2.5448154657293496
wdbc,569,30,relieff,25,5,0.647451669595782,0.9954073976610935,2.5448154657293496
wdbc,569,30,relieff,25,10,0.7223198594024605,0.9949469980932967,2.5448154657293496
wdbc,569,30,relieff,25,20,0.7779437609841827,0.9940618100464579,2.5448154657293496
wdbc,569,30,relieff,25,30,0.814821323960164,0.9935200245743551,2.5448154657293496
wdbc,569,30,relieff,25,50,0.8472759226713533,0.9924379321335535,2.5448154657293496
wdbc,569,30,relieff,26,3,0.6203866432337434,0.9965941243191365,2.5448154657293496
wdbc,569,30,relieff,26,5,0.6854130052724078,0.996728162426498,2.5448154657293496
wdbc,569,30,relieff,26,10,0.7571177504393672,0.9960262461441252,2.5448154657293496
wdbc,569,30,relieff,26,20,0.8085237258347979,0.9954570154353776,2.5448154657293496
wdbc,569,30,relieff,26,30,0.8425307557117752,0.995057824151242,2.5448154657293496
wdbc,569,30,relieff,26,50,0.8701933216168718,0.9942858567350958,2.5448154657293496
wdbc,569,30,relieff,27,3,0.6742823667252489,0.9978457498743181,2.5448154657293496
wdbc,569,30,relieff,27,5,0.7286467486818982,0.9976191147492709,2.5448154657293496
wdbc,569,30,relieff,27,10,0.7964850615114236,0.9972448851612125,2.5448154657293496
wdbc,569,30,relieff,27,20,0.8415641476274166,0.9967285289313379,2.5448154657293496
wdbc,569,30,relieff,27,30,0.8708845928529585,0.9966447500572114,2.5448154657293496
wdbc,569,30,relieff,27,50,0.8957117750439367,0.9963131963326407,2.5448154657293496
wdbc,569,30,relieff,28,3,0.6889279437609842,0.9980264825270995,2.5448154657293496
wdbc,569,30,relieff,28,5,0.7497363796133567,0.9976504421867805,2.5448154657293496
wdbc,569,30,relieff,28,10,0.8115992970123023,0.9974636559488032,2.5448154657293496
wdbc,569,30,relieff,28,20,0.8523725834797891,0.9971315882659147,2.5448154657293496
wdbc,569,30,relieff,28,30,0.8799062683069713,0.9970039653564261,2.5448154657293496
wdbc,569,30,relieff,28,50,0.904182776801406,0.9966805732875359,2.5448154657293496
wdbc,569,30,relieff,29,3,0.8840070298769771,0.9996125673592674,2.5448154657293496
wdbc,569,30,relieff,29,5,0.9089630931458699,0.9995338477298572,2.5448154657293496
wdbc,569,30,relieff,29,10,0.9342706502636202,0.9995465824605522,2.5448154657293496
wdbc,569,30,relieff,29,20,0.9518453427065029,0.9995602247341359,2.5448154657293496
wdbc,569,30,relieff,29,30,0.9611599297012302,0.9995303343891577,2.5448154657293496
wdbc,569,30,relieff,29,50,0.9678734622144113,0.9994600456194144,2.5448154657293496
wdbc,569,30,relieff,30,3,1.0,1.0,2.5448154657293496
wdbc,569,30,relieff,30,5,1.0,1.0,2.5448154657293496
wdbc,569,30,relieff,30,10,1.0,1.0,2.5448154657293496
wdbc,569,30,relieff,30,20,1.0,1.0,2.5448154657293496
wdbc,569,30,relieff,30,30,1.0,1.0,2.5448154657293496
wdbc,569,30,relieff,30,50,1.0,1.0,2.5448154657293496
wdbc,569,30,mutual_info,1,3,0.02460456942003515,0.7081458491734078,2.5448154657293496
wdbc,569,30,mutual_info,1,5,0.040421792618629174,0.7107099110614049,2.5448154657293496
wdbc,569,30,mutual_info,1,10,0.07891036906854129,0.7104236818583769,2.5448154657293496
wdbc,569,30,mutual_info,1,20,0.1330404217926186,0.7218996659666163,2.5448154657293496
wdbc,569,30,mutual_info,1,30,0.18213239601640302,0.7327094625255073,2.5448154657293496
wdbc,569,30,mutual_info,1,50,0.2669244288224956,0.7485448617617783,2.5448154657293496
wdbc,569,30,mutual_info,2,3,0.03339191564147627,0.7586045361818461,2.5448154657293496
wdbc,569,30,mutual_info,2,5,0.058347978910369074,0.7673649552487555,2.5448154657293496
wdbc,569,30,mutual_info,2,10,0.0954305799648506,0.7636456294264173,2.5448154657293496
wdbc,569,30,mutual_info,2,20,0.1492091388400703,0.7613125047934688,2.5448154657293496
wdbc,569,30,mutual_info,2,30,0.19906268306971295,0.7615756011121126,2.5448154657293496
wdbc,569,30,mutual_info,2,50,0.27335676625659056,0.7634467052348367,2.5448154657293496
wdbc,569,30,mutual_info,3,3,0.040421792618629174,0.7628912238716674,2.5448154657293496
wdbc,569,30,mutual_info,3,5,0.06080843585237258,0.7618212519070577,2.5448154657293496
wdbc,569,30,mutual_info,3,10,0.09279437609841827,0.7640437986102181,2.5448154657293496
wdbc,569,30,mutual_info,3,20,0.1475395430579965,0.7588980651520121,2.5448154657293496
wdbc,569,30,mutual_info,3,30,0.19748096074985355,0.7582470964828794,2.5448154657293496
wdbc,569,30,mutual_info,3,50,0.2707908611599297,0.7598957982774308,2.5448154657293496
wdbc,569,30,mutual_info,4,3,0.05799648506151142,0.812434821988724,2.5448154657293496
wdbc,569,30,mutual_info,4,5,0.0850615114235501,0.8150565930158611,2.5448154657293496
wdbc,569,30,mutual_info,4,10,0.1383128295254833,0.8192302379965803,2.5448154657293496
wdbc,569,30,mutual_info,4,20,0.20527240773286468,0.8239839885903204,2.5448154657293496
wdbc,569,30,mutual_info,4,30,0.26157000585823076,0.8267161063299666,2.5448154657293496
wdbc,569,30,mutual_info,4,50,0.3531458699472759,0.833064923086237,2.5448154657293496
wdbc,569,30,mutual_info,5,3,0.06444053895723491,0.8393359425311712,2.5448154657293496
wdbc,569,30,mutual_info,5,5,0.10263620386643234,0.8418985680228315,2.5448154657293496
wdbc,569,30,mutual_info,5,10,0.15940246045694198,0.8461012600752839,2.5448154657293496
wdbc,569,30,mutual_info,5,20,0.236115992970123,0.8471094771161839,2.5448154657293496
wdbc,569,30,mutual_info,5,30,0.29308728763913294,0.8491289028994046,2.5448154657293496
wdbc,569,30,mutual_info,5,50,0.3801757469244288,0.8535125346552636,2.5448154657293496
wdbc,569,30,mutual_info,6,3,0.07557117750439367,0.8492471550187588,2.5448154657293496
wdbc,569,30,mutual_info,6,5,0.10439367311072056,0.8493156521276028,2.5448154657293496
wdbc,569,30,mutual_info,6,10,0.1655536028119508,0.8489929082067622,2.5448154657293496
wdbc,569,30,mutual_info,6,20,0.24340949033391915,0.8506586838072951,2.5448154657293496
wdbc,569,30,mutual_info,6,30,0.29771528998242525,0.8514712999845011,2.5448154657293496
wdbc,569,30,mutual_info,6,50,0.38281195079086117,0.8546856765366282,2.5448154657293496
wdbc,569,30,mutual_info,7,3,0.0843585237258348,0.8758242032182877,2.5448154657293496
wdbc,569,30,mutual_info,7,5,0.12548330404217925,0.874243520702737,2.5448154657293496
wdbc,569,30,mutual_info,7,10,0.187170474516696,0.8715885331085297,2.5448154657293496
wdbc,569,30,mutual_info,7,20,0.26502636203866436,0.8725457847663154,2.5448154657293496
wdbc,569,30,mutual_info,7,30,0.3260691271236087,0.8736161957980763,2.5448154657293496
wdbc,569,30,mutual_info,7,50,0.41360281195079085,0.8756557212123155,2.5448154657293496
wdbc,569,30,mutual_info,8,3,0.08318687756297598,0.8777218960724925,2.5448154657293496
wdbc,569,30,mutual_info,8,5,0.12513181019332162,0.8749596659242064,2.5448154657293496
wdbc,569,30,mutual_info,8,10,0.1866432337434095,0.8724344044846424,2.5448154657293496
wdbc,569,30,mutual_info,8,20,0.267311072056239,0.8728068758332477,2.5448154657293496
wdbc,569,30,mutual_info,8,30,0.32647920328060925,0.8742602095198768,2.5448154657293496
wdbc,569,30,mutual_info,8,50,0.4119507908611599,0.8754487422609922,2.5448154657293496
wdbc,569,30,mutual_info,9,3,0.08025776215582893,0.8781633407703782,2.5448154657293496
wdbc,569,30,mutual_info,9,5,0.12442882249560634,0.8732272586299259,2.5448154657293496
wdbc,569,30,mutual_info,9,10,0.18664323374340952,0.8729891106761096,2.5448154657293496
wdbc,569,30,mutual_info,9,20,0.2665202108963093,0.8725030311041051,2.5448154657293496
wdbc,569,30,mutual_info,9,30,0.32735793790275336,0.8739582896204123,2.5448154657293496
wdbc,569,30,mutual_info,9,50,0.4100527240773286,0.8744802289161561,2.5448154657293496
wdbc,569,30,mutual_info,10,3,0.09080257762155829,0.8954638181538679,2.5448154657293496
wdbc,569,30,mutual_info,10,5,0.14270650263620388,0.891875855630637,2.5448154657293496
wdbc,569,30,mutual_info,10,10,0.21072056239015818,0.8870593427668313,2.5448154657293496
wdbc,569,30,mutual_info,10,20,0.28558875219683655,0.8847482021432314,2.5448154657293496
wdbc,569,30,mutual_info,10,30,0.341534856473345,0.8842748187277624,2.5448154657293496
wdbc,569,30,mutual_info,10,50,0.4244288224956063,0.8832734867869295,2.5448154657293496
wdbc,569,30,mutual_info,11,3,0.10427650849443468,0.8910732611233677,2.5448154657293496
wdbc,569,30,mutual_info,11,5,0.14727592267135325,0.8909078378115906,2.5448154657293496
wdbc,569,30,mutual_info,11,10,0.22284710017574694,0.8889939877723323,2.5448154657293496
wdbc,569,30,mutual_info,11,20,0.3003514938488576,0.8877465066831154,2.5448154657293496
wdbc,569,30,mutual_info,11,30,0.35530169888693613,0.8869700525226482,2.5448154657293496
wdbc,569,30,mutual_info,11,50,0.4385237258347979,0.887626953559721,2.5448154657293496
wdbc,569,30,mutual_info,12,3,0.1054481546572935,0.8992238882864467,2.5448154657293496
wdbc,569,30,mutual_info,12,5,0.1507908611599297,0.8956232437055346,2.5448154657293496
wdbc,569,30,mutual_info,12,10,0.22688927943760984,0.8945038999306221,2.5448154657293496
wdbc,569,30,mutual_info,12,20,0.3146748681898067,0.8939993113723109,2.5448154657293496
wdbc,569,30,mutual_info,12,30,0.37416520210896304,0.894951794090181,2.5448154657293496
wdbc,569,30,mutual_info,12,50,0.4572934973637961,0.8959789032465995,2.5448154657293496
wdbc,569,30,mutual_info,13,3,0.1066198008201523,0.9007081811647493,2.5448154657293496
wdbc,569,30,mutual_info,13,5,0.14903339191564147,0.8953024507454364,2.5448154657293496
wdbc,569,30,mutual_info,13,10,0.224780316344464,0.8947264809496367,2.5448154657293496
wdbc,569,30,mutual_info,13,20,0.31230228471001753,0.8933454414315624,2.5448154657293496
wdbc,569,30,mutual_info,13,30,0.3750439367311072,0.894804750818166,2.5448154657293496
wdbc,569,30,mutual_info,13,50,0.4582425307557118,0.8955039057839791,2.5448154657293496
wdbc,569,30,mutual_info,14,3,0.13532513181019332,0.906898793869216,2.5448154657293496
wdbc,569,30,mutual_info,14,5,0.1789103690685413,0.9061887352800203,2.5448154657293496
wdbc,569,30,mutual_info,14,10,0.2474516695957821,0.9027540035212889,2.5448154657293496
wdbc,569,30,mutual_info,14,20,0.33760984182776804,0.9012640071277861,2.5448154657293496
wdbc,569,30,mutual_info,14,30,0.3984182776801406,0.9024376842587044,2.5448154657293496
wdbc,569,30,mutual_info,14,50,0.4797891036906854,0.9025405491067533,2.5448154657293496
wdbc,569,30,mutual_info,15,3,0.14235500878734622,0.9142589753497281,2.5448154657293496
wdbc,569,30,mutual_info,15,5,0.18453427065026362,0.9111654120027944,2.5448154657293496
wdbc,569,30,mutual_info,15,10,0.26959578207381374,0.9095438359187341,2.5448154657293496
wdbc,569,30,mutual_info,15,20,0.35966608084358526,0.9079995039269728,2.5448154657293496
wdbc,569,30,mutual_info,15,30,0.41862917398945515,0.9098284551112364,2.5448154657293496
wdbc,569,30,mutual_info,15,50,0.5032688927943761,0.9119219804737511,2.5448154657293496
wdbc,569,30,mutual_info,16,3,0.15172817809021671,0.9216087698961722,2.5448154657293496
wdbc,569,30,mutual_info,16,5,0.2052724077328647,0.9200185458430057,2.5448154657293496
wdbc,569,30,mutual_info,16,10,0.29086115992970124,0.9172693976500398,2.5448154657293496
wdbc,569,30,mutual_info,16,20,0.3827768014059754,0.9175799142642209,2.5448154657293496
wdbc,569,30,mutual_info,16,30,0.4428236672524897,0.9183804649544071,2.5448154657293496
wdbc,569,30,mutual_info,16,50,0.5275922671353253,0.9214705049652513,2.5448154657293496
wdbc,569,30,mutual_info,17,3,0.23257176332747506,0.9611892208553017,2.5448154657293496
wdbc,569,30,mutual_info,17,5,0.30017574692442883,0.9565150105416828,2.5448154657293496
wdbc,569,30,mutual_info,17,10,0.38506151142355005,0.9532678291047703,2.5448154657293496
wdbc,569,30,mutual_info,17,20,0.48356766256590505,0.9518778159079524,2.5448154657293496
wdbc,569,30,mutual_info,17,30,0.5440538957234915,0.9525494494549943,2.5448154657293496
wdbc,569,30,mutual_info,17,50,0.6212302284710018,0.9523375765442849,2.5448154657293496
wdbc,569,30,mutual_info,18,3,0.24838898652606908,0.9652100030329848,2.5448154657293496
wdbc,569,30,mutual_info,18,5,0.3121265377855888,0.9599547631802361,2.5448154657293496
wdbc,569,30,mutual_info,18,10,0.39912126537785586,0.9565643143250413,2.5448154657293496
wdbc,569,30,mutual_info,18,20,0.49235500878734617,0.9551788229035612,2.5448154657293496
wdbc,569,30,mutual_info,18,30,0.5565905096660808,0.9557178179181292,2.5448154657293496
wdbc,569,30,mutual_info,18,50,0.6305799648506152,0.9554731723299199,2.5448154657293496
wdbc,569,30,mutual_info,19,3,0.29701230228471004,0.978679779132234,2.5448154657293496
wdbc,569,30,mutual_info,19,5,0.3634446397188049,0.9745765313634641,2.5448154657293496
wdbc,569,30,mutual_info,19,10,0.4620386643233743,0.9713210231106412,2.5448154657293496
wdbc,569,30,mutual_info,19,20,0.5566783831282952,0.9702514470156475,2.5448154657293496
wdbc,569,30,mutual_info,19,30,0.6134153485647333,0.9694050398689815,2.5448154657293496
wdbc,569,30,mutual_info,19,50,0.6810896309314587,0.9682620641271503,2.5448154657293496
wdbc,569,30,mutual_info,20,3,0.2981839484475688,0.9754016627404056,2.5448154657293496
wdbc,569,30,mutual_info,20,5,0.36731107205623903,0.9747870517435285,2.5448154657293496
wdbc,569,30,mutual_info,20,10,0.47082601054481543,0.971238468096456,2.5448154657293496
wdbc,569,30,mutual_info,20,20,0.5657293497363796,0.9705776476673961,2.5448154657293496
wdbc,569,30,mutual_info,20,30,0.6211482132396016,0.9695305973660902,2.5448154657293496
wdbc,569,30,mutual_info,20,50,0.687311072056239,0.9680582190622201,2.5448154657293496
wdbc,569,30,mutual_info,21,3,0.3632103104862332,0.9878047007108818,2.5448154657293496
wdbc,569,30,mutual_info,21,5,0.4502636203866433,0.9861106673057464,2.5448154657293496
wdbc,569,30,mutual_info,21,10,0.541652021089631,0.9834105698994893,2.5448154657293496
wdbc,569,30,mutual_info,21,20,0.6223198594024605,0.9808736107099556,2.5448154657293496
wdbc,569,30,mutual_info,21,30,0.6727006444053896,0.9790344717996406,2.5448154657293496
wdbc,569,30,mutual_info,21,50,0.7291036906854129,0.9766843838084911,2.5448154657293496
wdbc,569,30,mutual_info,22,3,0.39718804920913886,0.9892380976122516,2.5448154657293496
wdbc,569,30,mutual_info,22,5,0.47873462214411244,0.9884896729102249,2.5448154657293496
wdbc,569,30,mutual_info,22,10,0.5724077328646748,0.9856782926352989,2.5448154657293496
wdbc,569,30,mutual_info,22,20,0.6487697715289982,0.983052252481589,2.5448154657293496
wdbc,569,30,mutual_info,22,30,0.6963093145869947,0.9812793995621154,2.5448154657293496
wdbc,569,30,mutual_info,22,50,0.7518804920913884,0.9803299483799054,2.5448154657293496
wdbc,569,30,mutual_info,23,3,0.4159343878148799,0.9910672367016083,2.5448154657293496
wdbc,569,30,mutual_info,23,5,0.49420035149384883,0.9901406288669806,2.5448154657293496
wdbc,569,30,mutual_info,23,10,0.5936731107205624,0.9877275621028032,2.5448154657293496
wdbc,569,30,mutual_info,23,20,0.6652899824253075,0.9854444993823565,2.5448154657293496
wdbc,569,30,mutual_info,23,30,0.7133567662565905,0.984296808075518,2.5448154657293496
wdbc,569,30,mutual_info,23,50,0.7682249560632689,0.9835219541206155,2.5448154657293496
wdbc,569,30,mutual_info,24,3,0.45518453427065025,0.9929129948854737,2.5448154657293496
wdbc,569,30,mutual_info,24,5,0.5402460456942003,0.9916612626836963,2.5448154657293496
wdbc,569,30,mutual_info,24,10,0.6362038664323374,0.9899089195930038,2.5448154657293496
wdbc,569,30,mutual_info,24,20,0.7024604569420035,0.9881090969023176,2.5448154657293496
wdbc,569,30,mutual_info,24,30,0.7463386057410661,0.9869795085017085,2.5448154657293496
wdbc,569,30,mutual_info,24,50,0.7920210896309315,0.9862228656185953,2.5448154657293496
wdbc,569,30,mutual_info,25,3,0.512009373169303,0.9948345776880346,2.5448154657293496
wdbc,569,30,mutual_info,25,5,0.6003514938488576,0.9937345124980812,2.5448154657293496
wdbc,569,30,mutual_info,25,10,0.6859402460456943,0.9919277072091166,2.5448154657293496
wdbc,569,30,mutual_info,25,20,0.7439367311072056,0.9903254336967394,2.5448154657293496
wdbc,569,30,mutual_info,25,30,0.7797305213825424,0.9892192886306119,2.5448154657293496
wdbc,569,30,mutual_info,25,50,0.8195079086115993,0.9884844632240213,2.5448154657293496
wdbc,569,30,mutual_info,26,3,0.539543057996485,0.9949945364726803,2.5448154657293496
wdbc,569,30,mutual_info,26,5,0.6228471001757468,0.9944957692295643,2.5448154657293496
wdbc,569,30,mutual_info,26,10,0.7012302284710018,0.9931479338226306,2.5448154657293496
wdbc,569,30,mutual_info,26,20,0.7614235500878734,0.9913750197858074,2.5448154657293496
wdbc,569,30,mutual_info,26,30,0.7943760984182777,0.9907657048984769,2.5448154657293496
wdbc,569,30,mutual_info,26,50,0.8324428822495606,0.9900573892945729,2.5448154657293496
wdbc,569,30,mutual_info,27,3,0.6151142355008787,0.9973845700017034,2.5448154657293496
wdbc,569,30,mutual_info,27,5,0.6952548330404218,0.9968791606752943,2.5448154657293496
wdbc,569,30,mutual_info,27,10,0.7585237258347979,0.9961827831517917,2.5448154657293496
wdbc,569,30,mutual_info,27,20,0.8065905096660808,0.9950573829210542,2.5448154657293496
wdbc,569,30,mutual_info,27,30,0.8319859402460459,0.9944518581558379,2.5448154657293496
wdbc,569,30,mutual_info,27,50,0.8657293497363796,0.9938887790841573,2.5448154657293496
wdbc,569,30,mutual_info,28,3,0.6918570591681312,0.9985344036030197,2.5448154657293496
wdbc,569,30,mutual_info,28,5,0.7581722319859402,0.998344658201993,2.5448154657293496
wdbc,569,30,mutual_info,28,10,0.8126537785588753,0.9979535882060636,2.5448154657293496
wdbc,569,30,mutual_info,28,20,0.85,0.9972342296916025,2.5448154657293496
wdbc,569,30,mutual_info,28,30,0.8715289982425308,0.9968428220446288,2.5448154657293496
wdbc,569,30,mutual_info,28,50,0.8978558875219682,0.9964698194276028,2.5448154657293496
wdbc,569,30,mutual_info,29,3,0.7562975981253662,0.9988647081063788,2.5448154657293496
wdbc,569,30,mutual_info,29,5,0.8028119507908612,0.9986786086858453,2.5448154657293496
wdbc,569,30,mutual_info,29,10,0.8481546572934974,0.998321275538473,2.5448154657293496
wdbc,569,30,mutual_info,29,20,0.8804920913884007,0.9976841222363103,2.5448154657293496
wdbc,569,30,mutual_info,29,30,0.894961921499707,0.99729928285631,2.5448154657293496
wdbc,569,30,mutual_info,29,50,0.9184885764499121,0.9970404004252114,2.5448154657293496
wdbc,569,30,mutual_info,30,3,1.0,1.0,2.5448154657293496
wdbc,569,30,mutual_info,30,5,1.0,1.0,2.5448154657293496
wdbc,569,30,mutual_info,30,10,1.0,1.0,2.5448154657293496
wdbc,569,30,mutual_info,30,20,1.0,1.0,2.5448154657293496
wdbc,569,30,mutual_info,30,30,1.0,1.0,2.5448154657293496
wdbc,569,30,mutual_info,30,50,1.0,1.0,2.5448154657293496
wdbc,569,30,variance,1,3,0.014059753954305799,0.6207865401953574,2.5448154657293496
wdbc,569,30,variance,1,5,0.022144112478031632,0.6211197052714679,2.5448154657293496
wdbc,569,30,variance,1,10,0.0460456942003515,0.6292266976565489,2.5448154657293496
wdbc,569,30,variance,1,20,0.08778558875219684,0.640528350410321,2.5448154657293496
wdbc,569,30,variance,1,30,0.12214411247803164,0.6488095258078288,2.5448154657293496
wdbc,569,30,variance,1,50,0.18028119507908613,0.6619236720601563,2.5448154657293496
wdbc,569,30,variance,2,3,0.033391915641476276,0.6805041402319194,2.5448154657293496
wdbc,569,30,variance,2,5,0.0383128295254833,0.6921158238019605,2.5448154657293496
wdbc,569,30,variance,2,10,0.06836555360281196,0.6914509520021972,2.5448154657293496
wdbc,569,30,variance,2,20,0.12231985940246044,0.6960478971562287,2.5448154657293496
wdbc,569,30,variance,2,30,0.1619800820152314,0.7023041815010835,2.5448154657293496
wdbc,569,30,variance,2,50,0.22882249560632686,0.7135730400300568,2.5448154657293496
wdbc,569,30,variance,3,3,0.07381370826010544,0.8367007773581456,2.5448154657293496
wdbc,569,30,variance,3,5,0.10685413005272407,0.8340573104141801,2.5448154657293496
wdbc,569,30,variance,3,10,0.15782073813708258,0.8335246387027432,2.5448154657293496
wdbc,569,30,variance,3,20,0.24165202108963094,0.8388235889251696,2.5448154657293496
wdbc,569,30,variance,3,30,0.29789103690685415,0.8419683207915718,2.5448154657293496
wdbc,569,30,variance,3,50,0.3865377855887522,0.8488322177766144,2.5448154657293496
wdbc,569,30,variance,4,3,0.09021675454012887,0.881453921483088,2.5448154657293496
wdbc,569,30,variance,4,5,0.14657293497363796,0.8774476910112183,2.5448154657293496
wdbc,569,30,variance,4,10,0.21933216168717048,0.8759042552347023,2.5448154657293496
wdbc,569,30,variance,4,20,0.29797891036906854,0.8741950643997435,2.5448154657293496
wdbc,569,30,variance,4,30,0.36063268892794376,0.8749740520101229,2.5448154657293496
wdbc,569,30,variance,4,50,0.44326889279437615,0.8751513791771055,2.5448154657293496
wdbc,569,30,variance,5,3,0.11423550087873462,0.9211465513301508,2.5448154657293496
wdbc,569,30,variance,5,5,0.17434094903339192,0.9173438092284365,2.5448154657293496
wdbc,569,30,variance,5,10,0.262390158172232,0.915744035003326,2.5448154657293496
wdbc,569,30,variance,5,20,0.3427065026362039,0.9100945965571879,2.5448154657293496
wdbc,569,30,variance,5,30,0.40650263620386645,0.9075182866884993,2.5448154657293496
wdbc,569,30,variance,5,50,0.4904042179261863,0.9077022736701905,2.5448154657293496
wdbc,569,30,variance,6,3,0.15172817809021674,0.9377978453343969,2.5448154657293496
wdbc,569,30,variance,6,5,0.20667838312829526,0.9384948419374141,2.5448154657293496
wdbc,569,30,variance,6,10,0.3056239015817223,0.9353733947415631,2.5448154657293496
wdbc,569,30,variance,6,20,0.39569420035149383,0.9319061442887145,2.5448154657293496
wdbc,569,30,variance,6,30,0.45893380199179845,0.931393123097264,2.5448154657293496
wdbc,569,30,variance,6,50,0.5409138840070298,0.9300155447887565,2.5448154657293496
wdbc,569,30,variance,7,3,0.1487990626830697,0.9404122366392867,2.5448154657293496
wdbc,569,30,variance,7,5,0.21441124780316345,0.9386433339912095,2.5448154657293496
wdbc,569,30,variance,7,10,0.3181019332161687,0.9363611972382173,2.5448154657293496
wdbc,569,30,variance,7,20,0.4134446397188049,0.9347690078376275,2.5448154657293496
wdbc,569,30,variance,7,30,0.4711775043936732,0.9326354932691894,2.5448154657293496
wdbc,569,30,variance,7,50,0.5524428822495607,0.9323378258307025,2.5448154657293496
wdbc,569,30,variance,8,3,0.19566490919742235,0.9567581547819367,2.5448154657293496
wdbc,569,30,variance,8,5,0.24885764499121266,0.954099665109693,2.5448154657293496
wdbc,569,30,variance,8,10,0.3507908611599297,0.9494115573844666,2.5448154657293496
wdbc,569,30,variance,8,20,0.44903339191564146,0.9453972092628583,2.5448154657293496
wdbc,569,30,variance,8,30,0.5026362038664324,0.9423228920300644,2.5448154657293496
wdbc,569,30,variance,8,50,0.5764850615114235,0.9401025279423365,2.5448154657293496
wdbc,569,30,variance,9,3,0.21148213239601638,0.9672240295487501,2.5448154657293496
wdbc,569,30,variance,9,5,0.27873462214411254,0.962595666162295,2.5448154657293496
wdbc,569,30,variance,9,10,0.37926186291739894,0.958000454052578,2.5448154657293496
wdbc,569,30,variance,9,20,0.4764499121265378,0.9539433726112208,2.5448154657293496
wdbc,569,30,variance,9,30,0.5293497363796135,0.9512908530468116,2.5448154657293496
wdbc,569,30,variance,9,50,0.600316344463972,0.9488390909592719,2.5448154657293496
wdbc,569,30,variance,10,3,0.25893380199179844,0.9785146268805545,2.5448154657293496
wdbc,569,30,variance,10,5,0.335676625659051,0.9755176075862523,2.5448154657293496
wdbc,569,30,variance,10,10,0.4339191564147627,0.9715547173046423,2.5448154657293496
wdbc,569,30,variance,10,20,0.5264499121265377,0.9677239223058257,2.5448154657293496
wdbc,569,30,variance,10,30,0.5787932044522555,0.9655959029312976,2.5448154657293496
wdbc,569,30,variance,10,50,0.641370826010545,0.9624088190412088,2.5448154657293496
wdbc,569,30,variance,11,3,0.28588166373755125,0.9827400316593751,2.5448154657293496
wdbc,569,30,variance,11,5,0.36801405975395435,0.9818476296094408,2.5448154657293496
wdbc,569,30,variance,11,10,0.4620386643233743,0.9772465680134247,2.5448154657293496
wdbc,569,30,variance,11,20,0.5561511423550088,0.973298216584831,2.5448154657293496
wdbc,569,30,variance,11,30,0.6057996485061511,0.971605653220712,2.5448154657293496
wdbc,569,30,variance,11,50,0.6676977152899823,0.9686376319214819,2.5448154657293496
wdbc,569,30,variance,12,3,0.3233743409490334,0.9854977626544018,2.5448154657293496
wdbc,569,30,variance,12,5,0.39648506151142354,0.9835342988449574,2.5448154657293496
wdbc,569,30,variance,12,10,0.49701230228471005,0.9805970315122015,2.5448154657293496
wdbc,569,30,variance,12,20,0.5900702987697716,0.9777070656138169,2.5448154657293496
wdbc,569,30,variance,12,30,0.6387229056824838,0.9765800577318295,2.5448154657293496
wdbc,569,30,variance,12,50,0.7017223198594025,0.9754089632712076,2.5448154657293496
wdbc,569,30,variance,13,3,0.3397773872290568,0.9871596721052653,2.5448154657293496
wdbc,569,30,variance,13,5,0.41370826010544814,0.9848180972341005,2.5448154657293496
wdbc,569,30,variance,13,10,0.5087873462214412,0.9821462081053148,2.5448154657293496
wdbc,569,30,variance,13,20,0.5995606326889279,0.9787690535285641,2.5448154657293496
wdbc,569,30,variance,13,30,0.6462800234329232,0.9775971629824718,2.5448154657293496
wdbc,569,30,variance,13,50,0.7069947275922671,0.9761167230232032,2.5448154657293496
wdbc,569,30,variance,14,3,0.34212067955477443,0.9877267987053725,2.5448154657293496
wdbc,569,30,variance,14,5,0.42811950790861164,0.9853481574767629,2.5448154657293496
wdbc,569,30,variance,14,10,0.5251318101933216,0.9828037905452283,2.5448154657293496
wdbc,569,30,variance,14,20,0.6134446397188049,0.9805399036900326,2.5448154657293496
wdbc,569,30,variance,14,30,0.6605155243116579,0.9791256744379148,2.5448154657293496
wdbc,569,30,variance,14,50,0.7214762741652021,0.9781229801122857,2.5448154657293496
wdbc,569,30,variance,15,3,0.3884007029876977,0.991908578361108,2.5448154657293496
wdbc,569,30,variance,15,5,0.4808435852372584,0.9904319740358198,2.5448154657293496
wdbc,569,30,variance,15,10,0.5806678383128295,0.9887931568243626,2.5448154657293496
wdbc,569,30,variance,15,20,0.667750439367311,0.9864692818200659,2.5448154657293496
wdbc,569,30,variance,15,30,0.7127123608670181,0.9854762875938115,2.5448154657293496
wdbc,569,30,variance,15,50,0.7643936731107205,0.9847599104705638,2.5448154657293496
wdbc,569,30,variance,16,3,0.3995313415348564,0.9924549310930794,2.5448154657293496
wdbc,569,30,variance,16,5,0.49595782073813705,0.9911951104135535,2.5448154657293496
wdbc,569,30,variance,16,10,0.5940246045694201,0.9896355354883367,2.5448154657293496
wdbc,569,30,variance,16,20,0.6773286467486819,0.9874079042056876,2.5448154657293496
wdbc,569,30,variance,16,30,0.7229056824838899,0.9864003997249373,2.5448154657293496
wdbc,569,30,variance,16,50,0.7696309314586994,0.9855584817032672,2.5448154657293496
wdbc,569,30,variance,17,3,0.4048037492677211,0.9924642793337405,2.5448154657293496
wdbc,569,30,variance,17,5,0.5012302284710017,0.9914952272648954,2.5448154657293496
wdbc,569,30,variance,17,10,0.5977152899824253,0.9899829015864852,2.5448154657293496
wdbc,569,30,variance,17,20,0.6869947275922671,0.9881662105732091,2.5448154657293496
wdbc,569,30,variance,17,30,0.7299941417691858,0.9871985067386441,2.5448154657293496
wdbc,569,30,variance,17,50,0.777469244288225,0.9864584768956006,2.5448154657293496
wdbc,569,30,variance,18,3,0.43409490333919154,0.9933502848097321,2.5448154657293496
wdbc,569,30,variance,18,5,0.5244288224956064,0.9924081087939249,2.5448154657293496
wdbc,569,30,variance,18,10,0.6191564147627416,0.9907462179484127,2.5448154657293496
wdbc,569,30,variance,18,20,0.7051845342706503,0.9894279331541596,2.5448154657293496
wdbc,569,30,variance,18,30,0.7483889865260692,0.9888010993554827,2.5448154657293496
wdbc,569,30,variance,18,50,0.793743409490334,0.9883958597087267,2.5448154657293496
wdbc,569,30,variance,19,3,0.43116578793204446,0.9933222400877488,2.5448154657293496
wdbc,569,30,variance,19,5,0.5272407732864675,0.9923799141001663,2.5448154657293496
wdbc,569,30,variance,19,10,0.6173989455184534,0.9904868046923,2.5448154657293496
wdbc,569,30,variance,19,20,0.7042179261862919,0.9892884126152677,2.5448154657293496
wdbc,569,30,variance,19,30,0.7461628588166372,0.9885274914406603,2.5448154657293496
wdbc,569,30,variance,19,50,0.792091388400703,0.9882567578876893,2.5448154657293496
wdbc,569,30,variance,20,3,0.43409490333919154,0.9932100611998155,2.5448154657293496
wdbc,569,30,variance,20,5,0.5254833040421792,0.9926449442214975,2.5448154657293496
wdbc,569,30,variance,20,10,0.6184534270650264,0.9904560053216233,2.5448154657293496
wdbc,569,30,variance,20,20,0.7057117750439367,0.9892463116807247,2.5448154657293496
wdbc,569,30,variance,20,30,0.7467486818980669,0.9885185390344494,2.5448154657293496
wdbc,569,30,variance,20,50,0.792688927943761,0.9882080401992155,2.5448154657293496
wdbc,569,30,variance,21,3,0.47451669595782076,0.994235251592317,2.5448154657293496
wdbc,569,30,variance,21,5,0.5539543057996484,0.9931712451716587,2.5448154657293496
wdbc,569,30,variance,21,10,0.6495606326889279,0.9917213196736536,2.5448154657293496
wdbc,569,30,variance,21,20,0.7334797891036907,0.9907727153307779,2.5448154657293496
wdbc,569,30,variance,21,30,0.7707674282366727,0.9902152438215808,2.5448154657293496
wdbc,569,30,variance,21,50,0.8133919156414763,0.9898452821655155,2.5448154657293496
wdbc,569,30,variance,22,3,0.5454012888107791,0.9974354659786362,2.5448154657293496
wdbc,569,30,variance,22,5,0.6376098418277679,0.9971385518578737,2.5448154657293496
wdbc,569,30,variance,22,10,0.719859402460457,0.996262480492409,2.5448154657293496
wdbc,569,30,variance,22,20,0.7840070298769772,0.9951002997651812,2.5448154657293496
wdbc,569,30,variance,22,30,0.8135325131810193,0.9943927722748456,2.5448154657293496
wdbc,569,30,variance,22,50,0.8452724077328647,0.9937167002313022,2.5448154657293496
wdbc,569,30,variance,23,3,0.619800820152314,0.9983484774832043,2.5448154657293496
wdbc,569,30,variance,23,5,0.6892794376098417,0.9979229908931139,2.5448154657293496
wdbc,569,30,variance,23,10,0.7634446397188048,0.997552561348695,2.5448154657293496
wdbc,569,30,variance,23,20,0.8156414762741652,0.9966877334521298,2.5448154657293496
wdbc,569,30,variance,23,30,0.8398359695371997,0.9962017178548468,2.5448154657293496
wdbc,569,30,variance,23,50,0.8669947275922673,0.9956936839724859,2.5448154657293496
wdbc,569,30,variance,24,3,0.6186291739894552,0.998444037276629,2.5448154657293496
wdbc,569,30,variance,24,5,0.6903339191564147,0.9980652174594075,2.5448154657293496
wdbc,569,30,variance,24,10,0.7669595782073814,0.9974607982752353,2.5448154657293496
wdbc,569,30,variance,24,20,0.8171353251318101,0.9966955661841378,2.5448154657293496
wdbc,569,30,variance,24,30,0.8413005272407734,0.99623707985938,2.5448154657293496
wdbc,569,30,variance,24,50,0.8674516695957821,0.995739196549876,2.5448154657293496
wdbc,569,30,variance,25,3,0.648506151142355,0.9985416744568673,2.5448154657293496
wdbc,569,30,variance,25,5,0.7156414762741651,0.9983822511270045,2.5448154657293496
wdbc,569,30,variance,25,10,0.782249560632689,0.9976678208492689,2.5448154657293496
wdbc,569,30,variance,25,20,0.831634446397188,0.9970526082181677,2.5448154657293496
wdbc,569,30,variance,25,30,0.8483889865260692,0.9964200446613165,2.5448154657293496
wdbc,569,30,variance,25,50,0.8741300527240774,0.9958709622277658,2.5448154657293496
wdbc,569,30,variance,26,3,0.6695957820738138,0.9985510226975284,2.5448154657293496
wdbc,569,30,variance,26,5,0.7233743409490332,0.9982920281069769,2.5448154657293496
wdbc,569,30,variance,26,10,0.7889279437609842,0.9979100880639737,2.5448154657293496
wdbc,569,30,variance,26,20,0.834182776801406,0.9970633782246786,2.5448154657293496
wdbc,569,30,variance,26,30,0.8520796719390744,0.9964253041999654,2.5448154657293496
wdbc,569,30,variance,26,50,0.8756063268892795,0.9958544380995116,2.5448154657293496
wdbc,569,30,variance,27,3,0.7691857059168131,0.9993186171251459,2.5448154657293496
wdbc,569,30,variance,27,5,0.8031634446397188,0.9992124282210088,2.5448154657293496
wdbc,569,30,variance,27,10,0.8469244288224955,0.9989118614091823,2.5448154657293496
wdbc,569,30,variance,27,20,0.8782073813708261,0.9984598890689329,2.5448154657293496
wdbc,569,30,variance,27,30,0.8879906268306972,0.9980267777660278,2.5448154657293496
wdbc,569,30,variance,27,50,0.9073462214411248,0.9975370501938202,2.5448154657293496
wdbc,569,30,variance,28,3,0.7844171060339779,0.9993674357152651,2.5448154657293496
wdbc,569,30,variance,28,5,0.8249560632688927,0.9992349839760157,2.5448154657293496
wdbc,569,30,variance,28,10,0.8599297012302286,0.998950281242707,2.5448154657293496
wdbc,569,30,variance,28,20,0.8836555360281195,0.9984616840700181,2.5448154657293496
wdbc,569,30,variance,28,30,0.8934387814879906,0.9980776945763525,2.5448154657293496
wdbc,569,30,variance,28,50,0.9125483304042179,0.9976417504892245,2.5448154657293496
wdbc,569,30,variance,29,3,0.9203280609256006,0.9998940532725075,2.5448154657293496
wdbc,569,30,variance,29,5,0.9353251318101932,0.9998903539687164,2.5448154657293496
wdbc,569,30,variance,29,10,0.9486818980667837,0.9998488608201841,2.5448154657293496
wdbc,569,30,variance,29,20,0.9600175746924429,0.9998284958054088,2.5448154657293496
wdbc,569,30,variance,29,30,0.9649091974223786,0.9997884994032662,2.5448154657293496
wdbc,569,30,variance,29,50,0.9711423550087874,0.9997698730241825,2.5448154657293496
wdbc,569,30,variance,30,3,1.0,1.0,2.5448154657293496
wdbc,569,30,variance,30,5,1.0,1.0,2.5448154657293496
wdbc,569,30,variance,30,10,1.0,1.0,2.5448154657293496
wdbc,569,30,variance,30,20,1.0,1.0,2.5448154657293496
wdbc,569,30,variance,30,30,1.0,1.0,2.5448154657293496
wdbc,569,30,variance,30,50,1.0,1.0,2.5448154657293496
ionosphere,351,34,pai,1,3,0.022792022792022793,0.5712031135923237,14.957264957264957
ionosphere,351,34,pai,1,5,0.056410256410256404,0.5905991212113662,14.957264957264957
ionosphere,351,34,pai,1,10,0.09116809116809117,0.582092467338369,14.957264957264957
ionosphere,351,34,pai,1,20,0.1339031339031339,0.5839171344631563,14.957264957264957
ionosphere,351,34,pai,1,30,0.16704653371320036,0.5932345119470052,14.957264957264957
ionosphere,351,34,pai,1,50,0.23561253561253562,0.6105980837741274,14.957264957264957
ionosphere,351,34,pai,2,3,0.11396011396011396,0.7081583584473758,14.957264957264957
ionosphere,351,34,pai,2,5,0.15327635327635328,0.7028033191298497,14.957264957264957
ionosphere,351,34,pai,2,10,0.21225071225071226,0.6946845504222554,14.957264957264957
ionosphere,351,34,pai,2,20,0.2482905982905983,0.6959562826957523,14.957264957264957
ionosphere,351,34,pai,2,30,0.28509021842355176,0.6964060287573655,14.957264957264957
ionosphere,351,34,pai,2,50,0.3393732193732194,0.7018493182558518,14.957264957264957
ionosphere,351,34,pai,3,3,0.144349477682811,0.7264737688629789,14.957264957264957
ionosphere,351,34,pai,3,5,0.18803418803418803,0.740307160715324,14.957264957264957
ionosphere,351,34,pai,3,10,0.24358974358974358,0.737994488814161,14.957264957264957
ionosphere,351,34,pai,3,20,0.29017094017094014,0.7287673729171389,14.957264957264957
ionosphere,351,34,pai,3,30,0.3110161443494777,0.7250191565521626,14.957264957264957
ionosphere,351,34,pai,3,50,0.36387464387464385,0.7276129906256947,14.957264957264957
ionosphere,351,34,pai,4,3,0.15384615384615385,0.7752553947158957,14.957264957264957
ionosphere,351,34,pai,4,5,0.21595441595441595,0.7708720606679791,14.957264957264957
ionosphere,351,34,pai,4,10,0.26695156695156697,0.7741967807541578,14.957264957264957
ionosphere,351,34,pai,4,20,0.31353276353276355,0.7640705628225128,14.957264957264957
ionosphere,351,34,pai,4,30,0.3367521367521367,0.7583924349881797,14.957264957264957
ionosphere,351,34,pai,4,50,0.388034188034188,0.7630812663843517,14.957264957264957
ionosphere,351,34,pai,5,3,0.16619183285849953,0.7934829746005083,14.957264957264957
ionosphere,351,34,pai,5,5,0.2284900284900285,0.7986809864360884,14.957264957264957
ionosphere,351,34,pai,5,10,0.27635327635327633,0.7935275410685246,14.957264957264957
ionosphere,351,34,pai,5,20,0.32108262108262103,0.7795485152739443,14.957264957264957
ionosphere,351,34,pai,5,30,0.3449192782526116,0.7750158148412376,14.957264957264957
ionosphere,351,34,pai,5,50,0.39743589743589736,0.7796708393441606,14.957264957264957
ionosphere,351,34,pai,6,3,0.1661918328584995,0.8132009288078652,14.957264957264957
ionosphere,351,34,pai,6,5,0.22507122507122507,0.8062644838155042,14.957264957264957
ionosphere,351,34,pai,6,10,0.2849002849002849,0.8034816428259051,14.957264957264957
ionosphere,351,34,pai,6,20,0.3368945868945869,0.7947255668004498,14.957264957264957
ionosphere,351,34,pai,6,30,0.37122507122507126,0.7977441119830645,14.957264957264957
ionosphere,351,34,pai,6,50,0.4206837606837607,0.8036068065832132,14.957264957264957
ionosphere,351,34,pai,7,3,0.18233618233618235,0.8227497543489837,14.957264957264957
ionosphere,351,34,pai,7,5,0.2427350427350428,0.823102672082264,14.957264957264957
ionosphere,351,34,pai,7,10,0.29999999999999993,0.812543255166206,14.957264957264957
ionosphere,351,34,pai,7,20,0.35598290598290594,0.8089825815254832,14.957264957264957
ionosphere,351,34,pai,7,30,0.38233618233618233,0.8089623132721878,14.957264957264957
ionosphere,351,34,pai,7,50,0.4390313390313391,0.8176574061147563,14.957264957264957
ionosphere,351,34,pai,8,3,0.28869895536562207,0.8962007805938441,14.957264957264957
ionosphere,351,34,pai,8,5,0.35555555555555557,0.8950254582907644,14.957264957264957
ionosphere,351,34,pai,8,10,0.43703703703703695,0.8979759766645012,14.957264957264957
ionosphere,351,34,pai,8,20,0.516096866096866,0.897165664404354,14.957264957264957
ionosphere,351,34,pai,8,30,0.5433998100664768,0.895020539865057,14.957264957264957
ionosphere,351,34,pai,8,50,0.5926495726495726,0.8964729241317263,14.957264957264957
ionosphere,351,34,pai,9,3,0.3371320037986705,0.9184658201999243,14.957264957264957
ionosphere,351,34,pai,9,5,0.4051282051282051,0.9211582068724926,14.957264957264957
ionosphere,351,34,pai,9,10,0.4897435897435898,0.9206287337434879,14.957264957264957
ionosphere,351,34,pai,9,20,0.5774928774928775,0.9241414101008485,14.957264957264957
ionosphere,351,34,pai,9,30,0.6191832858499525,0.9270101945497472,14.957264957264957
ionosphere,351,34,pai,9,50,0.6699715099715099,0.9282698641682308,14.957264957264957
ionosphere,351,34,pai,10,3,0.362773029439696,0.9276358765761463,14.957264957264957
ionosphere,351,34,pai,10,5,0.4227920227920228,0.9258993463075096,14.957264957264957
ionosphere,351,34,pai,10,10,0.5017094017094018,0.9260813260813261,14.957264957264957
ionosphere,351,34,pai,10,20,0.5876068376068376,0.9299914218790974,14.957264957264957
ionosphere,351,34,pai,10,30,0.6267806267806267,0.9316540847364634,14.957264957264957
ionosphere,351,34,pai,10,50,0.672079772079772,0.9322990056928351,14.957264957264957
ionosphere,351,34,pai,11,3,0.352326685660019,0.9366934000845368,14.957264957264957
ionosphere,351,34,pai,11,5,0.42849002849002843,0.9353699965944864,14.957264957264957
ionosphere,351,34,pai,11,10,0.5165242165242165,0.9368429991380811,14.957264957264957
ionosphere,351,34,pai,11,20,0.6007122507122508,0.9393926868185839,14.957264957264957
ionosphere,351,34,pai,11,30,0.6367521367521368,0.940113742514179,14.957264957264957
ionosphere,351,34,pai,11,50,0.6806837606837607,0.940235055661553,14.957264957264957
ionosphere,351,34,pai,12,3,0.38651471984805313,0.9438323754316047,14.957264957264957
ionosphere,351,34,pai,12,5,0.4592592592592592,0.9426976651466448,14.957264957264957
ionosphere,351,34,pai,12,10,0.5578347578347579,0.9442512557266656,14.957264957264957
ionosphere,351,34,pai,12,20,0.6383190883190883,0.947161442013236,14.957264957264957
ionosphere,351,34,pai,12,30,0.6732193732193732,0.9488419805932081,14.957264957264957
ionosphere,351,34,pai,12,50,0.7178347578347578,0.9486724474020299,14.957264957264957
ionosphere,351,34,pai,13,3,0.42735042735042733,0.9507023697775143,14.957264957264957
ionosphere,351,34,pai,13,5,0.4991452991452991,0.9504389790104075,14.957264957264957
ionosphere,351,34,pai,13,10,0.5800569800569801,0.9502303403942748,14.957264957264957
ionosphere,351,34,pai,13,20,0.661823361823362,0.9547693018831864,14.957264957264957
ionosphere,351,34,pai,13,30,0.6958214624881291,0.9556910891335332,14.957264957264957
ionosphere,351,34,pai,13,50,0.7298005698005697,0.9527485380116959,14.957264957264957
ionosphere,351,34,pai,14,3,0.43304843304843305,0.9540069935060301,14.957264957264957
ionosphere,351,34,pai,14,5,0.49800569800569805,0.9545853994833586,14.957264957264957
ionosphere,351,34,pai,14,10,0.5886039886039887,0.957225045749636,14.957264957264957
ionosphere,351,34,pai,14,20,0.6678062678062678,0.9602388539986044,14.957264957264957
ionosphere,351,34,pai,14,30,0.7007597340930674,0.958982752108775,14.957264957264957
ionosphere,351,34,pai,14,50,0.7291737891737892,0.9539638367950528,14.957264957264957
ionosphere,351,34,pai,15,3,0.4406457739791072,0.9630507934939534,14.957264957264957
ionosphere,351,34,pai,15,5,0.5321937321937322,0.9646291727924381,14.957264957264957
ionosphere,351,34,pai,15,10,0.6213675213675213,0.9651054470726602,14.957264957264957
ionosphere,351,34,pai,15,20,0.6945868945868945,0.9672275779920085,14.957264957264957
ionosphere,351,34,pai,15,30,0.7255460588793922,0.9662891310463596,14.957264957264957
ionosphere,351,34,pai,15,50,0.7511680911680914,0.9613530436760926,14.957264957264957
ionosphere,351,34,pai,16,3,0.46153846153846156,0.9649665969511827,14.957264957264957
ionosphere,351,34,pai,16,5,0.5504273504273504,0.9665910808767951,14.957264957264957
ionosphere,351,34,pai,16,10,0.6421652421652423,0.9684435782796439,14.957264957264957
ionosphere,351,34,pai,16,20,0.7118233618233619,0.971086843473739,14.957264957264957
ionosphere,351,34,pai,16,30,0.748338081671415,0.9716943096102943,14.957264957264957
ionosphere,351,34,pai,16,50,0.7772649572649574,0.969501708884649,14.957264957264957
ionosphere,351,34,pai,17,3,0.4890788224121558,0.9726462790046605,14.957264957264957
ionosphere,351,34,pai,17,5,0.5726495726495726,0.9728007442293156,14.957264957264957
ionosphere,351,34,pai,17,10,0.666951566951567,0.974148377427066,14.957264957264957
ionosphere,351,34,pai,17,20,0.7360398860398861,0.9762448275708806,14.957264957264957
ionosphere,351,34,pai,17,30,0.7684710351377019,0.9762548901665105,14.957264957264957
ionosphere,351,34,pai,17,50,0.7961823361823362,0.973858253059705,14.957264957264957
ionosphere,351,34,pai,18,3,0.5118708452041786,0.9763488848267269,14.957264957264957
ionosphere,351,34,pai,18,5,0.5857549857549856,0.974553337818644,14.957264957264957
ionosphere,351,34,pai,18,10,0.6735042735042736,0.9748752765146208,14.957264957264957
ionosphere,351,34,pai,18,20,0.7480056980056978,0.9766350654026161,14.957264957264957
ionosphere,351,34,pai,18,30,0.779392212725546,0.9777323926805651,14.957264957264957
ionosphere,351,34,pai,18,50,0.8029629629629631,0.9754861660487795,14.957264957264957
ionosphere,351,34,pai,19,3,0.5375118708452041,0.9819782729223963,14.957264957264957
ionosphere,351,34,pai,19,5,0.6142450142450142,0.9818477818477819,14.957264957264957
ionosphere,351,34,pai,19,10,0.6928774928774929,0.9794888778495335,14.957264957264957
ionosphere,351,34,pai,19,20,0.7698005698005699,0.981718379846305,14.957264957264957
ionosphere,351,34,pai,19,30,0.802659069325736,0.9824947193195965,14.957264957264957
ionosphere,351,34,pai,19,50,0.8285470085470086,0.9814693822679303,14.957264957264957
ionosphere,351,34,pai,20,3,0.5622032288698955,0.9842399090954004,14.957264957264957
ionosphere,351,34,pai,20,5,0.6324786324786325,0.9845223559509274,14.957264957264957
ionosphere,351,34,pai,20,10,0.7148148148148149,0.982703028604668,14.957264957264957
ionosphere,351,34,pai,20,20,0.7937321937321938,0.9838091301429835,14.957264957264957
ionosphere,351,34,pai,20,30,0.8181386514719851,0.9840082812259572,14.957264957264957
ionosphere,351,34,pai,20,50,0.8395441595441594,0.9825204626656532,14.957264957264957
ionosphere,351,34,pai,21,3,0.5688509021842355,0.9861172866953214,14.957264957264957
ionosphere,351,34,pai,21,5,0.6507122507122507,0.9859609777977125,14.957264957264957
ionosphere,351,34,pai,21,10,0.7227920227920228,0.9847206830813389,14.957264957264957
ionosphere,351,34,pai,21,20,0.8022792022792021,0.986300785364748,14.957264957264957
ionosphere,351,34,pai,21,30,0.8339031339031341,0.9871591260571075,14.957264957264957
ionosphere,351,34,pai,21,50,0.8576068376068375,0.9861640839499278,14.957264957264957
ionosphere,351,34,pai,22,3,0.5897435897435898,0.9879589831420275,14.957264957264957
ionosphere,351,34,pai,22,5,0.6695156695156694,0.9873381342769098,14.957264957264957
ionosphere,351,34,pai,22,10,0.7364672364672364,0.985471359241851,14.957264957264957
ionosphere,351,34,pai,22,20,0.8143874643874645,0.987607059837949,14.957264957264957
ionosphere,351,34,pai,22,30,0.8471984805318139,0.9890621915717388,14.957264957264957
ionosphere,351,34,pai,22,50,0.8662108262108261,0.9879260189967994,14.957264957264957
ionosphere,351,34,pai,23,3,0.6001899335232669,0.9883459864192041,14.957264957264957
ionosphere,351,34,pai,23,5,0.6792022792022793,0.9881920045185352,14.957264957264957
ionosphere,351,34,pai,23,10,0.7492877492877493,0.9867697572615606,14.957264957264957
ionosphere,351,34,pai,23,20,0.8264957264957264,0.9889093341511438,14.957264957264957
ionosphere,351,34,pai,23,30,0.8574548907882242,0.9902770200642541,14.957264957264957
ionosphere,351,34,pai,23,50,0.8760683760683761,0.9895986060051396,14.957264957264957
ionosphere,351,34,pai,24,3,0.6182336182336182,0.9888125861150909,14.957264957264957
ionosphere,351,34,pai,24,5,0.6837606837606837,0.9883730781689966,14.957264957264957
ionosphere,351,34,pai,24,10,0.7584045584045583,0.9873089873089873,14.957264957264957
ionosphere,351,34,pai,24,20,0.8330484330484331,0.9897342560369081,14.957264957264957
ionosphere,351,34,pai,24,30,0.8669515669515672,0.9913308247187135,14.957264957264957
ionosphere,351,34,pai,24,50,0.8876353276353276,0.9906678869292299,14.957264957264957
ionosphere,351,34,pai,25,3,0.6296296296296297,0.989863807782883,14.957264957264957
ionosphere,351,34,pai,25,5,0.6997150997150996,0.9892568504813403,14.957264957264957
ionosphere,351,34,pai,25,10,0.7735042735042736,0.9887602379405658,14.957264957264957
ionosphere,351,34,pai,25,20,0.8434472934472935,0.9904262837180153,14.957264957264957
ionosphere,351,34,pai,25,30,0.8766381766381766,0.9917635374263852,14.957264957264957
ionosphere,351,34,pai,25,50,0.8954985754985756,0.9912610586294797,14.957264957264957
ionosphere,351,34,pai,26,3,0.6438746438746439,0.9900147665080228,14.957264957264957
ionosphere,351,34,pai,26,5,0.7076923076923076,0.9896189977822631,14.957264957264957
ionosphere,351,34,pai,26,10,0.7760683760683762,0.9885623787263131,14.957264957264957
ionosphere,351,34,pai,26,20,0.8497150997150997,0.9908485228298021,14.957264957264957
ionosphere,351,34,pai,26,30,0.8792022792022792,0.9917566985761203,14.957264957264957
ionosphere,351,34,pai,26,50,0.8998860398860399,0.9915408917223799,14.957264957264957
ionosphere,351,34,pai,27,3,0.6885090218423552,0.9922544450482793,14.957264957264957
ionosphere,351,34,pai,27,5,0.7572649572649571,0.9922370901962738,14.957264957264957
ionosphere,351,34,pai,27,10,0.8102564102564104,0.9918937164838805,14.957264957264957
ionosphere,351,34,pai,27,20,0.8605413105413106,0.9923272486455014,14.957264957264957
ionosphere,351,34,pai,27,30,0.8871794871794875,0.9930856115253278,14.957264957264957
ionosphere,351,34,pai,27,50,0.9108831908831909,0.9941036499294212,14.957264957264957
ionosphere,351,34,pai,28,3,0.7350427350427351,0.9944392295066669,14.957264957264957
ionosphere,351,34,pai,28,5,0.8108262108262108,0.9945661292600068,14.957264957264957
ionosphere,351,34,pai,28,10,0.8495726495726497,0.994635722504575,14.957264957264957
ionosphere,351,34,pai,28,20,0.8913105413105413,0.9940930970572156,14.957264957264957
ionosphere,351,34,pai,28,30,0.9097815764482432,0.9950234930049442,14.957264957264957
ionosphere,351,34,pai,28,50,0.9290598290598291,0.9955586579180046,14.957264957264957
ionosphere,351,34,pai,29,3,0.7616334283000951,0.995570047593169,14.957264957264957
ionosphere,351,34,pai,29,5,0.8324786324786324,0.9952106850066034,14.957264957264957
ionosphere,351,34,pai,29,10,0.8680911680911683,0.9963187995974881,14.957264957264957
ionosphere,351,34,pai,29,20,0.9032763532763534,0.9953353689703144,14.957264957264957
ionosphere,351,34,pai,29,30,0.9182336182336183,0.9955665598873454,14.957264957264957
ionosphere,351,34,pai,29,50,0.9388034188034188,0.9964093257015217,14.957264957264957
ionosphere,351,34,pai,30,3,0.7977207977207977,0.9956880698691875,14.957264957264957
ionosphere,351,34,pai,30,5,0.8518518518518519,0.9956027343782445,14.957264957264957
ionosphere,351,34,pai,30,10,0.8945868945868948,0.9964232488822653,14.957264957264957
ionosphere,351,34,pai,30,20,0.9192307692307692,0.996038063744772,14.957264957264957
ionosphere,351,34,pai,30,30,0.9316239316239316,0.9963813156393626,14.957264957264957
ionosphere,351,34,pai,30,50,0.9484900284900285,0.9967590653616062,14.957264957264957
ionosphere,351,34,pai,31,3,0.8537511870845204,0.99636601178027,14.957264957264957
ionosphere,351,34,pai,31,5,0.8894586894586894,0.9961243593896655,14.957264957264957
ionosphere,351,34,pai,31,10,0.9227920227920228,0.9972766759652005,14.957264957264957
ionosphere,351,34,pai,31,20,0.9373219373219374,0.9968727637994409,14.957264957264957
ionosphere,351,34,pai,31,30,0.9482431149097816,0.997189543397945,14.957264957264957
ionosphere,351,34,pai,31,50,0.9621652421652422,0.9977131452267568,14.957264957264957
ionosphere,351,34,pai,32,3,0.9230769230769231,0.9979634295626588,14.957264957264957
ionosphere,351,34,pai,32,5,0.9413105413105413,0.9980679939863614,14.957264957264957
ionosphere,351,34,pai,32,10,0.9623931623931624,0.9987873692791726,14.957264957264957
ionosphere,351,34,pai,32,20,0.9705128205128204,0.9986066109311039,14.957264957264957
ionosphere,351,34,pai,32,30,0.9776828110161444,0.998714917863854,14.957264957264957
ionosphere,351,34,pai,32,50,0.9843304843304843,0.9989830455892161,14.957264957264957
ionosphere,351,34,pai,33,3,0.9990503323836656,1.0,14.957264957264957
ionosphere,351,34,pai,33,5,1.0,1.0,14.957264957264957
ionosphere,351,34,pai,33,10,0.9997150997150996,1.0,14.957264957264957
ionosphere,351,34,pai,33,20,0.9998575498575498,1.0,14.957264957264957
ionosphere,351,34,pai,33,30,1.0,1.0,14.957264957264957
ionosphere,351,34,pai,33,50,0.99994301994302,0.9999997931758368,14.957264957264957
ionosphere,351,34,pai,34,3,1.0,1.0,14.957264957264957
ionosphere,351,34,pai,34,5,1.0,1.0,14.957264957264957
ionosphere,351,34,pai,34,10,1.0,1.0,14.957264957264957
ionosphere,351,34,pai,34,20,1.0,1.0,14.957264957264957
ionosphere,351,34,pai,34,30,1.0,1.0,14.957264957264957
ionosphere,351,34,pai,34,50,1.0,0.9999995863516735,14.957264957264957
ionosphere,351,34,nrs,1,3,0.0332383665716999,0.5908579396055311,14.957264957264957
ionosphere,351,34,nrs,1,5,0.039316239316239315,0.5873696975737792,14.957264957264957
ionosphere,351,34,nrs,1,10,0.0792022792022792,0.5853983296606247,14.957264957264957
ionosphere,351,34,nrs,1,20,0.1264957264957265,0.5770808610122182,14.957264957264957
ionosphere,351,34,nrs,1,30,0.18357075023741692,0.6030706437689526,14.957264957264957
ionosphere,351,34,nrs,1,50,0.2573789173789174,0.6095422464206492,14.957264957264957
ionosphere,351,34,nrs,2,3,0.06837606837606838,0.6708935109705823,14.957264957264957
ionosphere,351,34,nrs,2,5,0.1094017094017094,0.6712483283911855,14.957264957264957
ionosphere,351,34,nrs,2,10,0.15954415954415954,0.6656892591318821,14.957264957264957
ionosphere,351,34,nrs,2,20,0.24871794871794875,0.6819277215533066,14.957264957264957
ionosphere,351,34,nrs,2,30,0.31130104463437797,0.6950625055371373,14.957264957264957
ionosphere,351,34,nrs,2,50,0.39230769230769236,0.7085111245546818,14.957264957264957
ionosphere,351,34,nrs,3,3,0.1671415004748338,0.7415778754892435,14.957264957264957
ionosphere,351,34,nrs,3,5,0.20341880341880345,0.744523352686618,14.957264957264957
ionosphere,351,34,nrs,3,10,0.2646723646723647,0.7542197935640559,14.957264957264957
ionosphere,351,34,nrs,3,20,0.36353276353276354,0.7647994808681237,14.957264957264957
ionosphere,351,34,nrs,3,30,0.41946818613485276,0.7746250678056461,14.957264957264957
ionosphere,351,34,nrs,3,50,0.49703703703703705,0.7892858878702799,14.957264957264957
ionosphere,351,34,nrs,4,3,0.22412155745489076,0.8185695700146567,14.957264957264957
ionosphere,351,34,nrs,4,5,0.26495726495726496,0.8229448555979169,14.957264957264957
ionosphere,351,34,nrs,4,10,0.35156695156695156,0.8357615669091079,14.957264957264957
ionosphere,351,34,nrs,4,20,0.46452991452991454,0.852464320795054,14.957264957264957
ionosphere,351,34,nrs,4,30,0.5209876543209876,0.8586757809889288,14.957264957264957
ionosphere,351,34,nrs,4,50,0.5922507122507122,0.8644151788253421,14.957264957264957
ionosphere,351,34,nrs,5,3,0.26115859449192785,0.8455362877328195,14.957264957264957
ionosphere,351,34,nrs,5,5,0.3122507122507122,0.8577259475218659,14.957264957264957
ionosphere,351,34,nrs,5,10,0.4017094017094017,0.8663108597534828,14.957264957264957
ionosphere,351,34,nrs,5,20,0.512962962962963,0.8821437301936522,14.957264957264957
ionosphere,351,34,nrs,5,30,0.5673314339981006,0.8883650951299615,14.957264957264957
ionosphere,351,34,nrs,5,50,0.6372649572649572,0.8908615777581295,14.957264957264957
ionosphere,351,34,nrs,6,3,0.2801519468186135,0.8789064001010051,14.957264957264957
ionosphere,351,34,nrs,6,5,0.33390313390313386,0.878356715091409,14.957264957264957
ionosphere,351,34,nrs,6,10,0.4324786324786325,0.8899631030778572,14.957264957264957
ionosphere,351,34,nrs,6,20,0.5415954415954416,0.9024965443062167,14.957264957264957
ionosphere,351,34,nrs,6,30,0.5919278252611585,0.9087734677478267,14.957264957264957
ionosphere,351,34,nrs,6,50,0.6653561253561254,0.910420111581636,14.957264957264957
ionosphere,351,34,nrs,7,3,0.29724596391263053,0.8842393601545817,14.957264957264957
ionosphere,351,34,nrs,7,5,0.3715099715099715,0.8874751854343691,14.957264957264957
ionosphere,351,34,nrs,7,10,0.4672364672364672,0.9016164163705147,14.957264957264957
ionosphere,351,34,nrs,7,20,0.5746438746438746,0.913619211435124,14.957264957264957
ionosphere,351,34,nrs,7,30,0.6168091168091168,0.9200948735045844,14.957264957264957
ionosphere,351,34,nrs,7,50,0.6864387464387465,0.9241586134508095,14.957264957264957
ionosphere,351,34,nrs,8,3,0.29534662867996203,0.9048685561209646,14.957264957264957
ionosphere,351,34,nrs,8,5,0.3777777777777778,0.9052154195011338,14.957264957264957
ionosphere,351,34,nrs,8,10,0.48575498575498577,0.9152135053774398,14.957264957264957
ionosphere,351,34,nrs,8,20,0.5992877492877493,0.9263988337311271,14.957264957264957
ionosphere,351,34,nrs,8,30,0.6408357075023741,0.9309900945471049,14.957264957264957
ionosphere,351,34,nrs,8,50,0.7065527065527065,0.9333674593202724,14.957264957264957
ionosphere,351,34,nrs,9,3,0.31244064577397906,0.9102646443686906,14.957264957264957
ionosphere,351,34,nrs,9,5,0.39088319088319096,0.9118437118437118,14.957264957264957
ionosphere,351,34,nrs,9,10,0.484900284900285,0.921038888252003,14.957264957264957
ionosphere,351,34,nrs,9,20,0.608831908831909,0.9305549999777769,14.957264957264957
ionosphere,351,34,nrs,9,30,0.645014245014245,0.9355963710573639,14.957264957264957
ionosphere,351,34,nrs,9,50,0.7107692307692307,0.9378462365758191,14.957264957264957
ionosphere,351,34,nrs,10,3,0.34472934472934474,0.927397087320016,14.957264957264957
ionosphere,351,34,nrs,10,5,0.40797720797720793,0.9292749578463864,14.957264957264957
ionosphere,351,34,nrs,10,10,0.5071225071225072,0.9371079436653207,14.957264957264957
ionosphere,351,34,nrs,10,20,0.6311965811965812,0.9445951171380189,14.957264957264957
ionosphere,351,34,nrs,10,30,0.6657169990503323,0.946038362841418,14.957264957264957
ionosphere,351,34,nrs,10,50,0.7312820512820513,0.9480530090330453,14.957264957264957
ionosphere,351,34,nrs,11,3,0.34567901234567905,0.9343631463091964,14.957264957264957
ionosphere,351,34,nrs,11,5,0.41766381766381766,0.9368235694766307,14.957264957264957
ionosphere,351,34,nrs,11,10,0.5159544159544159,0.9433528220413466,14.957264957264957
ionosphere,351,34,nrs,11,20,0.6438746438746439,0.9495775386571018,14.957264957264957
ionosphere,351,34,nrs,11,30,0.671415004748338,0.9514581516763732,14.957264957264957
ionosphere,351,34,nrs,11,50,0.7337321937321937,0.9520631227346291,14.957264957264957
ionosphere,351,34,nrs,12,3,0.34283000949667614,0.9423804269661687,14.957264957264957
ionosphere,351,34,nrs,12,5,0.43361823361823365,0.9447127324678345,14.957264957264957
ionosphere,351,34,nrs,12,10,0.5341880341880342,0.95109820355722,14.957264957264957
ionosphere,351,34,nrs,12,20,0.6581196581196581,0.9556600041779449,14.957264957264957
ionosphere,351,34,nrs,12,30,0.6953466286799619,0.9579681154149239,14.957264957264957
ionosphere,351,34,nrs,12,50,0.7547578347578348,0.9578951504904318,14.957264957264957
ionosphere,351,34,nrs,13,3,0.3447293447293447,0.9479933468372774,14.957264957264957
ionosphere,351,34,nrs,13,5,0.4284900284900285,0.9494738066166638,14.957264957264957
ionosphere,351,34,nrs,13,10,0.5435897435897437,0.9534988387447404,14.957264957264957
ionosphere,351,34,nrs,13,20,0.656980056980057,0.957280068980537,14.957264957264957
ionosphere,351,34,nrs,13,30,0.6981006647673315,0.959410180250333,14.957264957264957
ionosphere,351,34,nrs,13,50,0.7573789173789175,0.9597019663807322,14.957264957264957
ionosphere,351,34,nrs,14,3,0.3751187084520418,0.958302455412282,14.957264957264957
ionosphere,351,34,nrs,14,5,0.4478632478632478,0.9557532414675272,14.957264957264957
ionosphere,351,34,nrs,14,10,0.562962962962963,0.9604196653376982,14.957264957264957
ionosphere,351,34,nrs,14,20,0.6766381766381767,0.9655043979536959,14.957264957264957
ionosphere,351,34,nrs,14,30,0.7131054131054131,0.9664921205564959,14.957264957264957
ionosphere,351,34,nrs,14,50,0.768034188034188,0.9648312056297538,14.957264957264957
ionosphere,351,34,nrs,15,3,0.4169040835707502,0.961571397987583,14.957264957264957
ionosphere,351,34,nrs,15,5,0.4951566951566952,0.9602402133014378,14.957264957264957
ionosphere,351,34,nrs,15,10,0.5968660968660968,0.9667282323020028,14.957264957264957
ionosphere,351,34,nrs,15,20,0.6937321937321937,0.9705139316683778,14.957264957264957
ionosphere,351,34,nrs,15,30,0.7306742640075974,0.9721111686196247,14.957264957264957
ionosphere,351,34,nrs,15,50,0.787179487179487,0.9727924881463902,14.957264957264957
ionosphere,351,34,nrs,16,3,0.43874643874643876,0.9625951726144404,14.957264957264957
ionosphere,351,34,nrs,16,5,0.4991452991452991,0.965750500444378,14.957264957264957
ionosphere,351,34,nrs,16,10,0.6045584045584045,0.9693292742473071,14.957264957264957
ionosphere,351,34,nrs,16,20,0.704985754985755,0.9725464574138522,14.957264957264957
ionosphere,351,34,nrs,16,30,0.7393162393162394,0.9740366158260321,14.957264957264957
ionosphere,351,34,nrs,16,50,0.7905982905982906,0.9743473922058314,14.957264957264957
ionosphere,351,34,nrs,17,3,0.4881291547958214,0.9748941916571975,14.957264957264957
ionosphere,351,34,nrs,17,5,0.5470085470085471,0.9735682307110879,14.957264957264957
ionosphere,351,34,nrs,17,10,0.6481481481481481,0.9759027857388514,14.957264957264957
ionosphere,351,34,nrs,17,20,0.7324786324786325,0.9780080092092572,14.957264957264957
ionosphere,351,34,nrs,17,30,0.7683760683760683,0.9798157551567263,14.957264957264957
ionosphere,351,34,nrs,17,50,0.8162393162393162,0.9796902808155077,14.957264957264957
ionosphere,351,34,nrs,18,3,0.4881291547958214,0.9748941916571975,14.957264957264957
ionosphere,351,34,nrs,18,5,0.5470085470085471,0.9735682307110879,14.957264957264957
ionosphere,351,34,nrs,18,10,0.6481481481481481,0.9759027857388514,14.957264957264957
ionosphere,351,34,nrs,18,20,0.7324786324786325,0.9780080092092572,14.957264957264957
ionosphere,351,34,nrs,18,30,0.7683760683760683,0.9798157551567263,14.957264957264957
ionosphere,351,34,nrs,18,50,0.8162393162393162,0.9796902808155077,14.957264957264957
ionosphere,351,34,nrs,19,3,0.5223171889838556,0.9767111857670625,14.957264957264957
ionosphere,351,34,nrs,19,5,0.5800569800569801,0.9767162542672747,14.957264957264957
ionosphere,351,34,nrs,19,10,0.6797720797720799,0.9799983865557637,14.957264957264957
ionosphere,351,34,nrs,19,20,0.756980056980057,0.9814797036325897,14.957264957264957
ionosphere,351,34,nrs,19,30,0.7894586894586896,0.9825214530069958,14.957264957264957
ionosphere,351,34,nrs,19,50,0.8327065527065526,0.9831485876494951,14.957264957264957
ionosphere,351,34,nrs,20,3,0.5527065527065527,0.981788888339948,14.957264957264957
ionosphere,351,34,nrs,20,5,0.6324786324786323,0.9816069040558837,14.957264957264957
ionosphere,351,34,nrs,20,10,0.7099715099715099,0.9829399501530649,14.957264957264957
ionosphere,351,34,nrs,20,20,0.7823361823361822,0.9845624936108556,14.957264957264957
ionosphere,351,34,nrs,20,30,0.8124406457739793,0.985652713857842,14.957264957264957
ionosphere,351,34,nrs,20,50,0.8494586894586894,0.9862894193928676,14.957264957264957
ionosphere,351,34,nrs,21,3,0.5660018993352327,0.9831667297948609,14.957264957264957
ionosphere,351,34,nrs,21,5,0.6393162393162393,0.983213309743922,14.957264957264957
ionosphere,351,34,nrs,21,10,0.7156695156695158,0.9833229308639144,14.957264957264957
ionosphere,351,34,nrs,21,20,0.7863247863247863,0.9847958362778956,14.957264957264957
ionosphere,351,34,nrs,21,30,0.8171889838556506,0.9864037439596632,14.957264957264957
ionosphere,351,34,nrs,21,50,0.8528774928774929,0.9866627370075646,14.957264957264957
ionosphere,351,34,nrs,22,3,0.570750237416904,0.9824613408428438,14.957264957264957
ionosphere,351,34,nrs,22,5,0.6444444444444444,0.9842216740175924,14.957264957264957
ionosphere,351,34,nrs,22,10,0.7284900284900285,0.9848964635849882,14.957264957264957
ionosphere,351,34,nrs,22,20,0.7952991452991452,0.9852989675142562,14.957264957264957
ionosphere,351,34,nrs,22,30,0.8270655270655273,0.9873751715541131,14.957264957264957
ionosphere,351,34,nrs,22,50,0.8611396011396011,0.987899338679738,14.957264957264957
ionosphere,351,34,nrs,23,3,0.597340930674264,0.9837046917971773,14.957264957264957
ionosphere,351,34,nrs,23,5,0.6558404558404557,0.9845240171770784,14.957264957264957
ionosphere,351,34,nrs,23,10,0.7341880341880344,0.9851928278157787,14.957264957264957
ionosphere,351,34,nrs,23,20,0.8022792022792024,0.9860945548933069,14.957264957264957
ionosphere,351,34,nrs,23,30,0.8324786324786326,0.9878277790989193,14.957264957264957
ionosphere,351,34,nrs,23,50,0.8683760683760684,0.9889601398131344,14.957264957264957
ionosphere,351,34,nrs,24,3,0.6087369420702754,0.9875335540075425,14.957264957264957
ionosphere,351,34,nrs,24,5,0.6643874643874643,0.9871753341141096,14.957264957264957
ionosphere,351,34,nrs,24,10,0.7504273504273503,0.9879552141847224,14.957264957264957
ionosphere,351,34,nrs,24,20,0.8125356125356127,0.9878417358916579,14.957264957264957
ionosphere,351,34,nrs,24,30,0.8419753086419756,0.9894268266335915,14.957264957264957
ionosphere,351,34,nrs,24,50,0.8733903133903136,0.9901495855760829,14.957264957264957
ionosphere,351,34,nrs,25,3,0.6077872744539411,0.9885683074507737,14.957264957264957
ionosphere,351,34,nrs,25,5,0.6740740740740739,0.9882767270522372,14.957264957264957
ionosphere,351,34,nrs,25,10,0.7547008547008547,0.9896671634376553,14.957264957264957
ionosphere,351,34,nrs,25,20,0.8160968660968663,0.9888502206754937,14.957264957264957
ionosphere,351,34,nrs,25,30,0.8447293447293449,0.9903186748795041,14.957264957264957
ionosphere,351,34,nrs,25,50,0.8765242165242164,0.9908176276234353,14.957264957264957
ionosphere,351,34,nrs,26,3,0.6315289648622983,0.98894707661567,14.957264957264957
ionosphere,351,34,nrs,26,5,0.6877492877492877,0.9888714460143031,14.957264957264957
ionosphere,351,34,nrs,26,10,0.7729344729344729,0.9907014661113022,14.957264957264957
ionosphere,351,34,nrs,26,20,0.8333333333333334,0.991182758421448,14.957264957264957
ionosphere,351,34,nrs,26,30,0.8601139601139602,0.9920262114479245,14.957264957264957
ionosphere,351,34,nrs,26,50,0.8917378917378918,0.992664981049736,14.957264957264957
ionosphere,351,34,nrs,27,3,0.6533713200379867,0.9917988241687664,14.957264957264957
ionosphere,351,34,nrs,27,5,0.7076923076923076,0.9918832490261061,14.957264957264957
ionosphere,351,34,nrs,27,10,0.7917378917378917,0.9922495233970644,14.957264957264957
ionosphere,351,34,nrs,27,20,0.8495726495726497,0.9931072798467494,14.957264957264957
ionosphere,351,34,nrs,27,30,0.8704653371320039,0.9932976158835406,14.957264957264957
ionosphere,351,34,nrs,27,50,0.8978917378917378,0.993465183737416,14.957264957264957
ionosphere,351,34,nrs,28,3,0.6780626780626782,0.994688997579171,14.957264957264957
ionosphere,351,34,nrs,28,5,0.7458689458689457,0.9941076308423247,14.957264957264957
ionosphere,351,34,nrs,28,10,0.8176638176638177,0.9934519639437672,14.957264957264957
ionosphere,351,34,nrs,28,20,0.860968660968661,0.9940268721859985,14.957264957264957
ionosphere,351,34,nrs,28,30,0.8840455840455841,0.9947023778993228,14.957264957264957
ionosphere,351,34,nrs,28,50,0.9092307692307692,0.9951385980424093,14.957264957264957
ionosphere,351,34,nrs,29,3,0.7150997150997151,0.994859169232965,14.957264957264957
ionosphere,351,34,nrs,29,5,0.7772079772079771,0.9944216025848679,14.957264957264957
ionosphere,351,34,nrs,29,10,0.837891737891738,0.9948148997329325,14.957264957264957
ionosphere,351,34,nrs,29,20,0.8796296296296297,0.9954104830859901,14.957264957264957
ionosphere,351,34,nrs,29,30,0.8970560303893638,0.9956759814915843,14.957264957264957
ionosphere,351,34,nrs,29,50,0.9209686609686609,0.9960885414242946,14.957264957264957
ionosphere,351,34,nrs,30,3,0.7426400759734093,0.995460259429431,14.957264957264957
ionosphere,351,34,nrs,30,5,0.8039886039886042,0.9959183673469387,14.957264957264957
ionosphere,351,34,nrs,30,10,0.8612535612535613,0.99590949427015,14.957264957264957
ionosphere,351,34,nrs,30,20,0.8965811965811967,0.9963060744652008,14.957264957264957
ionosphere,351,34,nrs,30,30,0.9121557454890787,0.9966017131319914,14.957264957264957
ionosphere,351,34,nrs,30,50,0.9337321937321937,0.9969390023836485,14.957264957264957
ionosphere,351,34,nrs,31,3,0.7882241215574549,0.9981994741146957,14.957264957264957
ionosphere,351,34,nrs,31,5,0.8376068376068376,0.9974815811550506,14.957264957264957
ionosphere,351,34,nrs,31,10,0.882905982905983,0.9974923679841713,14.957264957264957
ionosphere,351,34,nrs,31,20,0.9155270655270654,0.9976594619340329,14.957264957264957
ionosphere,351,34,nrs,31,30,0.9286799620132954,0.9977758193797474,14.957264957264957
ionosphere,351,34,nrs,31,50,0.9441025641025641,0.9980223473508409,14.957264957264957
ionosphere,351,34,nrs,32,3,0.8385565052231718,0.9989926935977033,14.957264957264957
ionosphere,351,34,nrs,32,5,0.878062678062678,0.9988271743373784,14.957264957264957
ionosphere,351,34,nrs,32,10,0.9094017094017095,0.9986319691237724,14.957264957264957
ionosphere,351,34,nrs,32,20,0.9373219373219374,0.9987226155712895,14.957264957264957
ionosphere,351,34,nrs,32,30,0.9437796771130104,0.9986909818879268,14.957264957264957
ionosphere,351,34,nrs,32,50,0.9529914529914529,0.9986771526517443,14.957264957264957
ionosphere,351,34,nrs,33,3,0.8774928774928775,0.9992671640070484,14.957264957264957
ionosphere,351,34,nrs,33,5,0.9025641025641025,0.9991112440092031,14.957264957264957
ionosphere,351,34,nrs,33,10,0.9290598290598291,0.9990013629357891,14.957264957264957
ionosphere,351,34,nrs,33,20,0.94985754985755,0.9991172980252544,14.957264957264957
ionosphere,351,34,nrs,33,30,0.9556505223171892,0.9991078408972571,14.957264957264957
ionosphere,351,34,nrs,33,50,0.9663247863247864,0.9990777710559925,14.957264957264957
ionosphere,351,34,nrs,34,3,1.0,1.0,14.957264957264957
ionosphere,351,34,nrs,34,5,1.0,1.0,14.957264957264957
ionosphere,351,34,nrs,34,10,1.0,1.0,14.957264957264957
ionosphere,351,34,nrs,34,20,1.0,1.0,14.957264957264957
ionosphere,351,34,nrs,34,30,1.0,1.0,14.957264957264957
ionosphere,351,34,nrs,34,50,1.0,0.9999995863516735,14.957264957264957
ionosphere,351,34,relieff,1,3,0.037037037037037035,0.5901635294698878,14.957264957264957
ionosphere,351,34,relieff,1,5,0.06381766381766381,0.579301122158265,14.957264957264957
ionosphere,351,34,relieff,1,10,0.09287749287749286,0.5831751733391077,14.957264957264957
ionosphere,351,34,relieff,1,20,0.1394586894586895,0.5825033001320052,14.957264957264957
ionosphere,351,34,relieff,1,30,0.18290598290598292,0.5967347598553272,14.957264957264957
ionosphere,351,34,relieff,1,50,0.2506552706552707,0.6161233912958051,14.957264957264957
ionosphere,351,34,relieff,2,3,0.08831908831908832,0.7065636853690804,14.957264957264957
ionosphere,351,34,relieff,2,5,0.1259259259259259,0.6991452991452991,14.957264957264957
ionosphere,351,34,relieff,2,10,0.17094017094017094,0.6839823200478938,14.957264957264957
ionosphere,351,34,relieff,2,20,0.24202279202279198,0.7002391206759382,14.957264957264957
ionosphere,351,34,relieff,2,30,0.28271604938271605,0.7048992590727452,14.957264957264957
ionosphere,351,34,relieff,2,50,0.344957264957265,0.7062029668926221,14.957264957264957
ionosphere,351,34,relieff,3,3,0.12535612535612534,0.7241023445262367,14.957264957264957
ionosphere,351,34,relieff,3,5,0.17264957264957267,0.7324096915933651,14.957264957264957
ionosphere,351,34,relieff,3,10,0.23646723646723647,0.748111633357535,14.957264957264957
ionosphere,351,34,relieff,3,20,0.3035612535612536,0.7534905840678072,14.957264957264957
ionosphere,351,34,relieff,3,30,0.33950617283950624,0.7500754604955369,14.957264957264957
ionosphere,351,34,relieff,3,50,0.3936752136752137,0.7557479020273938,14.957264957264957
ionosphere,351,34,relieff,4,3,0.16144349477682807,0.7610158698790683,14.957264957264957
ionosphere,351,34,relieff,4,5,0.21082621082621084,0.7702125538860233,14.957264957264957
ionosphere,351,34,relieff,4,10,0.2660968660968661,0.7769956819137147,14.957264957264957
ionosphere,351,34,relieff,4,20,0.33091168091168094,0.7720215475285679,14.957264957264957
ionosphere,351,34,relieff,4,30,0.3673314339981007,0.7749088800916406,14.957264957264957
ionosphere,351,34,relieff,4,50,0.41709401709401706,0.7741457386466462,14.957264957264957
ionosphere,351,34,relieff,5,3,0.1794871794871795,0.787763011269755,14.957264957264957
ionosphere,351,34,relieff,5,5,0.23019943019943023,0.7861570024835332,14.957264957264957
ionosphere,351,34,relieff,5,10,0.28547008547008546,0.7895134616446091,14.957264957264957
ionosphere,351,34,relieff,5,20,0.3491452991452991,0.7905413994337551,14.957264957264957
ionosphere,351,34,relieff,5,30,0.38309591642924967,0.7893662095516978,14.957264957264957
ionosphere,351,34,relieff,5,50,0.4317378917378918,0.7908548559728233,14.957264957264957
ionosphere,351,34,relieff,6,3,0.2336182336182336,0.8455225642123523,14.957264957264957
ionosphere,351,34,relieff,6,5,0.29743589743589743,0.8484297259807464,14.957264957264957
ionosphere,351,34,relieff,6,10,0.3854700854700855,0.8618059536092323,14.957264957264957
ionosphere,351,34,relieff,6,20,0.4766381766381766,0.8715233053766596,14.957264957264957
ionosphere,351,34,relieff,6,30,0.5283950617283951,0.8758089660435542,14.957264957264957
ionosphere,351,34,relieff,6,50,0.5817094017094018,0.8801199580146949,14.957264957264957
ionosphere,351,34,relieff,7,3,0.2478632478632479,0.8689129324967475,14.957264957264957
ionosphere,351,34,relieff,7,5,0.3156695156695157,0.8728497504007708,14.957264957264957
ionosphere,351,34,relieff,7,10,0.40541310541310543,0.880234034332395,14.957264957264957
ionosphere,351,34,relieff,7,20,0.4880341880341881,0.8876466169757902,14.957264957264957
ionosphere,351,34,relieff,7,30,0.5415954415954416,0.8915112771086584,14.957264957264957
ionosphere,351,34,relieff,7,50,0.597037037037037,0.894504371745751,14.957264957264957
ionosphere,351,34,relieff,8,3,0.2535612535612536,0.8962611640839001,14.957264957264957
ionosphere,351,34,relieff,8,5,0.33903133903133903,0.903273446130589,14.957264957264957
ionosphere,351,34,relieff,8,10,0.4481481481481482,0.9117157281091708,14.957264957264957
ionosphere,351,34,relieff,8,20,0.5423076923076924,0.9182705085981218,14.957264957264957
ionosphere,351,34,relieff,8,30,0.59667616334283,0.9205216799324819,14.957264957264957
ionosphere,351,34,relieff,8,50,0.6491737891737892,0.9221580033195278,14.957264957264957
ionosphere,351,34,relieff,9,3,0.278252611585945,0.9118401045183319,14.957264957264957
ionosphere,351,34,relieff,9,5,0.3652421652421652,0.915397074580748,14.957264957264957
ionosphere,351,34,relieff,9,10,0.4663817663817664,0.9214609312969969,14.957264957264957
ionosphere,351,34,relieff,9,20,0.5575498575498575,0.9263330533221329,14.957264957264957
ionosphere,351,34,relieff,9,30,0.6077872744539411,0.9286962819968821,14.957264957264957
ionosphere,351,34,relieff,9,50,0.6582336182336183,0.9283114358250475,14.957264957264957
ionosphere,351,34,relieff,10,3,0.38651471984805313,0.9342286558086172,14.957264957264957
ionosphere,351,34,relieff,10,5,0.4421652421652421,0.9369647736994676,14.957264957264957
ionosphere,351,34,relieff,10,10,0.5347578347578348,0.9382432988990366,14.957264957264957
ionosphere,351,34,relieff,10,20,0.6189458689458689,0.9412020925281456,14.957264957264957
ionosphere,351,34,relieff,10,30,0.6592592592592592,0.9423867276567768,14.957264957264957
ionosphere,351,34,relieff,10,50,0.6988034188034189,0.9420375282444248,14.957264957264957
ionosphere,351,34,relieff,11,3,0.3665716999050332,0.9417793367697028,14.957264957264957
ionosphere,351,34,relieff,11,5,0.4495726495726496,0.9411095329462676,14.957264957264957
ionosphere,351,34,relieff,11,10,0.5467236467236467,0.9452651780520633,14.957264957264957
ionosphere,351,34,relieff,11,20,0.6277777777777778,0.947682351738514,14.957264957264957
ionosphere,351,34,relieff,11,30,0.6688509021842355,0.9476035269815957,14.957264957264957
ionosphere,351,34,relieff,11,50,0.7054700854700855,0.9452757741686961,14.957264957264957
ionosphere,351,34,relieff,12,3,0.37606837606837606,0.94975270216118,14.957264957264957
ionosphere,351,34,relieff,12,5,0.4552706552706553,0.9508725590358243,14.957264957264957
ionosphere,351,34,relieff,12,10,0.5544159544159544,0.9544728495548168,14.957264957264957
ionosphere,351,34,relieff,12,20,0.6425925925925926,0.9547906360698872,14.957264957264957
ionosphere,351,34,relieff,12,30,0.6805318138651473,0.9549957024043222,14.957264957264957
ionosphere,351,34,relieff,12,50,0.7167521367521369,0.9524145169880197,14.957264957264957
ionosphere,351,34,relieff,13,3,0.3998100664767331,0.955974946341035,14.957264957264957
ionosphere,351,34,relieff,13,5,0.4866096866096866,0.9552797920144859,14.957264957264957
ionosphere,351,34,relieff,13,10,0.5863247863247864,0.9603602226553046,14.957264957264957
ionosphere,351,34,relieff,13,20,0.6746438746438747,0.9643616855785343,14.957264957264957
ionosphere,351,34,relieff,13,30,0.715954415954416,0.9644584951731706,14.957264957264957
ionosphere,351,34,relieff,13,50,0.7468376068376068,0.9617499392454021,14.957264957264957
ionosphere,351,34,relieff,14,3,0.4045584045584046,0.9615796320998633,14.957264957264957
ionosphere,351,34,relieff,14,5,0.5048433048433049,0.963193873397955,14.957264957264957
ionosphere,351,34,relieff,14,10,0.5937321937321938,0.9637943113352949,14.957264957264957
ionosphere,351,34,relieff,14,20,0.6796296296296296,0.9651017151797183,14.957264957264957
ionosphere,351,34,relieff,14,30,0.7168091168091167,0.9653441262824787,14.957264957264957
ionosphere,351,34,relieff,14,50,0.7463247863247863,0.9626940915507158,14.957264957264957
ionosphere,351,34,relieff,15,3,0.41215574548907885,0.9670855085113274,14.957264957264957
ionosphere,351,34,relieff,15,5,0.5133903133903135,0.963871653667572,14.957264957264957
ionosphere,351,34,relieff,15,10,0.6002849002849003,0.9648489943571911,14.957264957264957
ionosphere,351,34,relieff,15,20,0.6850427350427352,0.9669288993781974,14.957264957264957
ionosphere,351,34,relieff,15,30,0.7169990503323835,0.9663289207206283,14.957264957264957
ionosphere,351,34,relieff,15,50,0.7453561253561254,0.9633850910801909,14.957264957264957
ionosphere,351,34,relieff,16,3,0.43304843304843305,0.9686719474773424,14.957264957264957
ionosphere,351,34,relieff,16,5,0.5356125356125356,0.9694865980580266,14.957264957264957
ionosphere,351,34,relieff,16,10,0.6179487179487181,0.9692893627319856,14.957264957264957
ionosphere,351,34,relieff,16,20,0.6951566951566951,0.9712144041317208,14.957264957264957
ionosphere,351,34,relieff,16,30,0.7325735992402659,0.9706069324181709,14.957264957264957
ionosphere,351,34,relieff,16,50,0.7571509971509971,0.968385478875497,14.957264957264957
ionosphere,351,34,relieff,17,3,0.45204178537511874,0.9743809319917219,14.957264957264957
ionosphere,351,34,relieff,17,5,0.5441595441595442,0.9734752020466306,14.957264957264957
ionosphere,351,34,relieff,17,10,0.6370370370370371,0.9752081555360244,14.957264957264957
ionosphere,351,34,relieff,17,20,0.7165242165242165,0.9767395140250055,14.957264957264957
ionosphere,351,34,relieff,17,30,0.7547958214624881,0.9767646953680778,14.957264957264957
ionosphere,351,34,relieff,17,50,0.7831339031339031,0.9756772715756382,14.957264957264957
ionosphere,351,34,relieff,18,3,0.4672364672364672,0.9767523563284642,14.957264957264957
ionosphere,351,34,relieff,18,5,0.5652421652421652,0.9773076507770385,14.957264957264957
ionosphere,351,34,relieff,18,10,0.6512820512820513,0.9792460120328973,14.957264957264957
ionosphere,351,34,relieff,18,20,0.7277777777777779,0.97996453191461,14.957264957264957
ionosphere,351,34,relieff,18,30,0.7564102564102564,0.9782449955936044,14.957264957264957
ionosphere,351,34,relieff,18,50,0.7835897435897438,0.9766299036716459,14.957264957264957
ionosphere,351,34,relieff,19,3,0.49382716049382713,0.9834768813574208,14.957264957264957
ionosphere,351,34,relieff,19,5,0.6011396011396012,0.9814673610591977,14.957264957264957
ionosphere,351,34,relieff,19,10,0.6874643874643875,0.9834630457581277,14.957264957264957
ionosphere,351,34,relieff,19,20,0.7605413105413105,0.9837224600095115,14.957264957264957
ionosphere,351,34,relieff,19,30,0.7927825261158594,0.9836060324876473,14.957264957264957
ionosphere,351,34,relieff,19,50,0.8104843304843306,0.981287790652582,14.957264957264957
ionosphere,351,34,relieff,20,3,0.5232668566001899,0.9855793246930048,14.957264957264957
ionosphere,351,34,relieff,20,5,0.6148148148148147,0.9848977930610584,14.957264957264957
ionosphere,351,34,relieff,20,10,0.7037037037037037,0.9845788698247715,14.957264957264957
ionosphere,351,34,relieff,20,20,0.7698005698005699,0.9849025072113996,14.957264957264957
ionosphere,351,34,relieff,20,30,0.8017094017094016,0.9846324817410469,14.957264957264957
ionosphere,351,34,relieff,20,50,0.8125356125356127,0.981751904074953,14.957264957264957
ionosphere,351,34,relieff,21,3,0.5565052231718899,0.9874127870274305,14.957264957264957
ionosphere,351,34,relieff,21,5,0.6438746438746439,0.9861752759711944,14.957264957264957
ionosphere,351,34,relieff,21,10,0.7247863247863249,0.9867374883768326,14.957264957264957
ionosphere,351,34,relieff,21,20,0.7883190883190885,0.9867830268766307,14.957264957264957
ionosphere,351,34,relieff,21,30,0.8164292497625831,0.9865554420928125,14.957264957264957
ionosphere,351,34,relieff,21,50,0.8291168091168091,0.9841376207982379,14.957264957264957
ionosphere,351,34,relieff,22,3,0.5973409306742641,0.9892901646273515,14.957264957264957
ionosphere,351,34,relieff,22,5,0.6735042735042734,0.9891472095553728,14.957264957264957
ionosphere,351,34,relieff,22,10,0.7572649572649574,0.9897452881059439,14.957264957264957
ionosphere,351,34,relieff,22,20,0.8233618233618234,0.9900924925885924,14.957264957264957
ionosphere,351,34,relieff,22,30,0.8438746438746438,0.9903149445975414,14.957264957264957
ionosphere,351,34,relieff,22,50,0.855099715099715,0.9876304672674908,14.957264957264957
ionosphere,351,34,relieff,23,3,0.6182336182336182,0.9905746861430869,14.957264957264957
ionosphere,351,34,relieff,23,5,0.6957264957264956,0.9902801657903699,14.957264957264957
ionosphere,351,34,relieff,23,10,0.7737891737891739,0.9914436504600439,14.957264957264957
ionosphere,351,34,relieff,23,20,0.8297720797720798,0.9912272046437413,14.957264957264957
ionosphere,351,34,relieff,23,30,0.8502374169040837,0.9911135357943869,14.957264957264957
ionosphere,351,34,relieff,23,50,0.857948717948718,0.9882695539319859,14.957264957264957
ionosphere,351,34,relieff,24,3,0.6362773029439697,0.9917494194950842,14.957264957264957
ionosphere,351,34,relieff,24,5,0.7088319088319087,0.9910825380213135,14.957264957264957
ionosphere,351,34,relieff,24,10,0.7780626780626781,0.9917994573732278,14.957264957264957
ionosphere,351,34,relieff,24,20,0.8376068376068376,0.9918916756670266,14.957264957264957
ionosphere,351,34,relieff,24,30,0.8594491927825262,0.9920203051681502,14.957264957264957
ionosphere,351,34,relieff,24,50,0.8701994301994302,0.9904232139440851,14.957264957264957
ionosphere,351,34,relieff,25,3,0.6619183285849952,0.9922901262014943,14.957264957264957
ionosphere,351,34,relieff,25,5,0.7333333333333333,0.9920892410688329,14.957264957264957
ionosphere,351,34,relieff,25,10,0.7945868945868947,0.9927564845597633,14.957264957264957
ionosphere,351,34,relieff,25,20,0.848860398860399,0.9926810405749563,14.957264957264957
ionosphere,351,34,relieff,25,30,0.8654320987654323,0.9927001490558501,14.957264957264957
ionosphere,351,34,relieff,25,50,0.8734472934472934,0.9909047005961706,14.957264957264957
ionosphere,351,34,relieff,26,3,0.6932573599240266,0.9948097645592828,14.957264957264957
ionosphere,351,34,relieff,26,5,0.7584045584045583,0.9942056431852351,14.957264957264957
ionosphere,351,34,relieff,26,10,0.8213675213675214,0.9947146963540406,14.957264957264957
ionosphere,351,34,relieff,26,20,0.8707977207977208,0.9948806841162535,14.957264957264957
ionosphere,351,34,relieff,26,30,0.8859449192782527,0.994576480883082,14.957264957264957
ionosphere,351,34,relieff,26,50,0.8884330484330484,0.992511517520592,14.957264957264957
ionosphere,351,34,relieff,27,3,0.7331433998100666,0.9968435902925306,14.957264957264957
ionosphere,351,34,relieff,27,5,0.7829059829059828,0.9962938044570697,14.957264957264957
ionosphere,351,34,relieff,27,10,0.8413105413105414,0.9961183928397043,14.957264957264957
ionosphere,351,34,relieff,27,20,0.8836182336182336,0.9960749541092755,14.957264957264957
ionosphere,351,34,relieff,27,30,0.8941120607787275,0.9955653164600246,14.957264957264957
ionosphere,351,34,relieff,27,50,0.8912250712250713,0.9930511217625555,14.957264957264957
ionosphere,351,34,relieff,28,3,0.7644824311490978,0.9975270216118001,14.957264957264957
ionosphere,351,34,relieff,28,5,0.8176638176638177,0.9972440258154543,14.957264957264957
ionosphere,351,34,relieff,28,10,0.8603988603988604,0.9970473970473971,14.957264957264957
ionosphere,351,34,relieff,28,20,0.9005698005698006,0.9972416674444755,14.957264957264957
ionosphere,351,34,relieff,28,30,0.9120607787274454,0.9968653197240213,14.957264957264957
ionosphere,351,34,relieff,28,50,0.9127065527065528,0.9955139838987389,14.957264957264957
ionosphere,351,34,relieff,29,3,0.7872744539411205,0.9982626023088451,14.957264957264957
ionosphere,351,34,relieff,29,5,0.8347578347578346,0.9979184836327694,14.957264957264957
ionosphere,351,34,relieff,29,10,0.8737891737891739,0.997590873000709,14.957264957264957
ionosphere,351,34,relieff,29,20,0.9133903133903134,0.9977687996408745,14.957264957264957
ionosphere,351,34,relieff,29,30,0.9237416904083571,0.9974944939483946,14.957264957264957
ionosphere,351,34,relieff,29,50,0.9277492877492877,0.9967905026344228,14.957264957264957
ionosphere,351,34,relieff,30,3,0.8157644824311491,0.9987346914129188,14.957264957264957
ionosphere,351,34,relieff,30,5,0.8598290598290597,0.9986128761638966,14.957264957264957
ionosphere,351,34,relieff,30,10,0.8960113960113961,0.9985275198389952,14.957264957264957
ionosphere,351,34,relieff,30,20,0.9304843304843305,0.9986448346822762,14.957264957264957
ionosphere,351,34,relieff,30,30,0.9387464387464389,0.9984214690161226,14.957264957264957
ionosphere,351,34,relieff,30,50,0.9431908831908831,0.9981873930331281,14.957264957264957
ionosphere,351,34,relieff,31,3,0.8423551756885089,0.9990283747509181,14.957264957264957
ionosphere,351,34,relieff,31,5,0.8803418803418803,0.9990431337370113,14.957264957264957
ionosphere,351,34,relieff,31,10,0.9074074074074074,0.9989860776746022,14.957264957264957
ionosphere,351,34,relieff,31,20,0.9394586894586895,0.999039517136241,14.957264957264957
ionosphere,351,34,relieff,31,30,0.948528015194682,0.9989881610176209,14.957264957264957
ionosphere,351,34,relieff,31,50,0.9563532763532762,0.9988322707741946,14.957264957264957
ionosphere,351,34,relieff,32,3,0.8869895536562205,0.9994428250690293,14.957264957264957
ionosphere,351,34,relieff,32,5,0.9105413105413106,0.999328864634987,14.957264957264957
ionosphere,351,34,relieff,32,10,0.9364672364672366,0.9994981339243635,14.957264957264957
ionosphere,351,34,relieff,32,20,0.9599715099715099,0.9995604268615189,14.957264957264957
ionosphere,351,34,relieff,32,30,0.9655270655270656,0.9995076027809252,14.957264957264957
ionosphere,351,34,relieff,32,50,0.9712820512820511,0.9994703233178732,14.957264957264957
ionosphere,351,34,relieff,33,3,0.9990503323836656,1.0,14.957264957264957
ionosphere,351,34,relieff,33,5,1.0,1.0,14.957264957264957
ionosphere,351,34,relieff,33,10,0.9997150997150996,1.0,14.957264957264957
ionosphere,351,34,relieff,33,20,0.9998575498575498,1.0,14.957264957264957
ionosphere,351,34,relieff,33,30,1.0,1.0,14.957264957264957
ionosphere,351,34,relieff,33,50,0.99994301994302,0.9999997931758368,14.957264957264957
ionosphere,351,34,relieff,34,3,1.0,1.0,14.957264957264957
ionosphere,351,34,relieff,34,5,1.0,1.0,14.957264957264957
ionosphere,351,34,relieff,34,10,1.0,1.0,14.957264957264957
ionosphere,351,34,relieff,34,20,1.0,1.0,14.957264957264957
ionosphere,351,34,relieff,34,30,1.0,1.0,14.957264957264957
ionosphere,351,34,relieff,34,50,1.0,0.9999995863516735,14.957264957264957
ionosphere,351,34,mutual_info,1,3,0.041785375118708445,0.5654474691083554,14.957264957264957
ionosphere,351,34,mutual_info,1,5,0.060398860398860395,0.5853380179910792,14.957264957264957
ionosphere,351,34,mutual_info,1,10,0.10370370370370371,0.6004577086544299,14.957264957264957
ionosphere,351,34,mutual_info,1,20,0.17022792022792022,0.6158517451809183,14.957264957264957
ionosphere,351,34,mutual_info,1,30,0.22488129154795822,0.6383995225239087,14.957264957264957
ionosphere,351,34,mutual_info,1,50,0.2753846153846154,0.6466245779494418,14.957264957264957
ionosphere,351,34,mutual_info,2,3,0.11396011396011396,0.7394919003782202,14.957264957264957
ionosphere,351,34,mutual_info,2,5,0.15327635327635328,0.7363800220943078,14.957264957264957
ionosphere,351,34,mutual_info,2,10,0.2094017094017094,0.726130578589595,14.957264957264957
ionosphere,351,34,mutual_info,2,20,0.29971509971509974,0.7352716330875457,14.957264957264957
ionosphere,351,34,mutual_info,2,30,0.33998100664767333,0.7402613995085354,14.957264957264957
ionosphere,351,34,mutual_info,2,50,0.42512820512820515,0.7603209911013904,14.957264957264957
ionosphere,351,34,mutual_info,3,3,0.12440645773979106,0.742631841861129,14.957264957264957
ionosphere,351,34,mutual_info,3,5,0.17492877492877495,0.7568214098826344,14.957264957264957
ionosphere,351,34,mutual_info,3,10,0.2512820512820512,0.7817502473240178,14.957264957264957
ionosphere,351,34,mutual_info,3,20,0.3502849002849003,0.7988763995004244,14.957264957264957
ionosphere,351,34,mutual_info,3,30,0.4158594491927825,0.8056277520543751,14.957264957264957
ionosphere,351,34,mutual_info,3,50,0.4976068376068376,0.8189721873206447,14.957264957264957
ionosphere,351,34,mutual_info,4,3,0.18803418803418803,0.8210013778414549,14.957264957264957
ionosphere,351,34,mutual_info,4,5,0.2433048433048433,0.829661192926499,14.957264957264957
ionosphere,351,34,mutual_info,4,10,0.30883190883190886,0.8338390207242666,14.957264957264957
ionosphere,351,34,mutual_info,4,20,0.41837606837606833,0.8546719646563641,14.957264957264957
ionosphere,351,34,mutual_info,4,30,0.48148148148148145,0.8614560844784522,14.957264957264957
ionosphere,351,34,mutual_info,4,50,0.581082621082621,0.8728554661041049,14.957264957264957
ionosphere,351,34,mutual_info,5,3,0.21367521367521367,0.850169348242566,14.957264957264957
ionosphere,351,34,mutual_info,5,5,0.27578347578347584,0.8482287176164727,14.957264957264957
ionosphere,351,34,mutual_info,5,10,0.3521367521367521,0.8581723073526353,14.957264957264957
ionosphere,351,34,mutual_info,5,20,0.4628205128205128,0.8700556911165336,14.957264957264957
ionosphere,351,34,mutual_info,5,30,0.5336182336182337,0.8758294825943489,14.957264957264957
ionosphere,351,34,mutual_info,5,50,0.613048433048433,0.8821985408555282,14.957264957264957
ionosphere,351,34,mutual_info,6,3,0.21747388414055074,0.8575745598866986,14.957264957264957
ionosphere,351,34,mutual_info,6,5,0.28831908831908837,0.8678295249723821,14.957264957264957
ionosphere,351,34,mutual_info,6,10,0.37749287749287747,0.8802068605347294,14.957264957264957
ionosphere,351,34,mutual_info,6,20,0.5072649572649574,0.8940162050926481,14.957264957264957
ionosphere,351,34,mutual_info,6,30,0.5685660018993353,0.8976839611864162,14.957264957264957
ionosphere,351,34,mutual_info,6,50,0.6378917378917379,0.8945755192579149,14.957264957264957
ionosphere,351,34,mutual_info,7,3,0.24026590693257355,0.8705515208405382,14.957264957264957
ionosphere,351,34,mutual_info,7,5,0.3094017094017094,0.8744794132549234,14.957264957264957
ionosphere,351,34,mutual_info,7,10,0.40227920227920233,0.8880031929212258,14.957264957264957
ionosphere,351,34,mutual_info,7,20,0.5267806267806268,0.9011582685529643,14.957264957264957
ionosphere,351,34,mutual_info,7,30,0.5862298195631529,0.9060590659063109,14.957264957264957
ionosphere,351,34,mutual_info,7,50,0.6563532763532762,0.9051146581455112,14.957264957264957
ionosphere,351,34,mutual_info,8,3,0.25451092117758783,0.8972492575575427,14.957264957264957
ionosphere,351,34,mutual_info,8,5,0.32193732193732194,0.9012633624878523,14.957264957264957
ionosphere,351,34,mutual_info,8,10,0.4219373219373219,0.9082272918338492,14.957264957264957
ionosphere,351,34,mutual_info,8,20,0.5471509971509971,0.9159779724522314,14.957264957264957
ionosphere,351,34,mutual_info,8,30,0.6015194681861349,0.9182042422631621,14.957264957264957
ionosphere,351,34,mutual_info,8,50,0.6670085470085471,0.915461450561269,14.957264957264957
ionosphere,351,34,mutual_info,9,3,0.28869895536562207,0.9067075078635772,14.957264957264957
ionosphere,351,34,mutual_info,9,5,0.3595441595441595,0.9105994534565963,14.957264957264957
ionosphere,351,34,mutual_info,9,10,0.4524216524216524,0.9168991300138841,14.957264957264957
ionosphere,351,34,mutual_info,9,20,0.5645299145299146,0.9203048121924877,14.957264957264957
ionosphere,351,34,mutual_info,9,30,0.6147198480531814,0.9233312039640463,14.957264957264957
ionosphere,351,34,mutual_info,9,50,0.6777207977207977,0.9213067150635209,14.957264957264957
ionosphere,351,34,mutual_info,10,3,0.32858499525166196,0.9227365797693351,14.957264957264957
ionosphere,351,34,mutual_info,10,5,0.39316239316239315,0.9205252797089531,14.957264957264957
ionosphere,351,34,mutual_info,10,10,0.49943019943019945,0.92927254894468,14.957264957264957
ionosphere,351,34,mutual_info,10,20,0.605982905982906,0.9386095443817752,14.957264957264957
ionosphere,351,34,mutual_info,10,30,0.6530864197530863,0.9418660424661516,14.957264957264957
ionosphere,351,34,mutual_info,10,50,0.7133903133903133,0.9415446662633595,14.957264957264957
ionosphere,351,34,mutual_info,11,3,0.3333333333333333,0.9252562181271237,14.957264957264957
ionosphere,351,34,mutual_info,11,5,0.4034188034188035,0.9260471954349505,14.957264957264957
ionosphere,351,34,mutual_info,11,10,0.5133903133903134,0.9345153935317869,14.957264957264957
ionosphere,351,34,mutual_info,11,20,0.6170940170940171,0.9421781315697072,14.957264957264957
ionosphere,351,34,mutual_info,11,30,0.6639126305792973,0.9466246388232203,14.957264957264957
ionosphere,351,34,mutual_info,11,50,0.7203418803418804,0.9462908671620105,14.957264957264957
ionosphere,351,34,mutual_info,12,3,0.3580246913580247,0.9380959438762907,14.957264957264957
ionosphere,351,34,mutual_info,12,5,0.42735042735042733,0.9415414517455334,14.957264957264957
ionosphere,351,34,mutual_info,12,10,0.5421652421652422,0.9460990739679265,14.957264957264957
ionosphere,351,34,mutual_info,12,20,0.647008547008547,0.9530287878181793,14.957264957264957
ionosphere,351,34,mutual_info,12,30,0.6943019943019942,0.9559985265386247,14.957264957264957
ionosphere,351,34,mutual_info,12,50,0.7463247863247864,0.9549009570788155,14.957264957264957
ionosphere,351,34,mutual_info,13,3,0.36182336182336183,0.9414417381662084,14.957264957264957
ionosphere,351,34,mutual_info,13,5,0.4347578347578348,0.9462809299543994,14.957264957264957
ionosphere,351,34,mutual_info,13,10,0.5441595441595442,0.9504681111238489,14.957264957264957
ionosphere,351,34,mutual_info,13,20,0.6507122507122507,0.9567284913618767,14.957264957264957
ionosphere,351,34,mutual_info,13,30,0.6948717948717948,0.9585727319497096,14.957264957264957
ionosphere,351,34,mutual_info,13,50,0.744900284900285,0.9568854349253624,14.957264957264957
ionosphere,351,34,mutual_info,14,3,0.36942070275403616,0.9462504597379356,14.957264957264957
ionosphere,351,34,mutual_info,14,5,0.43874643874643876,0.9491000307326838,14.957264957264957
ionosphere,351,34,mutual_info,14,10,0.5524216524216524,0.9545085151642528,14.957264957264957
ionosphere,351,34,mutual_info,14,20,0.6512820512820512,0.960028178904934,14.957264957264957
ionosphere,351,34,mutual_info,14,30,0.697340930674264,0.9609094427425033,14.957264957264957
ionosphere,351,34,mutual_info,14,50,0.7450142450142451,0.959369393126199,14.957264957264957
ionosphere,351,34,mutual_info,15,3,0.3969610636277303,0.9602182588695113,14.957264957264957
ionosphere,351,34,mutual_info,15,5,0.48547008547008547,0.9588514282391833,14.957264957264957
ionosphere,351,34,mutual_info,15,10,0.5894586894586895,0.9636117373822292,14.957264957264957
ionosphere,351,34,mutual_info,15,20,0.6840455840455841,0.9666097755021312,14.957264957264957
ionosphere,351,34,mutual_info,15,30,0.7256410256410256,0.9683059701608528,14.957264957264957
ionosphere,351,34,mutual_info,15,50,0.7725925925925926,0.9675432908826738,14.957264957264957
ionosphere,351,34,mutual_info,16,3,0.4064577397910731,0.9601468965630815,14.957264957264957
ionosphere,351,34,mutual_info,16,5,0.49002849002849,0.9602834051813643,14.957264957264957
ionosphere,351,34,mutual_info,16,10,0.5897435897435898,0.9636796718763931,14.957264957264957
ionosphere,351,34,mutual_info,16,20,0.6873219373219374,0.9677093750416683,14.957264957264957
ionosphere,351,34,mutual_info,16,30,0.7296296296296297,0.9694356238818869,14.957264957264957
ionosphere,351,34,mutual_info,16,50,0.7785185185185185,0.9685699660291311,14.957264957264957
ionosphere,351,34,mutual_info,17,3,0.42640075973409314,0.9661605432318342,14.957264957264957
ionosphere,351,34,mutual_info,17,5,0.4985754985754986,0.9661541783990764,14.957264957264957
ionosphere,351,34,mutual_info,17,10,0.5974358974358975,0.9681548566794469,14.957264957264957
ionosphere,351,34,mutual_info,17,20,0.6920227920227922,0.9693556631154135,14.957264957264957
ionosphere,351,34,mutual_info,17,30,0.734377967711301,0.9717611438287925,14.957264957264957
ionosphere,351,34,mutual_info,17,50,0.7803418803418805,0.9709623011256405,14.957264957264957
ionosphere,351,34,mutual_info,18,3,0.4368471035137702,0.966286799620133,14.957264957264957
ionosphere,351,34,mutual_info,18,5,0.517948717948718,0.9680778782819599,14.957264957264957
ionosphere,351,34,mutual_info,18,10,0.6150997150997151,0.971773217674857,14.957264957264957
ionosphere,351,34,mutual_info,18,20,0.7136752136752137,0.9757403629478513,14.957264957264957
ionosphere,351,34,mutual_info,18,30,0.7527065527065526,0.9771377235643466,14.957264957264957
ionosphere,351,34,mutual_info,18,50,0.797037037037037,0.9761753041607851,14.957264957264957
ionosphere,351,34,mutual_info,19,3,0.4757834757834758,0.9741366533274047,14.957264957264957
ionosphere,351,34,mutual_info,19,5,0.5686609686609686,0.9735100877958021,14.957264957264957
ionosphere,351,34,mutual_info,19,10,0.654985754985755,0.977050878690223,14.957264957264957
ionosphere,351,34,mutual_info,19,20,0.7464387464387464,0.9805556666711113,14.957264957264957
ionosphere,351,34,mutual_info,19,30,0.7830009496676165,0.9812233148839805,14.957264957264957
ionosphere,351,34,mutual_info,19,50,0.8243874643874645,0.9807326745983733,14.957264957264957
ionosphere,351,34,mutual_info,20,3,0.50332383665717,0.9761787131729328,14.957264957264957
ionosphere,351,34,mutual_info,20,5,0.5994301994301994,0.9751364281976527,14.957264957264957
ionosphere,351,34,mutual_info,20,10,0.6903133903133902,0.9802701245324196,14.957264957264957
ionosphere,351,34,mutual_info,20,20,0.7675213675213676,0.9817757154730634,14.957264957264957
ionosphere,351,34,mutual_info,20,30,0.8029439696106364,0.982450888506535,14.957264957264957
ionosphere,351,34,mutual_info,20,50,0.8417663817663819,0.9828067073076148,14.957264957264957
ionosphere,351,34,mutual_info,21,3,0.5384615384615384,0.9789069490418238,14.957264957264957
ionosphere,351,34,mutual_info,21,5,0.6267806267806267,0.9783392722168233,14.957264957264957
ionosphere,351,34,mutual_info,21,10,0.7042735042735042,0.9818810212252835,14.957264957264957
ionosphere,351,34,mutual_info,21,20,0.7840455840455842,0.9835731207026058,14.957264957264957
ionosphere,351,34,mutual_info,21,30,0.8184235517568852,0.9849843716728605,14.957264957264957
ionosphere,351,34,mutual_info,21,50,0.8527635327635329,0.9856035904674744,14.957264957264957
ionosphere,351,34,mutual_info,22,3,0.5546058879392213,0.98392152342056,14.957264957264957
ionosphere,351,34,mutual_info,22,5,0.6427350427350427,0.9832016811608648,14.957264957264957
ionosphere,351,34,mutual_info,22,10,0.7233618233618234,0.9848964635849882,14.957264957264957
ionosphere,351,34,mutual_info,22,20,0.7965811965811966,0.9859523269819682,14.957264957264957
ionosphere,351,34,mutual_info,22,30,0.8311490978157645,0.9879788555184081,14.957264957264957
ionosphere,351,34,mutual_info,22,50,0.8623931623931625,0.98840212822064,14.957264957264957
ionosphere,351,34,mutual_info,23,3,0.5707502374169041,0.9854118977433043,14.957264957264957
ionosphere,351,34,mutual_info,23,5,0.6575498575498575,0.9860440391052636,14.957264957264957
ionosphere,351,34,mutual_info,23,10,0.7367521367521368,0.9875713842926958,14.957264957264957
ionosphere,351,34,mutual_info,23,20,0.8165242165242168,0.9892360138849998,14.957264957264957
ionosphere,351,34,mutual_info,23,30,0.8444444444444446,0.9900864648273268,14.957264957264957
ionosphere,351,34,mutual_info,23,50,0.874871794871795,0.9906312790523317,14.957264957264957
ionosphere,351,34,mutual_info,24,3,0.5897435897435898,0.9868473779841795,14.957264957264957
ionosphere,351,34,mutual_info,24,5,0.672934472934473,0.986678627494954,14.957264957264957
ionosphere,351,34,mutual_info,24,10,0.7538461538461539,0.9887568412158576,14.957264957264957
ionosphere,351,34,mutual_info,24,20,0.8300569800569801,0.9903427248201039,14.957264957264957
ionosphere,351,34,mutual_info,24,30,0.8572649572649573,0.9910939518140828,14.957264957264957
ionosphere,351,34,mutual_info,24,50,0.8864387464387464,0.9919870114425469,14.957264957264957
ionosphere,351,34,mutual_info,25,3,0.6362773029439697,0.9898226372214811,14.957264957264957
ionosphere,351,34,mutual_info,25,5,0.7133903133903133,0.9908366765509623,14.957264957264957
ionosphere,351,34,mutual_info,25,10,0.7880341880341881,0.9918189885403,14.957264957264957
ionosphere,351,34,mutual_info,25,20,0.8487179487179487,0.9930943904422843,14.957264957264957
ionosphere,351,34,mutual_info,25,30,0.8738841405508072,0.993599457865688,14.957264957264957
ionosphere,351,34,mutual_info,25,50,0.8999999999999999,0.9939375701263179,14.957264957264957
ionosphere,351,34,mutual_info,26,3,0.654320987654321,0.9922434662319055,14.957264957264957
ionosphere,351,34,mutual_info,26,5,0.7384615384615384,0.9921340941749105,14.957264957264957
ionosphere,351,34,mutual_info,26,10,0.8056980056980058,0.9929246224328192,14.957264957264957
ionosphere,351,34,mutual_info,26,20,0.8552706552706554,0.9936961922921361,14.957264957264957
ionosphere,351,34,mutual_info,26,30,0.8812915479582147,0.9942249018080987,14.957264957264957
ionosphere,351,34,mutual_info,26,50,0.9094017094017094,0.9948475964446927,14.957264957264957
ionosphere,351,34,mutual_info,27,3,0.6733143399810068,0.9933331137570058,14.957264957264957
ionosphere,351,34,mutual_info,27,5,0.7509971509971509,0.9928035683137724,14.957264957264957
ionosphere,351,34,mutual_info,27,10,0.8213675213675216,0.994194148292509,14.957264957264957
ionosphere,351,34,mutual_info,27,20,0.8693732193732194,0.9943962202932561,14.957264957264957
ionosphere,351,34,mutual_info,27,30,0.890883190883191,0.9948733491559459,14.957264957264957
ionosphere,351,34,mutual_info,27,50,0.9201139601139602,0.99562484165025,14.957264957264957
ionosphere,351,34,mutual_info,28,3,0.7065527065527066,0.9951391290504971,14.957264957264957
ionosphere,351,34,mutual_info,28,5,0.7880341880341881,0.9958037427425183,14.957264957264957
ionosphere,351,34,mutual_info,28,10,0.8404558404558407,0.9960156419172813,14.957264957264957
ionosphere,351,34,mutual_info,28,20,0.8843304843304842,0.9957789422688018,14.957264957264957
ionosphere,351,34,mutual_info,28,30,0.9038936372269705,0.9962215352286274,14.957264957264957
ionosphere,351,34,mutual_info,28,50,0.9294586894586895,0.9966515167967074,14.957264957264957
ionosphere,351,34,mutual_info,29,3,0.7293447293447294,0.9957978580329254,14.957264957264957
ionosphere,351,34,mutual_info,29,5,0.8085470085470085,0.9964482984891149,14.957264957264957
ionosphere,351,34,mutual_info,29,10,0.8521367521367522,0.9964826915646587,14.957264957264957
ionosphere,351,34,mutual_info,29,20,0.8954415954415955,0.9965731962611838,14.957264957264957
ionosphere,351,34,mutual_info,29,30,0.9123456790123458,0.9966856444761518,14.957264957264957
ionosphere,351,34,mutual_info,29,50,0.9360683760683759,0.9970988774618539,14.957264957264957
ionosphere,351,34,mutual_info,30,3,0.7806267806267806,0.99667616334283,14.957264957264957
ionosphere,351,34,mutual_info,30,5,0.8336182336182337,0.9971244175325809,14.957264957264957
ionosphere,351,34,mutual_info,30,10,0.8763532763532764,0.9974991614335876,14.957264957264957
ionosphere,351,34,mutual_info,30,20,0.9148148148148149,0.9973701170269033,14.957264957264957
ionosphere,351,34,mutual_info,30,30,0.9276353276353277,0.9975125236445477,14.957264957264957
ionosphere,351,34,mutual_info,30,50,0.9474074074074073,0.9978893594138604,14.957264957264957
ionosphere,351,34,mutual_info,31,3,0.802469135802469,0.9973184241006977,14.957264957264957
ionosphere,351,34,mutual_info,31,5,0.8507122507122508,0.9972855564692299,14.957264957264957
ionosphere,351,34,mutual_info,31,10,0.8977207977207978,0.9977878830337846,14.957264957264957
ionosphere,351,34,mutual_info,31,20,0.9273504273504274,0.9977092417030015,14.957264957264957
ionosphere,351,34,mutual_info,31,30,0.9377967711301045,0.9977696022431429,14.957264957264957
ionosphere,351,34,mutual_info,31,50,0.9561253561253562,0.9980583347552494,14.957264957264957
ionosphere,351,34,mutual_info,32,3,0.9230769230769231,0.9979634295626588,14.957264957264957
ionosphere,351,34,mutual_info,32,5,0.9413105413105413,0.9980679939863614,14.957264957264957
ionosphere,351,34,mutual_info,32,10,0.9623931623931624,0.9987873692791726,14.957264957264957
ionosphere,351,34,mutual_info,32,20,0.9705128205128204,0.9986066109311039,14.957264957264957
ionosphere,351,34,mutual_info,32,30,0.9776828110161444,0.998714917863854,14.957264957264957
ionosphere,351,34,mutual_info,32,50,0.9843304843304843,0.9989830455892161,14.957264957264957
ionosphere,351,34,mutual_info,33,3,0.9990503323836656,1.0,14.957264957264957
ionosphere,351,34,mutual_info,33,5,1.0,1.0,14.957264957264957
ionosphere,351,34,mutual_info,33,10,0.9997150997150996,1.0,14.957264957264957
ionosphere,351,34,mutual_info,33,20,0.9998575498575498,1.0,14.957264957264957
ionosphere,351,34,mutual_info,33,30,1.0,1.0,14.957264957264957
ionosphere,351,34,mutual_info,33,50,0.99994301994302,0.9999997931758368,14.957264957264957
ionosphere,351,34,mutual_info,34,3,1.0,1.0,14.957264957264957
ionosphere,351,34,mutual_info,34,5,1.0,1.0,14.957264957264957
ionosphere,351,34,mutual_info,34,10,1.0,1.0,14.957264957264957
ionosphere,351,34,mutual_info,34,20,1.0,1.0,14.957264957264957
ionosphere,351,34,mutual_info,34,30,1.0,1.0,14.957264957264957
ionosphere,351,34,mutual_info,34,50,1.0,0.9999995863516735,14.957264957264957
ionosphere,351,34,variance,1,3,0.0332383665716999,0.5908579396055311,14.957264957264957
ionosphere,351,34,variance,1,5,0.039316239316239315,0.5873696975737792,14.957264957264957
ionosphere,351,34,variance,1,10,0.0792022792022792,0.5853983296606247,14.957264957264957
ionosphere,351,34,variance,1,20,0.1264957264957265,0.5770808610122182,14.957264957264957
ionosphere,351,34,variance,1,30,0.18357075023741692,0.6030706437689526,14.957264957264957
ionosphere,351,34,variance,1,50,0.2573789173789174,0.6095422464206492,14.957264957264957
ionosphere,351,34,variance,2,3,0.07407407407407407,0.6632165736211979,14.957264957264957
ionosphere,351,34,variance,2,5,0.1111111111111111,0.6699127025657639,14.957264957264957
ionosphere,351,34,variance,2,10,0.16353276353276355,0.6800387226616735,14.957264957264957
ionosphere,351,34,variance,2,20,0.25284900284900286,0.7020258588121302,14.957264957264957
ionosphere,351,34,variance,2,30,0.31244064577397906,0.7183870260793338,14.957264957264957
ionosphere,351,34,variance,2,50,0.40205128205128204,0.7361432464154787,14.957264957264957
ionosphere,351,34,variance,3,3,0.14909781576448242,0.7691703857407133,14.957264957264957
ionosphere,351,34,variance,3,5,0.19259259259259257,0.775462028523253,14.957264957264957
ionosphere,351,34,variance,3,10,0.2558404558404558,0.7800782095864063,14.957264957264957
ionosphere,351,34,variance,3,20,0.3377492877492878,0.7936281895720273,14.957264957264957
ionosphere,351,34,variance,3,30,0.3978157644824311,0.8023429279293982,14.957264957264957
ionosphere,351,34,variance,3,50,0.495042735042735,0.8196683574542014,14.957264957264957
ionosphere,351,34,variance,4,3,0.1908831908831909,0.7971197075243318,14.957264957264957
ionosphere,351,34,variance,4,5,0.22507122507122507,0.8059903815005856,14.957264957264957
ionosphere,351,34,variance,4,10,0.3045584045584045,0.8158448715825765,14.957264957264957
ionosphere,351,34,variance,4,20,0.4082621082621083,0.8377455098203928,14.957264957264957
ionosphere,351,34,variance,4,30,0.46296296296296297,0.8469014568305349,14.957264957264957
ionosphere,351,34,variance,4,50,0.5475783475783476,0.855766205965843,14.957264957264957
ionosphere,351,34,variance,5,3,0.2222222222222222,0.8380267773331357,14.957264957264957
ionosphere,351,34,variance,5,5,0.26894586894586897,0.8343740915169486,14.957264957264957
ionosphere,351,34,variance,5,10,0.3538461538461538,0.8453921306380323,14.957264957264957
ionosphere,351,34,variance,5,20,0.4538461538461539,0.8536572574014072,14.957264957264957
ionosphere,351,34,variance,5,30,0.5084520417853752,0.8626277038715664,14.957264957264957
ionosphere,351,34,variance,5,50,0.5874074074074074,0.8749634179761221,14.957264957264957
ionosphere,351,34,variance,6,3,0.2621082621082621,0.8714215920381624,14.957264957264957
ionosphere,351,34,variance,6,5,0.30313390313390315,0.8798335451396676,14.957264957264957
ionosphere,351,34,variance,6,10,0.425071225071225,0.8929615618140209,14.957264957264957
ionosphere,351,34,variance,6,20,0.5219373219373219,0.9011476014596139,14.957264957264957
ionosphere,351,34,variance,6,30,0.5822412155745489,0.9074296336707685,14.957264957264957
ionosphere,351,34,variance,6,50,0.6480911680911682,0.912858568466554,14.957264957264957
ionosphere,351,34,variance,7,3,0.26970560303893637,0.8875933885567797,14.957264957264957
ionosphere,351,34,variance,7,5,0.32535612535612535,0.8889819175533461,14.957264957264957
ionosphere,351,34,variance,7,10,0.43532763532763535,0.9029852964279194,14.957264957264957
ionosphere,351,34,variance,7,20,0.5378917378917379,0.9146721424412532,14.957264957264957
ionosphere,351,34,variance,7,30,0.5929724596391263,0.9202254333732784,14.957264957264957
ionosphere,351,34,variance,7,50,0.6593732193732192,0.9228814742426358,14.957264957264957
ionosphere,351,34,variance,8,3,0.2943969610636278,0.9024971317842223,14.957264957264957
ionosphere,351,34,variance,8,5,0.3452991452991453,0.9086558188599005,14.957264957264957
ionosphere,351,34,variance,8,10,0.4754985754985755,0.920801117522429,14.957264957264957
ionosphere,351,34,variance,8,20,0.5767806267806267,0.9303221017729598,14.957264957264957
ionosphere,351,34,variance,8,30,0.6339981006647674,0.9348375695347872,14.957264957264957
ionosphere,351,34,variance,8,50,0.6915099715099716,0.9351293943671439,14.957264957264957
ionosphere,351,34,variance,9,3,0.34472934472934474,0.922116276644215,14.957264957264957
ionosphere,351,34,variance,9,5,0.423931623931624,0.9279858463531933,14.957264957264957
ionosphere,351,34,variance,9,10,0.5356125356125356,0.9371682355288913,14.957264957264957
ionosphere,351,34,variance,9,20,0.6337606837606837,0.944840904747301,14.957264957264957
ionosphere,351,34,variance,9,30,0.6842355175688509,0.9475391796177394,14.957264957264957
ionosphere,351,34,variance,9,50,0.7305413105413104,0.9484811350510081,14.957264957264957
ionosphere,351,34,variance,10,3,0.3646723646723647,0.9275535354533427,14.957264957264957
ionosphere,351,34,variance,10,5,0.43361823361823365,0.9328399491664798,14.957264957264957
ionosphere,351,34,variance,10,10,0.5552706552706553,0.9441179342818687,14.957264957264957
ionosphere,351,34,variance,10,20,0.6494301994301994,0.9513011631576375,14.957264957264957
ionosphere,351,34,variance,10,30,0.7035137701804368,0.9558378135573989,14.957264957264957
ionosphere,351,34,variance,10,50,0.7519658119658119,0.9560062254073143,14.957264957264957
ionosphere,351,34,variance,11,3,0.38556505223171894,0.9351453869758302,14.957264957264957
ionosphere,351,34,variance,11,5,0.4478632478632478,0.9382804648110771,14.957264957264957
ionosphere,351,34,variance,11,10,0.566096866096866,0.9479978430798103,14.957264957264957
ionosphere,351,34,variance,11,20,0.6615384615384615,0.956426701512505,14.957264957264957
ionosphere,351,34,variance,11,30,0.7125356125356125,0.9592109210221594,14.957264957264957
ionosphere,351,34,variance,11,50,0.758974358974359,0.9589633972937058,14.957264957264957
ionosphere,351,34,variance,12,3,0.429249762583096,0.9401874083955009,14.957264957264957
ionosphere,351,34,variance,12,5,0.4780626780626781,0.9461962074206972,14.957264957264957
ionosphere,351,34,variance,12,10,0.5837606837606838,0.9525689853558706,14.957264957264957
ionosphere,351,34,variance,12,20,0.6716524216524217,0.9584210035068069,14.957264957264957
ionosphere,351,34,variance,12,30,0.7192782526115858,0.9612793623704698,14.957264957264957
ionosphere,351,34,variance,12,50,0.7706552706552706,0.9627265629443488,14.957264957264957
ionosphere,351,34,variance,13,3,0.46248812915479587,0.950433388776356,14.957264957264957
ionosphere,351,34,variance,13,5,0.5225071225071225,0.9544292442251626,14.957264957264957
ionosphere,351,34,variance,13,10,0.6276353276353277,0.9596469104665826,14.957264957264957
ionosphere,351,34,variance,13,20,0.7002849002849002,0.9634087585725651,14.957264957264957
ionosphere,351,34,variance,13,30,0.7386514719848053,0.9649229152775252,14.957264957264957
ionosphere,351,34,variance,13,50,0.7886609686609687,0.967533363322837,14.957264957264957
ionosphere,351,34,variance,14,3,0.46343779677113006,0.9574461077351251,14.957264957264957
ionosphere,351,34,variance,14,5,0.5133903133903134,0.9566220627445117,14.957264957264957
ionosphere,351,34,variance,14,10,0.6233618233618233,0.9610913676487447,14.957264957264957
ionosphere,351,34,variance,14,20,0.7042735042735043,0.9659875283900244,14.957264957264957
ionosphere,351,34,variance,14,30,0.744539411206078,0.9677681878445654,14.957264957264957
ionosphere,351,34,variance,14,50,0.7953846153846156,0.9703769887435949,14.957264957264957
ionosphere,351,34,variance,15,3,0.4824311490978158,0.9620105506425353,14.957264957264957
ionosphere,351,34,variance,15,5,0.5447293447293446,0.9636307758756738,14.957264957264957
ionosphere,351,34,variance,15,10,0.6544159544159543,0.9680130434228795,14.957264957264957
ionosphere,351,34,variance,15,20,0.7198005698005697,0.9711299563093635,14.957264957264957
ionosphere,351,34,variance,15,30,0.7608736942070276,0.9727745370953227,14.957264957264957
ionosphere,351,34,variance,15,50,0.8101994301994302,0.975069829008123,14.957264957264957
ionosphere,351,34,variance,16,3,0.47958214624881285,0.9689601414071549,14.957264957264957
ionosphere,351,34,variance,16,5,0.5754985754985755,0.9710415057353833,14.957264957264957
ionosphere,351,34,variance,16,10,0.6720797720797721,0.9741933840294495,14.957264957264957
ionosphere,351,34,variance,16,20,0.743874643874644,0.977255534665831,14.957264957264957
ionosphere,351,34,variance,16,30,0.7854700854700856,0.9785953312412669,14.957264957264957
ionosphere,351,34,variance,16,50,0.8270655270655269,0.9795281306715063,14.957264957264957
ionosphere,351,34,variance,17,3,0.4852801519468186,0.9739637369695173,14.957264957264957
ionosphere,351,34,variance,17,5,0.5857549857549859,0.973277516134659,14.957264957264957
ionosphere,351,34,variance,17,10,0.6854700854700855,0.9765863765863766,14.957264957264957
ionosphere,351,34,variance,17,20,0.7522792022792023,0.9784106919832349,14.957264957264957
ionosphere,351,34,variance,17,30,0.7934472934472935,0.9801486828218962,14.957264957264957
ionosphere,351,34,variance,17,50,0.8323646723646725,0.9808805538751092,14.957264957264957
ionosphere,351,34,variance,18,3,0.5071225071225072,0.9749051704735713,14.957264957264957
ionosphere,351,34,variance,18,5,0.6017094017094016,0.9760351515453556,14.957264957264957
ionosphere,351,34,variance,18,10,0.6997150997150997,0.9781599093074503,14.957264957264957
ionosphere,351,34,variance,18,20,0.7622507122507123,0.9793920645714718,14.957264957264957
ionosphere,351,34,variance,18,30,0.8001899335232668,0.981255954851154,14.957264957264957
ionosphere,351,34,variance,18,50,0.8395441595441594,0.982146938226793,14.957264957264957
ionosphere,351,34,variance,19,3,0.5356125356125356,0.9802655775680824,14.957264957264957
ionosphere,351,34,variance,19,5,0.6239316239316238,0.9817946226109492,14.957264957264957
ionosphere,351,34,variance,19,10,0.7142450142450142,0.9798981831768717,14.957264957264957
ionosphere,351,34,variance,19,20,0.7750712250712251,0.9816312652506101,14.957264957264957
ionosphere,351,34,variance,19,30,0.8087369420702755,0.9822945275209323,14.957264957264957
ionosphere,351,34,variance,19,50,0.841994301994302,0.9821436290401808,14.957264957264957
ionosphere,351,34,variance,20,3,0.5546058879392213,0.9822664668522086,14.957264957264957
ionosphere,351,34,variance,20,5,0.6364672364672364,0.9823710680853538,14.957264957264957
ionosphere,351,34,variance,20,10,0.7321937321937322,0.9828940943695043,14.957264957264957
ionosphere,351,34,variance,20,20,0.7884615384615384,0.9828775373237152,14.957264957264957
ionosphere,351,34,variance,20,30,0.817283950617284,0.9832715505383263,14.957264957264957
ionosphere,351,34,variance,20,50,0.8504843304843305,0.9835868480514578,14.957264957264957
ionosphere,351,34,variance,21,3,0.5641025641025641,0.9833204332240941,14.957264957264957
ionosphere,351,34,variance,21,5,0.6455840455840455,0.9839758125472411,14.957264957264957
ionosphere,351,34,variance,21,10,0.7387464387464386,0.9839309445866823,14.957264957264957
ionosphere,351,34,variance,21,20,0.7925925925925927,0.9838375757252512,14.957264957264957
ionosphere,351,34,variance,21,30,0.8290598290598291,0.9850070642214669,14.957264957264957
ionosphere,351,34,variance,21,50,0.8586894586894587,0.9849775337252651,14.957264957264957
ionosphere,351,34,variance,22,3,0.5897435897435896,0.9848602122205206,14.957264957264957
ionosphere,351,34,variance,22,5,0.6552706552706551,0.9849725482378544,14.957264957264957
ionosphere,351,34,variance,22,10,0.7484330484330486,0.9852047163522574,14.957264957264957
ionosphere,351,34,variance,22,20,0.8056980056980055,0.9867061349120632,14.957264957264957
ionosphere,351,34,variance,22,30,0.8407407407407408,0.9872955922055758,14.957264957264957
ionosphere,351,34,variance,22,50,0.8690598290598289,0.9869229218049544,14.957264957264957
ionosphere,351,34,variance,23,3,0.6049382716049382,0.9870861672403098,14.957264957264957
ionosphere,351,34,variance,23,5,0.6763532763532762,0.9880557839741513,14.957264957264957
ionosphere,351,34,variance,23,10,0.7675213675213675,0.9883415916202801,14.957264957264957
ionosphere,351,34,variance,23,20,0.8179487179487178,0.9888608877688441,14.957264957264957
ionosphere,351,34,variance,23,30,0.8495726495726497,0.9898169519555227,14.957264957264957
ionosphere,351,34,variance,23,50,0.8789743589743589,0.9890548652799106,14.957264957264957
ionosphere,351,34,variance,24,3,0.6410256410256411,0.989828126629668,14.957264957264957
ionosphere,351,34,variance,24,5,0.7065527065527064,0.9895674997715814,14.957264957264957
ionosphere,351,34,variance,24,10,0.7837606837606839,0.9907201480971973,14.957264957264957
ionosphere,351,34,variance,24,20,0.8339031339031339,0.9907751865630181,14.957264957264957
ionosphere,351,34,variance,24,30,0.8618233618233619,0.9913631538290567,14.957264957264957
ionosphere,351,34,variance,24,50,0.8907692307692306,0.9913524749096437,14.957264957264957
ionosphere,351,34,variance,25,3,0.6400759734093067,0.9924685319675686,14.957264957264957
ionosphere,351,34,variance,25,5,0.7162393162393161,0.9925759803310824,14.957264957264957
ionosphere,351,34,variance,25,10,0.796866096866097,0.9920126018486675,14.957264957264957
ionosphere,351,34,variance,25,20,0.8467236467236469,0.9924659208590566,14.957264957264957
ionosphere,351,34,variance,25,30,0.8713200379867048,0.992973392209617,14.957264957264957
ionosphere,351,34,variance,25,50,0.8988603988603988,0.9929338524619832,14.957264957264957
ionosphere,351,34,variance,26,3,0.6657169990503324,0.9940467368213033,14.957264957264957
ionosphere,351,34,variance,26,5,0.7304843304843304,0.9937953203259325,14.957264957264957
ionosphere,351,34,variance,26,10,0.8133903133903134,0.9940472399488793,14.957264957264957
ionosphere,351,34,variance,26,20,0.8554131054131054,0.994264215013045,14.957264957264957
ionosphere,351,34,variance,26,30,0.8818613485280152,0.9945202157968115,14.957264957264957
ionosphere,351,34,variance,26,50,0.9046723646723646,0.994580586449915,14.957264957264957
ionosphere,351,34,variance,27,3,0.6951566951566951,0.9970384642831657,14.957264957264957
ionosphere,351,34,variance,27,5,0.7555555555555555,0.996539665927421,14.957264957264957
ionosphere,351,34,variance,27,10,0.8321937321937323,0.995755792477104,14.957264957264957
ionosphere,351,34,variance,27,20,0.8754985754985756,0.9956989390686739,14.957264957264957
ionosphere,351,34,variance,27,30,0.893542260208927,0.9956402329561086,14.957264957264957
ionosphere,351,34,variance,27,50,0.9137891737891738,0.9955710673678005,14.957264957264957
ionosphere,351,34,variance,28,3,0.7150997150997151,0.9978838331439488,14.957264957264957
ionosphere,351,34,variance,28,5,0.7817663817663817,0.9974018422998014,14.957264957264957
ionosphere,351,34,variance,28,10,0.8455840455840458,0.9966584720683082,14.957264957264957
ionosphere,351,34,variance,28,20,0.8876068376068377,0.9964869705899347,14.957264957264957
ionosphere,351,34,variance,28,30,0.9071225071225071,0.9966063759844447,14.957264957264957
ionosphere,351,34,variance,28,50,0.9195441595441595,0.9963325939369496,14.957264957264957
ionosphere,351,34,variance,29,3,0.7435897435897436,0.997727385010622,14.957264957264957
ionosphere,351,34,variance,29,5,0.7908831908831909,0.9974201157874627,14.957264957264957
ionosphere,351,34,variance,29,10,0.8555555555555556,0.9968444427460821,14.957264957264957
ionosphere,351,34,variance,29,20,0.8945868945868946,0.9968420959060584,14.957264957264957
ionosphere,351,34,variance,29,30,0.9149097815764482,0.9968886339862881,14.957264957264957
ionosphere,351,34,variance,29,50,0.9268945868945868,0.9966444847751563,14.957264957264957
ionosphere,351,34,variance,30,3,0.7863247863247863,0.9982873046456862,14.957264957264957
ionosphere,351,34,variance,30,5,0.8398860398860397,0.997896887692806,14.957264957264957
ionosphere,351,34,variance,30,10,0.8874643874643876,0.997810810925565,14.957264957264957
ionosphere,351,34,variance,30,20,0.9128205128205128,0.9977954673742505,14.957264957264957
ionosphere,351,34,variance,30,30,0.9300094966761634,0.9978787129905515,14.957264957264957
ionosphere,351,34,variance,30,50,0.9413105413105413,0.9977725037616144,14.957264957264957
ionosphere,351,34,variance,31,3,0.8300094966761633,0.9991601205474038,14.957264957264957
ionosphere,351,34,variance,31,5,0.8809116809116809,0.999023199023199,14.957264957264957
ionosphere,351,34,variance,31,10,0.9165242165242165,0.9991457237358877,14.957264957264957
ionosphere,351,34,variance,31,20,0.9343304843304843,0.9989541803894378,14.957264957264957
ionosphere,351,34,variance,31,30,0.947388414055081,0.9989545884799568,14.957264957264957
ionosphere,351,34,variance,31,50,0.9543019943019944,0.9987793237883982,14.957264957264957
ionosphere,351,34,variance,32,3,0.8850902184235516,0.9995279108959263,14.957264957264957
ionosphere,351,34,variance,32,5,0.905982905982906,0.9995315342254117,14.957264957264957
ionosphere,351,34,variance,32,10,0.9358974358974359,0.9994938880184782,14.957264957264957
ionosphere,351,34,variance,32,20,0.9508547008547008,0.9994577560880213,14.957264957264957
ionosphere,351,34,variance,32,30,0.9588793922127257,0.9993615000707199,14.957264957264957
ionosphere,351,34,variance,32,50,0.9652991452991453,0.9992407484966469,14.957264957264957
ionosphere,351,34,variance,33,3,0.9990503323836656,1.0,14.957264957264957
ionosphere,351,34,variance,33,5,1.0,1.0,14.957264957264957
ionosphere,351,34,variance,33,10,0.9997150997150996,1.0,14.957264957264957
ionosphere,351,34,variance,33,20,0.9998575498575498,1.0,14.957264957264957
ionosphere,351,34,variance,33,30,1.0,1.0,14.957264957264957
ionosphere,351,34,variance,33,50,0.99994301994302,0.9999997931758368,14.957264957264957
ionosphere,351,34,variance,34,3,1.0,1.0,14.957264957264957
ionosphere,351,34,variance,34,5,1.0,1.0,14.957264957264957
ionosphere,351,34,variance,34,10,1.0,1.0,14.957264957264957
ionosphere,351,34,variance,34,20,1.0,1.0,14.957264957264957
ionosphere,351,34,variance,34,30,1.0,1.0,14.957264957264957
ionosphere,351,34,variance,34,50,1.0,0.9999995863516735,14.957264957264957
sonar,208,60,pai,1,3,0.030448717948717948,0.5772704307187067,0.0
sonar,208,60,pai,1,5,0.057692307692307696,0.5950961538461539,0.0
sonar,208,60,pai,1,10,0.09903846153846155,0.5930969030969031,0.0
sonar,208,60,pai,1,20,0.17379807692307692,0.6112242686890574,0.0
sonar,208,60,pai,1,30,0.23044871794871796,0.6199664694280078,0.0
sonar,208,60,pai,1,50,0.34778846153846155,0.6420849056603773,0.0
sonar,208,60,pai,2,3,0.049679487179487176,0.6414440444612859,0.0
sonar,208,60,pai,2,5,0.07403846153846153,0.6415480769230769,0.0
sonar,208,60,pai,2,10,0.1091346153846154,0.6468131868131868,0.0
sonar,208,60,pai,2,20,0.1814903846153846,0.6608193391115926,0.0
sonar,208,60,pai,2,30,0.2543269230769231,0.6685098619329388,0.0
sonar,208,60,pai,2,50,0.3754807692307693,0.69144412191582,0.0
sonar,208,60,pai,3,3,0.0657051282051282,0.6852974611595302,0.0
sonar,208,60,pai,3,5,0.07884615384615384,0.6917548076923077,0.0
sonar,208,60,pai,3,10,0.13365384615384615,0.6940484515484515,0.0
sonar,208,60,pai,3,20,0.2247596153846154,0.707523022751896,0.0
sonar,208,60,pai,3,30,0.2983974358974359,0.719593688362919,0.0
sonar,208,60,pai,3,50,0.4160576923076923,0.7363483309143686,0.0
sonar,208,60,pai,4,3,0.06089743589743589,0.7180671340154099,0.0
sonar,208,60,pai,4,5,0.08653846153846154,0.7162596153846154,0.0
sonar,208,60,pai,4,10,0.15000000000000002,0.7187387612387612,0.0
sonar,208,60,pai,4,20,0.24423076923076922,0.7304374322860239,0.0
sonar,208,60,pai,4,30,0.31442307692307697,0.7389398422090729,0.0
sonar,208,60,pai,4,50,0.43730769230769234,0.7552068214804064,0.0
sonar,208,60,pai,5,3,0.07692307692307691,0.7351506252368322,0.0
sonar,208,60,pai,5,5,0.10865384615384614,0.7356634615384615,0.0
sonar,208,60,pai,5,10,0.16634615384615387,0.7348176823176823,0.0
sonar,208,60,pai,5,20,0.2552884615384615,0.7415560671722643,0.0
sonar,208,60,pai,5,30,0.3233974358974359,0.7500335305719921,0.0
sonar,208,60,pai,5,50,0.4453846153846154,0.7637402031930334,0.0
sonar,208,60,pai,6,3,0.09775641025641026,0.7853511431097638,0.0
sonar,208,60,pai,6,5,0.1423076923076923,0.790923076923077,0.0
sonar,208,60,pai,6,10,0.22259615384615383,0.7885789210789211,0.0
sonar,208,60,pai,6,20,0.3223557692307692,0.7932936078006501,0.0
sonar,208,60,pai,6,30,0.3908653846153846,0.7946173570019723,0.0
sonar,208,60,pai,6,50,0.5025961538461539,0.8030297532656023,0.0
sonar,208,60,pai,7,3,0.11057692307692307,0.8050397877984086,0.0
sonar,208,60,pai,7,5,0.16826923076923078,0.8056971153846154,0.0
sonar,208,60,pai,7,10,0.23365384615384616,0.8017307692307692,0.0
sonar,208,60,pai,7,20,0.32355769230769227,0.7995260021668472,0.0
sonar,208,60,pai,7,30,0.40032051282051284,0.8065197238658777,0.0
sonar,208,60,pai,7,50,0.51125,0.8111748911465892,0.0
sonar,208,60,pai,8,3,0.10737179487179487,0.8189970948591638,0.0
sonar,208,60,pai,8,5,0.16153846153846158,0.8244374999999999,0.0
sonar,208,60,pai,8,10,0.24711538461538465,0.8222677322677323,0.0
sonar,208,60,pai,8,20,0.3350961538461539,0.8137676056338028,0.0
sonar,208,60,pai,8,30,0.40817307692307697,0.81751775147929,0.0
sonar,208,60,pai,8,50,0.5225961538461538,0.8270798258345429,0.0
sonar,208,60,pai,9,3,0.11698717948717946,0.8326070481242895,0.0
sonar,208,60,pai,9,5,0.15384615384615383,0.8283509615384615,0.0
sonar,208,60,pai,9,10,0.24230769230769234,0.8222502497502497,0.0
sonar,208,60,pai,9,20,0.3391826923076924,0.8162215601300109,0.0
sonar,208,60,pai,9,30,0.4118589743589744,0.8200394477317554,0.0
sonar,208,60,pai,9,50,0.5243269230769231,0.8293621190130624,0.0
sonar,208,60,pai,10,3,0.15705128205128205,0.8639399393709739,0.0
sonar,208,60,pai,10,5,0.19615384615384615,0.8603701923076923,0.0
sonar,208,60,pai,10,10,0.28365384615384615,0.8513761238761239,0.0
sonar,208,60,pai,10,20,0.384375,0.8467104550379199,0.0
sonar,208,60,pai,10,30,0.4536858974358974,0.8490207100591716,0.0
sonar,208,60,pai,10,50,0.5616346153846153,0.8539238026124818,0.0
sonar,208,60,pai,11,3,0.17307692307692307,0.8747710622710623,0.0
sonar,208,60,pai,11,5,0.2076923076923077,0.8657067307692308,0.0
sonar,208,60,pai,11,10,0.2865384615384615,0.8524825174825175,0.0
sonar,208,60,pai,11,20,0.38341346153846156,0.8466969122426868,0.0
sonar,208,60,pai,11,30,0.45288461538461533,0.8475788954635108,0.0
sonar,208,60,pai,11,50,0.5633653846153845,0.8529941944847605,0.0
sonar,208,60,pai,12,3,0.1939102564102564,0.8854127194644437,0.0
sonar,208,60,pai,12,5,0.23750000000000002,0.8763605769230769,0.0
sonar,208,60,pai,12,10,0.3264423076923077,0.867042957042957,0.0
sonar,208,60,pai,12,20,0.41129807692307696,0.8616251354279523,0.0
sonar,208,60,pai,12,30,0.47644230769230766,0.8618145956607495,0.0
sonar,208,60,pai,12,50,0.5808653846153846,0.8653301886792453,0.0
sonar,208,60,pai,13,3,0.2099358974358974,0.8850811544777062,0.0
sonar,208,60,pai,13,5,0.2605769230769231,0.8861826923076923,0.0
sonar,208,60,pai,13,10,0.33124999999999993,0.8725699300699301,0.0
sonar,208,60,pai,13,20,0.41874999999999996,0.8651679306608884,0.0
sonar,208,60,pai,13,30,0.48108974358974355,0.8636696252465483,0.0
sonar,208,60,pai,13,50,0.5870192307692308,0.8710725689404935,0.0
sonar,208,60,pai,14,3,0.21794871794871792,0.8977516736137425,0.0
sonar,208,60,pai,14,5,0.2663461538461539,0.8890721153846154,0.0
sonar,208,60,pai,14,10,0.3331730769230769,0.8716908091908092,0.0
sonar,208,60,pai,14,20,0.41514423076923074,0.868215059588299,0.0
sonar,208,60,pai,14,30,0.4887820512820512,0.8678254437869822,0.0
sonar,208,60,pai,14,50,0.5884615384615384,0.8739644412191582,0.0
sonar,208,60,pai,15,3,0.21634615384615385,0.888633636478464,0.0
sonar,208,60,pai,15,5,0.2682692307692308,0.8856442307692307,0.0
sonar,208,60,pai,15,10,0.33653846153846156,0.8704745254745254,0.0
sonar,208,60,pai,15,20,0.4230769230769231,0.8695910075839653,0.0
sonar,208,60,pai,15,30,0.4905448717948718,0.8679901380670612,0.0
sonar,208,60,pai,15,50,0.5938461538461538,0.8742082728592162,0.0
sonar,208,60,pai,16,3,0.22756410256410253,0.8948228495642289,0.0
sonar,208,60,pai,16,5,0.2817307692307693,0.8907788461538462,0.0
sonar,208,60,pai,16,10,0.3572115384615385,0.8813936063936064,0.0
sonar,208,60,pai,16,20,0.43942307692307697,0.8785847778981581,0.0
sonar,208,60,pai,16,30,0.5075320512820513,0.8760463510848127,0.0
sonar,208,60,pai,16,50,0.613076923076923,0.8820616835994195,0.0
sonar,208,60,pai,17,3,0.2644230769230769,0.9210085891120374,0.0
sonar,208,60,pai,17,5,0.30288461538461536,0.9182884615384616,0.0
sonar,208,60,pai,17,10,0.38557692307692304,0.9089060939060939,0.0
sonar,208,60,pai,17,20,0.46826923076923077,0.9026435536294691,0.0
sonar,208,60,pai,17,30,0.5394230769230769,0.9004201183431952,0.0
sonar,208,60,pai,17,50,0.6416346153846154,0.902188679245283,0.0
sonar,208,60,pai,18,3,0.2932692307692308,0.9306397625363143,0.0
sonar,208,60,pai,18,5,0.32596153846153847,0.9238317307692308,0.0
sonar,208,60,pai,18,10,0.39759615384615377,0.9118906093906094,0.0
sonar,208,60,pai,18,20,0.48533653846153846,0.9088014626218852,0.0
sonar,208,60,pai,18,30,0.553525641025641,0.9070118343195266,0.0
sonar,208,60,pai,18,50,0.650576923076923,0.9071298984034833,0.0
sonar,208,60,pai,19,3,0.3125,0.9366552987242642,0.0
sonar,208,60,pai,19,5,0.33942307692307694,0.9292355769230769,0.0
sonar,208,60,pai,19,10,0.41923076923076924,0.9173501498501498,0.0
sonar,208,60,pai,19,20,0.49326923076923074,0.9113691765980498,0.0
sonar,208,60,pai,19,30,0.5584935897435898,0.9088205128205128,0.0
sonar,208,60,pai,19,50,0.6533653846153846,0.9079274310595066,0.0
sonar,208,60,pai,20,3,0.296474358974359,0.9368289756220791,0.0
sonar,208,60,pai,20,5,0.3423076923076923,0.9248125,0.0
sonar,208,60,pai,20,10,0.41490384615384623,0.9132617382617383,0.0
sonar,208,60,pai,20,20,0.49158653846153844,0.9093797399783315,0.0
sonar,208,60,pai,20,30,0.5562499999999999,0.9079142011834319,0.0
sonar,208,60,pai,20,50,0.6512499999999999,0.9071574746008708,0.0
sonar,208,60,pai,21,3,0.3076923076923077,0.9452917771883289,0.0
sonar,208,60,pai,21,5,0.35000000000000003,0.9332259615384615,0.0
sonar,208,60,pai,21,10,0.43124999999999997,0.9253721278721279,0.0
sonar,208,60,pai,21,20,0.5088942307692308,0.9182990249187433,0.0
sonar,208,60,pai,21,30,0.5677884615384615,0.915758382642998,0.0
sonar,208,60,pai,21,50,0.6640384615384616,0.9162017416545718,0.0
sonar,208,60,pai,22,3,0.3269230769230769,0.9493337122647467,0.0
sonar,208,60,pai,22,5,0.3721153846153846,0.9338798076923077,0.0
sonar,208,60,pai,22,10,0.44471153846153844,0.9280744255744255,0.0
sonar,208,60,pai,22,20,0.5197115384615384,0.9224945828819069,0.0
sonar,208,60,pai,22,30,0.577724358974359,0.9190315581854043,0.0
sonar,208,60,pai,22,50,0.6654807692307693,0.9176828737300435,0.0
sonar,208,60,pai,23,3,0.3477564102564103,0.9463417329796641,0.0
sonar,208,60,pai,23,5,0.38750000000000007,0.9351009615384616,0.0
sonar,208,60,pai,23,10,0.44519230769230766,0.9276898101898102,0.0
sonar,208,60,pai,23,20,0.5199519230769231,0.9218079631635969,0.0
sonar,208,60,pai,23,30,0.5798076923076922,0.9198737672583827,0.0
sonar,208,60,pai,23,50,0.6675961538461539,0.9183860667634253,0.0
sonar,208,60,pai,24,3,0.3557692307692308,0.9457812302639889,0.0
sonar,208,60,pai,24,5,0.38269230769230766,0.9375432692307692,0.0
sonar,208,60,pai,24,10,0.45288461538461533,0.9293106893106893,0.0
sonar,208,60,pai,24,20,0.5293269230769231,0.9217971289274106,0.0
sonar,208,60,pai,24,30,0.5842948717948718,0.9199339250493097,0.0
sonar,208,60,pai,24,50,0.6693269230769231,0.9193432510885341,0.0
sonar,208,60,pai,25,3,0.36217948717948717,0.9464996210685865,0.0
sonar,208,60,pai,25,5,0.39038461538461544,0.9382019230769231,0.0
sonar,208,60,pai,25,10,0.4514423076923077,0.9292432567432567,0.0
sonar,208,60,pai,25,20,0.5276442307692307,0.9208193391115926,0.0
sonar,208,60,pai,25,30,0.5844551282051282,0.9198589743589743,0.0
sonar,208,60,pai,25,50,0.6708653846153846,0.9191843251088534,0.0
sonar,208,60,pai,26,3,0.35416666666666663,0.9448260073260073,0.0
sonar,208,60,pai,26,5,0.39326923076923076,0.9346057692307692,0.0
sonar,208,60,pai,26,10,0.45528846153846153,0.9267807192807193,0.0
sonar,208,60,pai,26,20,0.5262019230769232,0.9208653846153846,0.0
sonar,208,60,pai,26,30,0.5799679487179487,0.9177859960552268,0.0
sonar,208,60,pai,26,50,0.6666346153846153,0.917289550072569,0.0
sonar,208,60,pai,27,3,0.37179487179487175,0.9458364910951118,0.0
sonar,208,60,pai,27,5,0.3913461538461539,0.9392980769230769,0.0
sonar,208,60,pai,27,10,0.4639423076923077,0.9298876123876124,0.0
sonar,208,60,pai,27,20,0.5257211538461538,0.923832611050921,0.0
sonar,208,60,pai,27,30,0.5838141025641026,0.9197258382642998,0.0
sonar,208,60,pai,27,50,0.6709615384615385,0.9192612481857765,0.0
sonar,208,60,pai,28,3,0.3701923076923077,0.9456312365795124,0.0
sonar,208,60,pai,28,5,0.3942307692307692,0.9397211538461538,0.0
sonar,208,60,pai,28,10,0.4576923076923076,0.9311263736263736,0.0
sonar,208,60,pai,28,20,0.5266826923076924,0.9241481581798483,0.0
sonar,208,60,pai,28,30,0.5854166666666666,0.9204240631163708,0.0
sonar,208,60,pai,28,50,0.6716346153846153,0.9201748911465892,0.0
sonar,208,60,pai,29,3,0.3798076923076923,0.9478416698244284,0.0
sonar,208,60,pai,29,5,0.3923076923076923,0.9430865384615384,0.0
sonar,208,60,pai,29,10,0.46249999999999997,0.9323101898101898,0.0
sonar,208,60,pai,29,20,0.5319711538461539,0.9246695557963164,0.0
sonar,208,60,pai,29,30,0.5884615384615384,0.9213096646942801,0.0
sonar,208,60,pai,29,50,0.6730769230769231,0.9194419448476052,0.0
sonar,208,60,pai,30,3,0.3862179487179487,0.9530046103321965,0.0
sonar,208,60,pai,30,5,0.4009615384615384,0.9457740384615385,0.0
sonar,208,60,pai,30,10,0.4658653846153846,0.9305969030969031,0.0
sonar,208,60,pai,30,20,0.5372596153846154,0.9241806608884073,0.0
sonar,208,60,pai,30,30,0.5892628205128205,0.9223333333333333,0.0
sonar,208,60,pai,30,50,0.6717307692307691,0.920978229317852,0.0
sonar,208,60,pai,31,3,0.38461538461538464,0.9541256157635468,0.0
sonar,208,60,pai,31,5,0.4019230769230769,0.9469086538461539,0.0
sonar,208,60,pai,31,10,0.4653846153846154,0.9332467532467532,0.0
sonar,208,60,pai,31,20,0.5394230769230769,0.9261457204767064,0.0
sonar,208,60,pai,31,30,0.5905448717948718,0.9240759368836292,0.0
sonar,208,60,pai,31,50,0.6720192307692308,0.922067489114659,0.0
sonar,208,60,pai,32,3,0.3830128205128205,0.957022862195276,0.0
sonar,208,60,pai,32,5,0.40480769230769226,0.9470384615384615,0.0
sonar,208,60,pai,32,10,0.4653846153846154,0.9326273726273726,0.0
sonar,208,60,pai,32,20,0.5387019230769231,0.9275514626218851,0.0
sonar,208,60,pai,32,30,0.5940705128205128,0.9247051282051282,0.0
sonar,208,60,pai,32,50,0.6749038461538461,0.923010885341074,0.0
sonar,208,60,pai,33,3,0.3974358974358974,0.9579307187065808,0.0
sonar,208,60,pai,33,5,0.41442307692307695,0.9484375,0.0
sonar,208,60,pai,33,10,0.4788461538461538,0.9349125874125874,0.0
sonar,208,60,pai,33,20,0.5475961538461539,0.9275257313109426,0.0
sonar,208,60,pai,33,30,0.5951923076923077,0.9236646942800789,0.0
sonar,208,60,pai,33,50,0.6773076923076923,0.9232960812772133,0.0
sonar,208,60,pai,34,3,0.3942307692307692,0.9615068839206771,0.0
sonar,208,60,pai,34,5,0.41442307692307695,0.9514951923076923,0.0
sonar,208,60,pai,34,10,0.4860576923076923,0.9367207792207792,0.0
sonar,208,60,pai,34,20,0.5495192307692307,0.9290763813651137,0.0
sonar,208,60,pai,34,30,0.5995192307692307,0.924913214990138,0.0
sonar,208,60,pai,34,50,0.6804807692307693,0.9243635703918722,0.0
sonar,208,60,pai,35,3,0.38301282051282054,0.9573623215864595,0.0
sonar,208,60,pai,35,5,0.414423076923077,0.9487740384615384,0.0
sonar,208,60,pai,35,10,0.48653846153846153,0.9370404595404596,0.0
sonar,208,60,pai,35,20,0.5495192307692307,0.9291386782231853,0.0
sonar,208,60,pai,35,30,0.5983974358974359,0.9248027613412229,0.0
sonar,208,60,pai,35,50,0.681826923076923,0.9264404934687953,0.0
sonar,208,60,pai,36,3,0.41185897435897434,0.963346280156625,0.0
sonar,208,60,pai,36,5,0.4288461538461539,0.9563413461538461,0.0
sonar,208,60,pai,36,10,0.49134615384615377,0.9422202797202797,0.0
sonar,208,60,pai,36,20,0.5524038461538461,0.9316535752979415,0.0
sonar,208,60,pai,36,30,0.6075320512820512,0.9291656804733728,0.0
sonar,208,60,pai,36,50,0.6876923076923078,0.9296081277213353,0.0
sonar,208,60,pai,37,3,0.4391025641025641,0.9643409751168371,0.0
sonar,208,60,pai,37,5,0.4375,0.9583942307692308,0.0
sonar,208,60,pai,37,10,0.49759615384615385,0.9417882117882118,0.0
sonar,208,60,pai,37,20,0.5536057692307692,0.9320408992416035,0.0
sonar,208,60,pai,37,30,0.6084935897435897,0.9295759368836292,0.0
sonar,208,60,pai,37,50,0.6861538461538461,0.9293896952104499,0.0
sonar,208,60,pai,38,3,0.4487179487179487,0.9662119489705696,0.0
sonar,208,60,pai,38,5,0.4586538461538462,0.9601875,0.0
sonar,208,60,pai,38,10,0.51875,0.9489635364635365,0.0
sonar,208,60,pai,38,20,0.573076923076923,0.9361362405200433,0.0
sonar,208,60,pai,38,30,0.6209935897435896,0.9348372781065089,0.0
sonar,208,60,pai,38,50,0.6950961538461538,0.9340994194484761,0.0
sonar,208,60,pai,39,3,0.47596153846153844,0.971761715296198,0.0
sonar,208,60,pai,39,5,0.4855769230769231,0.9645817307692308,0.0
sonar,208,60,pai,39,10,0.5427884615384616,0.9536713286713286,0.0
sonar,208,60,pai,39,20,0.5896634615384615,0.9437296858071506,0.0
sonar,208,60,pai,39,30,0.6391025641025642,0.9407238658777121,0.0
sonar,208,60,pai,39,50,0.7073076923076923,0.9386117561683599,0.0
sonar,208,60,pai,40,3,0.49198717948717946,0.9774298976885184,0.0
sonar,208,60,pai,40,5,0.4951923076923077,0.9711201923076923,0.0
sonar,208,60,pai,40,10,0.5581730769230769,0.960546953046953,0.0
sonar,208,60,pai,40,20,0.6110576923076925,0.9508382990249188,0.0
sonar,208,60,pai,40,30,0.659775641025641,0.9477120315581854,0.0
sonar,208,60,pai,40,50,0.7317307692307692,0.9463381712626996,0.0
sonar,208,60,pai,41,3,0.5080128205128205,0.9801850448402173,0.0
sonar,208,60,pai,41,5,0.5221153846153845,0.9731057692307692,0.0
sonar,208,60,pai,41,10,0.5793269230769231,0.9649100899100899,0.0
sonar,208,60,pai,41,20,0.6322115384615384,0.9567267063921994,0.0
sonar,208,60,pai,41,30,0.6801282051282052,0.9547357001972386,0.0
sonar,208,60,pai,41,50,0.7493269230769232,0.9522380261248186,0.0
sonar,208,60,pai,42,3,0.5272435897435898,0.9844953896678035,0.0
sonar,208,60,pai,42,5,0.5442307692307693,0.9780721153846154,0.0
sonar,208,60,pai,42,10,0.5980769230769231,0.9702722277722278,0.0
sonar,208,60,pai,42,20,0.6560096153846153,0.962703141928494,0.0
sonar,208,60,pai,42,30,0.700801282051282,0.9612810650887574,0.0
sonar,208,60,pai,42,50,0.7672115384615386,0.9581865021770682,0.0
sonar,208,60,pai,43,3,0.5480769230769231,0.983974358974359,0.0
sonar,208,60,pai,43,5,0.5625,0.980951923076923,0.0
sonar,208,60,pai,43,10,0.6139423076923077,0.9740584415584416,0.0
sonar,208,60,pai,43,20,0.6805288461538462,0.9679049295774648,0.0
sonar,208,60,pai,43,30,0.7193910256410256,0.9651942800788955,0.0
sonar,208,60,pai,43,50,0.7807692307692308,0.9626516690856314,0.0
sonar,208,60,pai,44,3,0.5560897435897435,0.9871636983705949,0.0
sonar,208,60,pai,44,5,0.5798076923076922,0.9833365384615385,0.0
sonar,208,60,pai,44,10,0.6331730769230769,0.9764210789210789,0.0
sonar,208,60,pai,44,20,0.6927884615384616,0.9698970747562297,0.0
sonar,208,60,pai,44,30,0.7318910256410257,0.9675187376725838,0.0
sonar,208,60,pai,44,50,0.7936538461538463,0.9666124818577648,0.0
sonar,208,60,pai,45,3,0.5801282051282051,0.9884662751042061,0.0
sonar,208,60,pai,45,5,0.6067307692307692,0.9866826923076923,0.0
sonar,208,60,pai,45,10,0.6548076923076922,0.9788411588411589,0.0
sonar,208,60,pai,45,20,0.7124999999999999,0.9741332611050921,0.0
sonar,208,60,pai,45,30,0.7520833333333333,0.9715069033530572,0.0
sonar,208,60,pai,45,50,0.8055769230769231,0.970744557329463,0.0
sonar,208,60,pai,46,3,0.5881410256410257,0.9900451559934319,0.0
sonar,208,60,pai,46,5,0.6259615384615385,0.9874278846153847,0.0
sonar,208,60,pai,46,10,0.6697115384615385,0.9820579420579421,0.0
sonar,208,60,pai,46,20,0.7324519230769231,0.976273022751896,0.0
sonar,208,60,pai,46,30,0.7665064102564103,0.9745769230769231,0.0
sonar,208,60,pai,46,50,0.8136538461538462,0.9735979680696661,0.0
sonar,208,60,pai,47,3,0.6073717948717949,0.9918056081849185,0.0
sonar,208,60,pai,47,5,0.6451923076923076,0.9883894230769231,0.0
sonar,208,60,pai,47,10,0.6884615384615386,0.9833216783216783,0.0
sonar,208,60,pai,47,20,0.7459134615384616,0.9785048754062838,0.0
sonar,208,60,pai,47,30,0.7772435897435899,0.975914201183432,0.0
sonar,208,60,pai,47,50,0.8220192307692309,0.9751320754716981,0.0
sonar,208,60,pai,48,3,0.6282051282051282,0.9914345711759505,0.0
sonar,208,60,pai,48,5,0.6615384615384615,0.9892163461538461,0.0
sonar,208,60,pai,48,10,0.7004807692307692,0.9845879120879121,0.0
sonar,208,60,pai,48,20,0.760576923076923,0.980701516793066,0.0
sonar,208,60,pai,48,30,0.7881410256410256,0.9778520710059172,0.0
sonar,208,60,pai,48,50,0.8316346153846155,0.9768272859216256,0.0
sonar,208,60,pai,49,3,0.6458333333333333,0.992879247189592,0.0
sonar,208,60,pai,49,5,0.6730769230769231,0.9897307692307692,0.0
sonar,208,60,pai,49,10,0.7168269230769231,0.9858941058941059,0.0
sonar,208,60,pai,49,20,0.7699519230769231,0.9828101300108343,0.0
sonar,208,60,pai,49,30,0.7996794871794872,0.9808550295857988,0.0
sonar,208,60,pai,49,50,0.8424038461538463,0.9795239477503629,0.0
sonar,208,60,pai,50,3,0.6698717948717949,0.9940713022609574,0.0
sonar,208,60,pai,50,5,0.698076923076923,0.9910096153846154,0.0
sonar,208,60,pai,50,10,0.7341346153846153,0.9874925074925075,0.0
sonar,208,60,pai,50,20,0.7862980769230768,0.9855552546045504,0.0
sonar,208,60,pai,50,30,0.8131410256410256,0.9831932938856016,0.0
sonar,208,60,pai,50,50,0.8532692307692309,0.9819658925979681,0.0
sonar,208,60,pai,51,3,0.6794871794871794,0.9948686371100164,0.0
sonar,208,60,pai,51,5,0.7124999999999999,0.9926490384615385,0.0
sonar,208,60,pai,51,10,0.7600961538461539,0.9898776223776223,0.0
sonar,208,60,pai,51,20,0.8028846153846154,0.9872562296858072,0.0
sonar,208,60,pai,51,30,0.8323717948717948,0.9851765285996055,0.0
sonar,208,60,pai,51,50,0.8675961538461539,0.9845631349782293,0.0
sonar,208,60,pai,52,3,0.689102564102564,0.9948844259189087,0.0
sonar,208,60,pai,52,5,0.7317307692307692,0.9925913461538461,0.0
sonar,208,60,pai,52,10,0.7730769230769231,0.9901773226773227,0.0
sonar,208,60,pai,52,20,0.8180288461538461,0.9878439869989166,0.0
sonar,208,60,pai,52,30,0.8443910256410257,0.9866301775147929,0.0
sonar,208,60,pai,52,50,0.8740384615384615,0.9851240928882439,0.0
sonar,208,60,pai,53,3,0.7067307692307693,0.994844953896678,0.0
sonar,208,60,pai,53,5,0.7471153846153846,0.9930625,0.0
sonar,208,60,pai,53,10,0.7850961538461539,0.9905394605394605,0.0
sonar,208,60,pai,53,20,0.8271634615384615,0.9882326652221018,0.0
sonar,208,60,pai,53,30,0.8498397435897438,0.9869684418145956,0.0
sonar,208,60,pai,53,50,0.878173076923077,0.9855145137880987,0.0
sonar,208,60,pai,54,3,0.7451923076923077,0.9966133004926109,0.0
sonar,208,60,pai,54,5,0.7798076923076922,0.9954375,0.0
sonar,208,60,pai,54,10,0.8110576923076922,0.9937162837162837,0.0
sonar,208,60,pai,54,20,0.8432692307692307,0.9913949079089924,0.0
sonar,208,60,pai,54,30,0.8682692307692309,0.9898284023668639,0.0
sonar,208,60,pai,54,50,0.8897115384615385,0.988510885341074,0.0
sonar,208,60,pai,55,3,0.7804487179487178,0.9972527472527473,0.0
sonar,208,60,pai,55,5,0.8067307692307693,0.9965625,0.0
sonar,208,60,pai,55,10,0.8312500000000002,0.9951798201798202,0.0
sonar,208,60,pai,55,20,0.8617788461538461,0.9937107258938245,0.0
sonar,208,60,pai,55,30,0.8849358974358977,0.9932268244575937,0.0
sonar,208,60,pai,55,50,0.9033653846153845,0.9915986937590712,0.0
sonar,208,60,pai,56,3,0.8060897435897437,0.9975764178350385,0.0
sonar,208,60,pai,56,5,0.8298076923076922,0.996764423076923,0.0
sonar,208,60,pai,56,10,0.8504807692307692,0.9956643356643357,0.0
sonar,208,60,pai,56,20,0.8728365384615385,0.9943851570964247,0.0
sonar,208,60,pai,56,30,0.8921474358974361,0.9934990138067061,0.0
sonar,208,60,pai,56,50,0.9094230769230769,0.9919876632801161,0.0
sonar,208,60,pai,57,3,0.8782051282051283,0.99926582038651,0.0
sonar,208,60,pai,57,5,0.8913461538461539,0.9987980769230769,0.0
sonar,208,60,pai,57,10,0.9009615384615385,0.9983491508491509,0.0
sonar,208,60,pai,57,20,0.9088942307692308,0.9976259479956663,0.0
sonar,208,60,pai,57,30,0.9251602564102565,0.9971252465483235,0.0
sonar,208,60,pai,57,50,0.9353846153846154,0.996399854862119,0.0
sonar,208,60,pai,58,3,0.9134615384615384,0.9995342301376784,0.0
sonar,208,60,pai,58,5,0.9134615384615384,0.9994471153846154,0.0
sonar,208,60,pai,58,10,0.925,0.9992982017982018,0.0
sonar,208,60,pai,58,20,0.9389423076923078,0.9988407367280606,0.0
sonar,208,60,pai,58,30,0.9455128205128206,0.9985670611439842,0.0
sonar,208,60,pai,58,50,0.956923076923077,0.9981190130624092,0.0
sonar,208,60,pai,59,3,0.9407051282051283,0.999628962991032,0.0
sonar,208,60,pai,59,5,0.9394230769230769,0.9995625,0.0
sonar,208,60,pai,59,10,0.9490384615384617,0.999458041958042,0.0
sonar,208,60,pai,59,20,0.9586538461538461,0.9992822318526544,0.0
sonar,208,60,pai,59,30,0.965224358974359,0.9991538461538462,0.0
sonar,208,60,pai,59,50,0.9710576923076923,0.9989412191582003,0.0
sonar,208,60,pai,60,3,1.0,1.0,0.0
sonar,208,60,pai,60,5,1.0,1.0,0.0
sonar,208,60,pai,60,10,1.0,1.0,0.0
sonar,208,60,pai,60,20,1.0,1.0,0.0
sonar,208,60,pai,60,30,1.0,1.0,0.0
sonar,208,60,pai,60,50,1.0,1.0,0.0
sonar,208,60,nrs,1,3,0.019230769230769232,0.5688707843880259,0.0
sonar,208,60,nrs,1,5,0.035576923076923075,0.5730144230769231,0.0
sonar,208,60,nrs,1,10,0.07932692307692307,0.5726998001998003,0.0
sonar,208,60,nrs,1,20,0.1389423076923077,0.5935075839653305,0.0
sonar,208,60,nrs,1,30,0.19278846153846158,0.6100414201183432,0.0
sonar,208,60,nrs,1,50,0.3018269230769231,0.6364259796806967,0.0
sonar,208,60,nrs,2,3,0.0673076923076923,0.6477990400404194,0.0
sonar,208,60,nrs,2,5,0.07596153846153847,0.6496778846153846,0.0
sonar,208,60,nrs,2,10,0.1278846153846154,0.6608841158841159,0.0
sonar,208,60,nrs,2,20,0.20240384615384616,0.6751273022751896,0.0
sonar,208,60,nrs,2,30,0.27211538461538465,0.6949595660749507,0.0
sonar,208,60,nrs,2,50,0.38105769230769226,0.7180718432510885,0.0
sonar,208,60,nrs,3,3,0.05929487179487179,0.6864974106353416,0.0
sonar,208,60,nrs,3,5,0.07980769230769232,0.6822067307692308,0.0
sonar,208,60,nrs,3,10,0.1485576923076923,0.6915934065934066,0.0
sonar,208,60,nrs,3,20,0.23341346153846151,0.7060631094257854,0.0
sonar,208,60,nrs,3,30,0.29631410256410257,0.7183974358974359,0.0
sonar,208,60,nrs,3,50,0.39798076923076925,0.7328976777939042,0.0
sonar,208,60,nrs,4,3,0.11378205128205127,0.7586759504862953,0.0
sonar,208,60,nrs,4,5,0.14903846153846154,0.7618173076923077,0.0
sonar,208,60,nrs,4,10,0.20336538461538464,0.7540034965034965,0.0
sonar,208,60,nrs,4,20,0.28173076923076923,0.752569068255688,0.0
sonar,208,60,nrs,4,30,0.34423076923076923,0.7614220907297831,0.0
sonar,208,60,nrs,4,50,0.45067307692307695,0.7766821480406386,0.0
sonar,208,60,nrs,5,3,0.12179487179487179,0.7960796387520526,0.0
sonar,208,60,nrs,5,5,0.1653846153846154,0.7889423076923077,0.0
sonar,208,60,nrs,5,10,0.22451923076923078,0.7808266733266733,0.0
sonar,208,60,nrs,5,20,0.29927884615384615,0.7825473997833152,0.0
sonar,208,60,nrs,5,30,0.3693910256410256,0.7891942800788955,0.0
sonar,208,60,nrs,5,50,0.47259615384615383,0.8020616835994194,0.0
sonar,208,60,nrs,6,3,0.18108974358974358,0.8376199949475811,0.0
sonar,208,60,nrs,6,5,0.22692307692307695,0.8321346153846154,0.0
sonar,208,60,nrs,6,10,0.2923076923076923,0.8311963036963037,0.0
sonar,208,60,nrs,6,20,0.3555288461538462,0.8262283315276273,0.0
sonar,208,60,nrs,6,30,0.42195512820512815,0.8321508875739645,0.0
sonar,208,60,nrs,6,50,0.5284615384615384,0.8421146589259797,0.0
sonar,208,60,nrs,7,3,0.1778846153846154,0.852224643172919,0.0
sonar,208,60,nrs,7,5,0.23750000000000002,0.8447451923076923,0.0
sonar,208,60,nrs,7,10,0.2975961538461539,0.8382967032967032,0.0
sonar,208,60,nrs,7,20,0.36394230769230773,0.8317957746478873,0.0
sonar,208,60,nrs,7,30,0.42788461538461536,0.8360562130177515,0.0
sonar,208,60,nrs,7,50,0.5292307692307692,0.843,0.0
sonar,208,60,nrs,8,3,0.23397435897435898,0.8876073639004673,0.0
sonar,208,60,nrs,8,5,0.2798076923076923,0.8770336538461538,0.0
sonar,208,60,nrs,8,10,0.34278846153846154,0.8611288711288712,0.0
sonar,208,60,nrs,8,20,0.41298076923076926,0.8579022210184182,0.0
sonar,208,60,nrs,8,30,0.4705128205128205,0.8561489151873767,0.0
sonar,208,60,nrs,8,50,0.5640384615384615,0.8581516690856313,0.0
sonar,208,60,nrs,9,3,0.2868589743589744,0.9144641278261968,0.0
sonar,208,60,nrs,9,5,0.3384615384615385,0.9055769230769231,0.0
sonar,208,60,nrs,9,10,0.38125,0.8890134865134866,0.0
sonar,208,60,nrs,9,20,0.45817307692307696,0.8823374864572048,0.0
sonar,208,60,nrs,9,30,0.5184294871794871,0.8789714003944773,0.0
sonar,208,60,nrs,9,50,0.6059615384615384,0.8765580551523948,0.0
sonar,208,60,nrs,10,3,0.30288461538461536,0.9244663382594417,0.0
sonar,208,60,nrs,10,5,0.35673076923076924,0.9213173076923077,0.0
sonar,208,60,nrs,10,10,0.4009615384615385,0.9041333666333666,0.0
sonar,208,60,nrs,10,20,0.47740384615384623,0.8934466413867822,0.0
sonar,208,60,nrs,10,30,0.5413461538461538,0.8895325443786982,0.0
sonar,208,60,nrs,10,50,0.6238461538461538,0.8869187227866473,0.0
sonar,208,60,nrs,11,3,0.3205128205128205,0.93246336996337,0.0
sonar,208,60,nrs,11,5,0.36538461538461536,0.9273509615384615,0.0
sonar,208,60,nrs,11,10,0.4221153846153846,0.9118181818181819,0.0
sonar,208,60,nrs,11,20,0.4850961538461539,0.8974918743228603,0.0
sonar,208,60,nrs,11,30,0.5504807692307693,0.8954723865877712,0.0
sonar,208,60,nrs,11,50,0.6281730769230769,0.8901175616835995,0.0
sonar,208,60,nrs,12,3,0.31089743589743585,0.9308371226474674,0.0
sonar,208,60,nrs,12,5,0.3576923076923077,0.9290865384615384,0.0
sonar,208,60,nrs,12,10,0.4163461538461538,0.9144005994005994,0.0
sonar,208,60,nrs,12,20,0.49374999999999997,0.9019163055254604,0.0
sonar,208,60,nrs,12,30,0.5469551282051281,0.8964871794871795,0.0
sonar,208,60,nrs,12,50,0.6305769230769231,0.8949129172714079,0.0
sonar,208,60,nrs,13,3,0.3141025641025641,0.935597448528483,0.0
sonar,208,60,nrs,13,5,0.3644230769230769,0.9313701923076922,0.0
sonar,208,60,nrs,13,10,0.4206730769230769,0.914478021978022,0.0
sonar,208,60,nrs,13,20,0.4925480769230769,0.901748374864572,0.0
sonar,208,60,nrs,13,30,0.5475961538461539,0.8991311637080868,0.0
sonar,208,60,nrs,13,50,0.6309615384615385,0.8983193033381712,0.0
sonar,208,60,nrs,14,3,0.32211538461538464,0.9357869142351901,0.0
sonar,208,60,nrs,14,5,0.36538461538461536,0.9302307692307692,0.0
sonar,208,60,nrs,14,10,0.4254807692307692,0.9168531468531469,0.0
sonar,208,60,nrs,14,20,0.5009615384615385,0.9063637594799566,0.0
sonar,208,60,nrs,14,30,0.551923076923077,0.9011568047337278,0.0
sonar,208,60,nrs,14,50,0.6309615384615385,0.8996103047895501,0.0
sonar,208,60,nrs,15,3,0.3205128205128205,0.9396946444360238,0.0
sonar,208,60,nrs,15,5,0.3721153846153846,0.9322884615384616,0.0
sonar,208,60,nrs,15,10,0.43701923076923077,0.9210064935064936,0.0
sonar,208,60,nrs,15,20,0.505048076923077,0.9087973997833153,0.0
sonar,208,60,nrs,15,30,0.5620192307692308,0.9052031558185404,0.0
sonar,208,60,nrs,15,50,0.6418269230769231,0.9037728592162555,0.0
sonar,208,60,nrs,16,3,0.3253205128205128,0.9438628899835797,0.0
sonar,208,60,nrs,16,5,0.37115384615384617,0.9356105769230769,0.0
sonar,208,60,nrs,16,10,0.44519230769230766,0.920939060939061,0.0
sonar,208,60,nrs,16,20,0.5045673076923077,0.9101760563380281,0.0
sonar,208,60,nrs,16,30,0.5576923076923077,0.907250493096647,0.0
sonar,208,60,nrs,16,50,0.646826923076923,0.9079129172714079,0.0
sonar,208,60,nrs,17,3,0.33814102564102566,0.9495626499936844,0.0
sonar,208,60,nrs,17,5,0.3807692307692307,0.9381971153846154,0.0
sonar,208,60,nrs,17,10,0.4581730769230769,0.9232067932067932,0.0
sonar,208,60,nrs,17,20,0.5204326923076923,0.9144989165763814,0.0
sonar,208,60,nrs,17,30,0.5725961538461538,0.9098086785009862,0.0
sonar,208,60,nrs,17,50,0.6503846153846153,0.9080406386066764,0.0
sonar,208,60,nrs,18,3,0.3557692307692308,0.959170140204623,0.0
sonar,208,60,nrs,18,5,0.40384615384615385,0.9507932692307692,0.0
sonar,208,60,nrs,18,10,0.4774038461538461,0.9386088911088911,0.0
sonar,208,60,nrs,18,20,0.5557692307692308,0.9274945828819068,0.0
sonar,208,60,nrs,18,30,0.6105769230769231,0.9252751479289941,0.0
sonar,208,60,nrs,18,50,0.689326923076923,0.9237191582002903,0.0
sonar,208,60,nrs,19,3,0.3958333333333333,0.9657067070860175,0.0
sonar,208,60,nrs,19,5,0.43846153846153846,0.9580336538461538,0.0
sonar,208,60,nrs,19,10,0.4942307692307692,0.9421353646353646,0.0
sonar,208,60,nrs,19,20,0.5728365384615385,0.9314978331527627,0.0
sonar,208,60,nrs,19,30,0.6269230769230769,0.9281873767258383,0.0
sonar,208,60,nrs,19,50,0.7004807692307692,0.9271756168359941,0.0
sonar,208,60,nrs,20,3,0.3894230769230769,0.9650909435392194,0.0
sonar,208,60,nrs,20,5,0.4461538461538461,0.9564375,0.0
sonar,208,60,nrs,20,10,0.49182692307692305,0.9403321678321679,0.0
sonar,208,60,nrs,20,20,0.5747596153846153,0.9331053629469123,0.0
sonar,208,60,nrs,20,30,0.6269230769230769,0.9299891518737673,0.0
sonar,208,60,nrs,20,50,0.7017307692307693,0.9284194484760523,0.0
sonar,208,60,nrs,21,3,0.39903846153846156,0.9632594417077176,0.0
sonar,208,60,nrs,21,5,0.44615384615384623,0.9544423076923076,0.0
sonar,208,60,nrs,21,10,0.49326923076923074,0.9421928071928072,0.0
sonar,208,60,nrs,21,20,0.5771634615384615,0.9334507042253521,0.0
sonar,208,60,nrs,21,30,0.6270833333333333,0.929396449704142,0.0
sonar,208,60,nrs,21,50,0.7017307692307692,0.9280087082728592,0.0
sonar,208,60,nrs,22,3,0.4262820512820512,0.9651304155614501,0.0
sonar,208,60,nrs,22,5,0.47115384615384615,0.9571153846153846,0.0
sonar,208,60,nrs,22,10,0.51875,0.9459965034965034,0.0
sonar,208,60,nrs,22,20,0.5882211538461538,0.9361430119176598,0.0
sonar,208,60,nrs,22,30,0.6397435897435897,0.9344773175542407,0.0
sonar,208,60,nrs,22,50,0.7064423076923076,0.9305537010159651,0.0
sonar,208,60,nrs,23,3,0.39743589743589747,0.9654382973348491,0.0
sonar,208,60,nrs,23,5,0.4634615384615385,0.9582355769230769,0.0
sonar,208,60,nrs,23,10,0.5139423076923078,0.9468381618381618,0.0
sonar,208,60,nrs,23,20,0.5949519230769231,0.9396478873239437,0.0
sonar,208,60,nrs,23,30,0.6416666666666665,0.9382731755424063,0.0
sonar,208,60,nrs,23,50,0.7113461538461539,0.9342670537010159,0.0
sonar,208,60,nrs,24,3,0.40384615384615385,0.9643725527346217,0.0
sonar,208,60,nrs,24,5,0.46634615384615385,0.9596923076923077,0.0
sonar,208,60,nrs,24,10,0.5168269230769231,0.94743006993007,0.0
sonar,208,60,nrs,24,20,0.5966346153846154,0.9405742145178765,0.0
sonar,208,60,nrs,24,30,0.6387820512820512,0.9361331360946745,0.0
sonar,208,60,nrs,24,50,0.7076923076923076,0.9328969521044993,0.0
sonar,208,60,nrs,25,3,0.42467948717948717,0.9665514083617532,0.0
sonar,208,60,nrs,25,5,0.46923076923076923,0.9607403846153846,0.0
sonar,208,60,nrs,25,10,0.5139423076923076,0.9481518481518482,0.0
sonar,208,60,nrs,25,20,0.6060096153846154,0.9428290899241604,0.0
sonar,208,60,nrs,25,30,0.6431089743589743,0.9387001972386588,0.0
sonar,208,60,nrs,25,50,0.7096153846153845,0.9344129172714079,0.0
sonar,208,60,nrs,26,3,0.4246794871794872,0.9686671087533156,0.0
sonar,208,60,nrs,26,5,0.48750000000000004,0.9610625,0.0
sonar,208,60,nrs,26,10,0.5192307692307693,0.950427072927073,0.0
sonar,208,60,nrs,26,20,0.6127403846153846,0.9464599133261105,0.0
sonar,208,60,nrs,26,30,0.6511217948717949,0.9422731755424063,0.0
sonar,208,60,nrs,26,50,0.7177884615384615,0.9375166908563135,0.0
sonar,208,60,nrs,27,3,0.45512820512820507,0.9732221801187318,0.0
sonar,208,60,nrs,27,5,0.5221153846153845,0.9670673076923076,0.0
sonar,208,60,nrs,27,10,0.5576923076923077,0.9596803196803196,0.0
sonar,208,60,nrs,27,20,0.635576923076923,0.9528832611050921,0.0
sonar,208,60,nrs,27,30,0.6764423076923076,0.949241617357002,0.0
sonar,208,60,nrs,27,50,0.739326923076923,0.9448388969521045,0.0
sonar,208,60,nrs,28,3,0.483974358974359,0.9757247063281546,0.0
sonar,208,60,nrs,28,5,0.5413461538461538,0.9705625,0.0
sonar,208,60,nrs,28,10,0.5798076923076922,0.9625224775224775,0.0
sonar,208,60,nrs,28,20,0.6490384615384616,0.9550893824485374,0.0
sonar,208,60,nrs,28,30,0.6923076923076923,0.9523599605522682,0.0
sonar,208,60,nrs,28,50,0.7466346153846154,0.9471030478955007,0.0
sonar,208,60,nrs,29,3,0.4887820512820512,0.9768615005683972,0.0
sonar,208,60,nrs,29,5,0.5461538461538461,0.971889423076923,0.0
sonar,208,60,nrs,29,10,0.5870192307692308,0.9655644355644356,0.0
sonar,208,60,nrs,29,20,0.6550480769230769,0.9571885157096425,0.0
sonar,208,60,nrs,29,30,0.6964743589743588,0.9553964497041421,0.0
sonar,208,60,nrs,29,50,0.7532692307692308,0.9518388969521046,0.0
sonar,208,60,nrs,30,3,0.49679487179487175,0.976482569154983,0.0
sonar,208,60,nrs,30,5,0.5490384615384616,0.972798076923077,0.0
sonar,208,60,nrs,30,10,0.5975961538461538,0.9652922077922078,0.0
sonar,208,60,nrs,30,20,0.6634615384615384,0.9581283856988082,0.0
sonar,208,60,nrs,30,30,0.7024038461538462,0.9560828402366864,0.0
sonar,208,60,nrs,30,50,0.7611538461538461,0.9527329462989841,0.0
sonar,208,60,nrs,31,3,0.516025641025641,0.9782824933687002,0.0
sonar,208,60,nrs,31,5,0.5644230769230769,0.9740384615384615,0.0
sonar,208,60,nrs,31,10,0.6028846153846155,0.9658941058941058,0.0
sonar,208,60,nrs,31,20,0.6701923076923078,0.958953141928494,0.0
sonar,208,60,nrs,31,30,0.7115384615384616,0.9569319526627219,0.0
sonar,208,60,nrs,31,50,0.7670192307692308,0.9540537010159652,0.0
sonar,208,60,nrs,32,3,0.5080128205128205,0.9774298976885184,0.0
sonar,208,60,nrs,32,5,0.5625,0.9722163461538461,0.0
sonar,208,60,nrs,32,10,0.5975961538461538,0.9662712287712287,0.0
sonar,208,60,nrs,32,20,0.6713942307692307,0.959921451787649,0.0
sonar,208,60,nrs,32,30,0.7108974358974359,0.9573865877712031,0.0
sonar,208,60,nrs,32,50,0.7668269230769231,0.9541763425253992,0.0
sonar,208,60,nrs,33,3,0.5240384615384616,0.9787719464443603,0.0
sonar,208,60,nrs,33,5,0.5721153846153846,0.9733028846153846,0.0
sonar,208,60,nrs,33,10,0.6168269230769231,0.9674975024975025,0.0
sonar,208,60,nrs,33,20,0.6766826923076923,0.9611118634886241,0.0
sonar,208,60,nrs,33,30,0.7141025641025641,0.9587455621301775,0.0
sonar,208,60,nrs,33,50,0.7706730769230768,0.9559158200290275,0.0
sonar,208,60,nrs,34,3,0.532051282051282,0.980848174813692,0.0
sonar,208,60,nrs,34,5,0.5778846153846154,0.9719711538461538,0.0
sonar,208,60,nrs,34,10,0.6173076923076922,0.9676873126873127,0.0
sonar,208,60,nrs,34,20,0.6788461538461538,0.9617849404117009,0.0
sonar,208,60,nrs,34,30,0.7213141025641026,0.9595552268244576,0.0
sonar,208,60,nrs,34,50,0.7739423076923078,0.9560290275761973,0.0
sonar,208,60,nrs,35,3,0.5448717948717949,0.9826007326007326,0.0
sonar,208,60,nrs,35,5,0.5778846153846153,0.9760817307692308,0.0
sonar,208,60,nrs,35,10,0.6187500000000001,0.9700424575424575,0.0
sonar,208,60,nrs,35,20,0.6860576923076922,0.9640492957746479,0.0
sonar,208,60,nrs,35,30,0.7246794871794873,0.9610542406311637,0.0
sonar,208,60,nrs,35,50,0.7775,0.9580638606676343,0.0
sonar,208,60,nrs,36,3,0.5512820512820512,0.9829244031830239,0.0
sonar,208,60,nrs,36,5,0.5778846153846153,0.9759278846153846,0.0
sonar,208,60,nrs,36,10,0.6288461538461539,0.9705294705294705,0.0
sonar,208,60,nrs,36,20,0.6930288461538462,0.9652464788732394,0.0
sonar,208,60,nrs,36,30,0.7330128205128207,0.962534516765286,0.0
sonar,208,60,nrs,36,50,0.7816346153846153,0.9594404934687953,0.0
sonar,208,60,nrs,37,3,0.5576923076923076,0.9804376657824934,0.0
sonar,208,60,nrs,37,5,0.5865384615384616,0.9767211538461539,0.0
sonar,208,60,nrs,37,10,0.6394230769230769,0.9709390609390609,0.0
sonar,208,60,nrs,37,20,0.7021634615384615,0.9661470747562297,0.0
sonar,208,60,nrs,37,30,0.7381410256410257,0.9637741617357002,0.0
sonar,208,60,nrs,37,50,0.7848076923076923,0.9603359941944848,0.0
sonar,208,60,nrs,38,3,0.5641025641025641,0.9790719338133131,0.0
sonar,208,60,nrs,38,5,0.6048076923076923,0.9764134615384615,0.0
sonar,208,60,nrs,38,10,0.6504807692307693,0.9720204795204795,0.0
sonar,208,60,nrs,38,20,0.7168269230769231,0.967467497291441,0.0
sonar,208,60,nrs,38,30,0.748397435897436,0.9656854043392505,0.0
sonar,208,60,nrs,38,50,0.790673076923077,0.9614492017416546,0.0
sonar,208,60,nrs,39,3,0.578525641025641,0.9796719085512189,0.0
sonar,208,60,nrs,39,5,0.6153846153846154,0.9773942307692308,0.0
sonar,208,60,nrs,39,10,0.6596153846153847,0.9731743256743257,0.0
sonar,208,60,nrs,39,20,0.7262019230769231,0.96965872156013,0.0
sonar,208,60,nrs,39,30,0.7578525641025642,0.9676459566074951,0.0
sonar,208,60,nrs,39,50,0.7991346153846155,0.9631023222060958,0.0
sonar,208,60,nrs,40,3,0.5705128205128205,0.9812428950359985,0.0
sonar,208,60,nrs,40,5,0.6182692307692308,0.9783894230769231,0.0
sonar,208,60,nrs,40,10,0.6625000000000001,0.9744555444555445,0.0
sonar,208,60,nrs,40,20,0.7274038461538462,0.9707719393282773,0.0
sonar,208,60,nrs,40,30,0.762019230769231,0.9685670611439843,0.0
sonar,208,60,nrs,40,50,0.8053846153846155,0.9658628447024673,0.0
sonar,208,60,nrs,41,3,0.578525641025641,0.9820875963117343,0.0
sonar,208,60,nrs,41,5,0.6221153846153845,0.9793413461538462,0.0
sonar,208,60,nrs,41,10,0.6572115384615385,0.9752572427572428,0.0
sonar,208,60,nrs,41,20,0.7257211538461538,0.9706988082340196,0.0
sonar,208,60,nrs,41,30,0.7612179487179488,0.9689447731755424,0.0
sonar,208,60,nrs,41,50,0.8060576923076924,0.966577648766328,0.0
sonar,208,60,nrs,42,3,0.6073717948717948,0.9886399520020209,0.0
sonar,208,60,nrs,42,5,0.6307692307692307,0.986,0.0
sonar,208,60,nrs,42,10,0.6701923076923078,0.9786613386613386,0.0
sonar,208,60,nrs,42,20,0.7322115384615384,0.9752613759479957,0.0
sonar,208,60,nrs,42,30,0.7700320512820513,0.9725670611439842,0.0
sonar,208,60,nrs,42,50,0.8135576923076925,0.9692982583454282,0.0
sonar,208,60,nrs,43,3,0.6073717948717948,0.9897688518378174,0.0
sonar,208,60,nrs,43,5,0.6423076923076922,0.9869615384615384,0.0
sonar,208,60,nrs,43,10,0.6879807692307693,0.9818956043956044,0.0
sonar,208,60,nrs,43,20,0.7442307692307691,0.9775839653304442,0.0
sonar,208,60,nrs,43,30,0.7774038461538463,0.9745739644970414,0.0
sonar,208,60,nrs,43,50,0.8175961538461538,0.9713084179970972,0.0
sonar,208,60,nrs,44,3,0.6137820512820512,0.9886162687886826,0.0
sonar,208,60,nrs,44,5,0.6471153846153844,0.9862884615384615,0.0
sonar,208,60,nrs,44,10,0.6894230769230769,0.9819255744255744,0.0
sonar,208,60,nrs,44,20,0.7456730769230769,0.9767578548212351,0.0
sonar,208,60,nrs,44,30,0.778525641025641,0.974689349112426,0.0
sonar,208,60,nrs,44,50,0.8193269230769231,0.9713650217706822,0.0
sonar,208,60,nrs,45,3,0.6362179487179487,0.9900846280156625,0.0
sonar,208,60,nrs,45,5,0.6653846153846152,0.9886730769230769,0.0
sonar,208,60,nrs,45,10,0.7072115384615386,0.9855694305694306,0.0
sonar,208,60,nrs,45,20,0.7637019230769231,0.9810874864572048,0.0
sonar,208,60,nrs,45,30,0.79375,0.9789753451676528,0.0
sonar,208,60,nrs,45,50,0.8317307692307693,0.9762133526850508,0.0
sonar,208,60,nrs,46,3,0.6394230769230769,0.9907556523935834,0.0
sonar,208,60,nrs,46,5,0.660576923076923,0.9894278846153847,0.0
sonar,208,60,nrs,46,10,0.7129807692307693,0.9863561438561439,0.0
sonar,208,60,nrs,46,20,0.7685096153846155,0.9822440411700976,0.0
sonar,208,60,nrs,46,30,0.7979166666666668,0.9805591715976332,0.0
sonar,208,60,nrs,46,50,0.8355769230769231,0.978055152394775,0.0
sonar,208,60,nrs,47,3,0.6554487179487178,0.992508210180624,0.0
sonar,208,60,nrs,47,5,0.6711538461538461,0.9914711538461538,0.0
sonar,208,60,nrs,47,10,0.7302884615384616,0.9873301698301699,0.0
sonar,208,60,nrs,47,20,0.78125,0.9850176056338028,0.0
sonar,208,60,nrs,47,30,0.8084935897435899,0.9822445759368836,0.0
sonar,208,60,nrs,47,50,0.8430769230769232,0.9801313497822932,0.0
sonar,208,60,nrs,48,3,0.6858974358974359,0.9964080459770115,0.0
sonar,208,60,nrs,48,5,0.7105769230769231,0.9934855769230769,0.0
sonar,208,60,nrs,48,10,0.7466346153846154,0.9897502497502497,0.0
sonar,208,60,nrs,48,20,0.796875,0.9876841820151679,0.0
sonar,208,60,nrs,48,30,0.8225961538461539,0.985681459566075,0.0
sonar,208,60,nrs,48,50,0.8538461538461539,0.9833229317851959,0.0
sonar,208,60,nrs,49,3,0.6875,0.9960449033724896,0.0
sonar,208,60,nrs,49,5,0.7288461538461538,0.9940913461538462,0.0
sonar,208,60,nrs,49,10,0.7576923076923078,0.9900374625374625,0.0
sonar,208,60,nrs,49,20,0.8016826923076923,0.9874986457204767,0.0
sonar,208,60,nrs,49,30,0.8264423076923079,0.9859358974358974,0.0
sonar,208,60,nrs,49,50,0.856923076923077,0.9836494920174166,0.0
sonar,208,60,nrs,50,3,0.7179487179487178,0.9976632562839459,0.0
sonar,208,60,nrs,50,5,0.7701923076923077,0.9969182692307692,0.0
sonar,208,60,nrs,50,10,0.7927884615384616,0.994522977022977,0.0
sonar,208,60,nrs,50,20,0.8298076923076925,0.9922169555796316,0.0
sonar,208,60,nrs,50,30,0.8575320512820513,0.9914240631163708,0.0
sonar,208,60,nrs,50,50,0.8831730769230769,0.9895145137880987,0.0
sonar,208,60,nrs,51,3,0.75,0.9979869268662372,0.0
sonar,208,60,nrs,51,5,0.7884615384615384,0.9976346153846154,0.0
sonar,208,60,nrs,51,10,0.8149038461538461,0.9953696303696303,0.0
sonar,208,60,nrs,51,20,0.8514423076923078,0.9935197724810401,0.0
sonar,208,60,nrs,51,30,0.8721153846153847,0.9925305719921105,0.0
sonar,208,60,nrs,51,50,0.8939423076923076,0.9910907111756169,0.0
sonar,208,60,nrs,52,3,0.766025641025641,0.998650056839712,0.0
sonar,208,60,nrs,52,5,0.8192307692307694,0.998139423076923,0.0
sonar,208,60,nrs,52,10,0.8403846153846156,0.9966208791208792,0.0
sonar,208,60,nrs,52,20,0.8663461538461538,0.995636511375948,0.0
sonar,208,60,nrs,52,30,0.8927884615384618,0.9953333333333333,0.0
sonar,208,60,nrs,52,50,0.9145192307692308,0.9941814223512336,0.0
sonar,208,60,nrs,53,3,0.7836538461538461,0.9986658456486043,0.0
sonar,208,60,nrs,53,5,0.8298076923076925,0.9983461538461539,0.0
sonar,208,60,nrs,53,10,0.8442307692307693,0.996968031968032,0.0
sonar,208,60,nrs,53,20,0.8735576923076922,0.9956392199349946,0.0
sonar,208,60,nrs,53,30,0.8974358974358976,0.995525641025641,0.0
sonar,208,60,nrs,53,50,0.9143269230769231,0.9942293178519593,0.0
sonar,208,60,nrs,54,3,0.7932692307692307,0.9986026904130353,0.0
sonar,208,60,nrs,54,5,0.8307692307692308,0.9983365384615385,0.0
sonar,208,60,nrs,54,10,0.8548076923076924,0.9974225774225774,0.0
sonar,208,60,nrs,54,20,0.8853365384615384,0.9964043878656554,0.0
sonar,208,60,nrs,54,30,0.9068910256410259,0.9961005917159763,0.0
sonar,208,60,nrs,54,50,0.9249999999999999,0.9948933236574746,0.0
sonar,208,60,nrs,55,3,0.8269230769230769,0.9988711001642037,0.0
sonar,208,60,nrs,55,5,0.8471153846153847,0.9985096153846154,0.0
sonar,208,60,nrs,55,10,0.8596153846153847,0.9976423576423576,0.0
sonar,208,60,nrs,55,20,0.8918269230769231,0.9967768147345613,0.0
sonar,208,60,nrs,55,30,0.9141025641025642,0.9964674556213018,0.0
sonar,208,60,nrs,55,50,0.9307692307692308,0.9954506531204644,0.0
sonar,208,60,nrs,56,3,0.8189102564102563,0.9989895162308955,0.0
sonar,208,60,nrs,56,5,0.8471153846153847,0.9985096153846154,0.0
sonar,208,60,nrs,56,10,0.8697115384615386,0.9977997002997003,0.0
sonar,208,60,nrs,56,20,0.9038461538461539,0.9974647887323944,0.0
sonar,208,60,nrs,56,30,0.9262820512820513,0.997232741617357,0.0
sonar,208,60,nrs,56,50,0.9411538461538462,0.996355587808418,0.0
sonar,208,60,nrs,57,3,0.8397435897435896,0.9992500315776178,0.0
sonar,208,60,nrs,57,5,0.8644230769230771,0.9989086538461538,0.0
sonar,208,60,nrs,57,10,0.8894230769230771,0.9982092907092908,0.0
sonar,208,60,nrs,57,20,0.9161057692307693,0.9980715059588299,0.0
sonar,208,60,nrs,57,30,0.9365384615384615,0.9976528599605523,0.0
sonar,208,60,nrs,57,50,0.9476923076923077,0.9968403483309144,0.0
sonar,208,60,nrs,58,3,0.8573717948717948,0.9992973980042945,0.0
sonar,208,60,nrs,58,5,0.891346153846154,0.9989567307692307,0.0
sonar,208,60,nrs,58,10,0.9048076923076925,0.9987412587412587,0.0
sonar,208,60,nrs,58,20,0.9305288461538462,0.9983613217768147,0.0
sonar,208,60,nrs,58,30,0.945673076923077,0.9982021696252465,0.0
sonar,208,60,nrs,58,50,0.9566346153846155,0.9976850507982583,0.0
sonar,208,60,nrs,59,3,0.9246794871794871,0.9996842238221548,0.0
sonar,208,60,nrs,59,5,0.9403846153846154,0.9997259615384615,0.0
sonar,208,60,nrs,59,10,0.9528846153846154,0.9995629370629371,0.0
sonar,208,60,nrs,59,20,0.9627403846153846,0.9994474539544962,0.0
sonar,208,60,nrs,59,30,0.9733974358974359,0.9994556213017751,0.0
sonar,208,60,nrs,59,50,0.9775961538461538,0.9991480406386066,0.0
sonar,208,60,nrs,60,3,1.0,1.0,0.0
sonar,208,60,nrs,60,5,1.0,1.0,0.0
sonar,208,60,nrs,60,10,1.0,1.0,0.0
sonar,208,60,nrs,60,20,1.0,1.0,0.0
sonar,208,60,nrs,60,30,1.0,1.0,0.0
sonar,208,60,nrs,60,50,1.0,1.0,0.0
sonar,208,60,relieff,1,3,0.04006410256410256,0.5727627257799672,0.0
sonar,208,60,relieff,1,5,0.06538461538461539,0.5886682692307692,0.0
sonar,208,60,relieff,1,10,0.10048076923076922,0.5901573426573427,0.0
sonar,208,60,relieff,1,20,0.16153846153846155,0.594114301191766,0.0
sonar,208,60,relieff,1,30,0.21298076923076925,0.6046735700197239,0.0
sonar,208,60,relieff,1,50,0.31528846153846146,0.6220268505079827,0.0
sonar,208,60,relieff,2,3,0.0657051282051282,0.6282051282051282,0.0
sonar,208,60,relieff,2,5,0.08365384615384616,0.6339615384615385,0.0
sonar,208,60,relieff,2,10,0.1278846153846154,0.6416258741258741,0.0
sonar,208,60,relieff,2,20,0.18125000000000002,0.6430539003250271,0.0
sonar,208,60,relieff,2,30,0.24134615384615385,0.6494142011834318,0.0
sonar,208,60,relieff,2,50,0.34124999999999994,0.6662946298984035,0.0
sonar,208,60,relieff,3,3,0.09134615384615384,0.6671876973601112,0.0
sonar,208,60,relieff,3,5,0.10769230769230768,0.6611442307692308,0.0
sonar,208,60,relieff,3,10,0.14086538461538461,0.6631618381618382,0.0
sonar,208,60,relieff,3,20,0.20096153846153844,0.6649783315276273,0.0
sonar,208,60,relieff,3,30,0.2564102564102564,0.6735118343195265,0.0
sonar,208,60,relieff,3,50,0.3584615384615385,0.685343976777939,0.0
sonar,208,60,relieff,4,3,0.12339743589743589,0.7499210559555387,0.0
sonar,208,60,relieff,4,5,0.16442307692307695,0.7432980769230769,0.0
sonar,208,60,relieff,4,10,0.20576923076923076,0.7307717282717283,0.0
sonar,208,60,relieff,4,20,0.26802884615384615,0.7216291982665222,0.0
sonar,208,60,relieff,4,30,0.3245192307692308,0.7215364891518737,0.0
sonar,208,60,relieff,4,50,0.41326923076923083,0.7263316400580552,0.0
sonar,208,60,relieff,5,3,0.11217948717948717,0.7552024125299988,0.0
sonar,208,60,relieff,5,5,0.16923076923076924,0.7480673076923077,0.0
sonar,208,60,relieff,5,10,0.20625000000000002,0.7390384615384615,0.0
sonar,208,60,relieff,5,20,0.2725961538461539,0.7260915492957747,0.0
sonar,208,60,relieff,5,30,0.3233974358974359,0.7280108481262327,0.0
sonar,208,60,relieff,5,50,0.41221153846153846,0.7309644412191583,0.0
sonar,208,60,relieff,6,3,0.1875,0.8289440444612859,0.0
sonar,208,60,relieff,6,5,0.2105769230769231,0.8214375,0.0
sonar,208,60,relieff,6,10,0.24375000000000002,0.7946028971028971,0.0
sonar,208,60,relieff,6,20,0.31105769230769226,0.7826990790899242,0.0
sonar,208,60,relieff,6,30,0.3642628205128205,0.7799171597633137,0.0
sonar,208,60,relieff,6,50,0.4534615384615384,0.7828853410740203,0.0
sonar,208,60,relieff,7,3,0.2067307692307692,0.8341622458001768,0.0
sonar,208,60,relieff,7,5,0.22788461538461538,0.8257211538461539,0.0
sonar,208,60,relieff,7,10,0.2644230769230769,0.807524975024975,0.0
sonar,208,60,relieff,7,20,0.33774038461538464,0.7952126218851572,0.0
sonar,208,60,relieff,7,30,0.3814102564102564,0.7943244575936883,0.0
sonar,208,60,relieff,7,50,0.46817307692307697,0.7966008708272859,0.0
sonar,208,60,relieff,8,3,0.21153846153846154,0.8564086775293672,0.0
sonar,208,60,relieff,8,5,0.24134615384615385,0.8477740384615384,0.0
sonar,208,60,relieff,8,10,0.28221153846153846,0.8278571428571428,0.0
sonar,208,60,relieff,8,20,0.3550480769230769,0.814455579631636,0.0
sonar,208,60,relieff,8,30,0.40320512820512816,0.8099536489151874,0.0
sonar,208,60,relieff,8,50,0.48144230769230767,0.8063127721335268,0.0
sonar,208,60,relieff,9,3,0.22275641025641024,0.853014083617532,0.0
sonar,208,60,relieff,9,5,0.24038461538461542,0.8363894230769231,0.0
sonar,208,60,relieff,9,10,0.26826923076923076,0.8260414585414586,0.0
sonar,208,60,relieff,9,20,0.35745192307692303,0.8129672264355363,0.0
sonar,208,60,relieff,9,30,0.4052884615384616,0.8116065088757396,0.0
sonar,208,60,relieff,9,50,0.4876923076923077,0.8089484760522496,0.0
sonar,208,60,relieff,10,3,0.22756410256410253,0.8560297461159531,0.0
sonar,208,60,relieff,10,5,0.24423076923076925,0.8451153846153846,0.0
sonar,208,60,relieff,10,10,0.27884615384615385,0.831446053946054,0.0
sonar,208,60,relieff,10,20,0.35697115384615385,0.8136524918743229,0.0
sonar,208,60,relieff,10,30,0.4022435897435897,0.811689349112426,0.0
sonar,208,60,relieff,10,50,0.49269230769230776,0.8133280116110305,0.0
sonar,208,60,relieff,11,3,0.25,0.8628663003663004,0.0
sonar,208,60,relieff,11,5,0.2605769230769231,0.8509519230769231,0.0
sonar,208,60,relieff,11,10,0.28125,0.828951048951049,0.0
sonar,208,60,relieff,11,20,0.36346153846153845,0.8182042253521127,0.0
sonar,208,60,relieff,11,30,0.4142628205128205,0.8160315581854043,0.0
sonar,208,60,relieff,11,50,0.5015384615384615,0.8172394775036285,0.0
sonar,208,60,relieff,12,3,0.25641025641025644,0.8702238853100922,0.0
sonar,208,60,relieff,12,5,0.2586538461538462,0.8507788461538461,0.0
sonar,208,60,relieff,12,10,0.27403846153846156,0.8290284715284715,0.0
sonar,208,60,relieff,12,20,0.35528846153846155,0.8156960996749729,0.0
sonar,208,60,relieff,12,30,0.40801282051282056,0.8140443786982249,0.0
sonar,208,60,relieff,12,50,0.49913461538461534,0.8157539912917271,0.0
sonar,208,60,relieff,13,3,0.282051282051282,0.878868258178603,0.0
sonar,208,60,relieff,13,5,0.27403846153846156,0.8571201923076923,0.0
sonar,208,60,relieff,13,10,0.28557692307692306,0.8360989010989011,0.0
sonar,208,60,relieff,13,20,0.36634615384615377,0.8214490790899242,0.0
sonar,208,60,relieff,13,30,0.41362179487179485,0.8149861932938856,0.0
sonar,208,60,relieff,13,50,0.5023076923076922,0.8174912917271409,0.0
sonar,208,60,relieff,14,3,0.2948717948717948,0.8946333838575218,0.0
sonar,208,60,relieff,14,5,0.2875,0.8791346153846153,0.0
sonar,208,60,relieff,14,10,0.32115384615384623,0.8573451548451548,0.0
sonar,208,60,relieff,14,20,0.4004807692307692,0.8456554712892741,0.0
sonar,208,60,relieff,14,30,0.4509615384615385,0.8398037475345168,0.0
sonar,208,60,relieff,14,50,0.535,0.8387046444121916,0.0
sonar,208,60,relieff,15,3,0.31891025641025644,0.9171245421245421,0.0
sonar,208,60,relieff,15,5,0.34134615384615385,0.9046778846153846,0.0
sonar,208,60,relieff,15,10,0.37451923076923077,0.8872227772227772,0.0
sonar,208,60,relieff,15,20,0.45408653846153846,0.8746803900325028,0.0
sonar,208,60,relieff,15,30,0.5014423076923077,0.8659349112426036,0.0
sonar,208,60,relieff,15,50,0.5732692307692309,0.8601574746008709,0.0
sonar,208,60,relieff,16,3,0.3317307692307692,0.9281372363268915,0.0
sonar,208,60,relieff,16,5,0.3586538461538462,0.9135192307692308,0.0
sonar,208,60,relieff,16,10,0.39903846153846156,0.8968106893106893,0.0
sonar,208,60,relieff,16,20,0.4723557692307692,0.881775460455038,0.0
sonar,208,60,relieff,16,30,0.516025641025641,0.8739595660749506,0.0
sonar,208,60,relieff,16,50,0.5889423076923077,0.8684252539912918,0.0
sonar,208,60,relieff,17,3,0.37179487179487186,0.9347211696349628,0.0
sonar,208,60,relieff,17,5,0.39519230769230773,0.9224855769230769,0.0
sonar,208,60,relieff,17,10,0.4326923076923077,0.906008991008991,0.0
sonar,208,60,relieff,17,20,0.5069711538461538,0.8960901950162514,0.0
sonar,208,60,relieff,17,30,0.5512820512820512,0.8901706114398422,0.0
sonar,208,60,relieff,17,50,0.6208653846153845,0.8854187227866473,0.0
sonar,208,60,relieff,18,3,0.35096153846153844,0.9383052292535051,0.0
sonar,208,60,relieff,18,5,0.3913461538461539,0.9209903846153846,0.0
sonar,208,60,relieff,18,10,0.4375,0.9093981018981019,0.0
sonar,208,60,relieff,18,20,0.5088942307692308,0.8978304442036836,0.0
sonar,208,60,relieff,18,30,0.5586538461538461,0.8936923076923077,0.0
sonar,208,60,relieff,18,50,0.6259615384615385,0.8874194484760523,0.0
sonar,208,60,relieff,19,3,0.35256410256410253,0.9396630668182392,0.0
sonar,208,60,relieff,19,5,0.3961538461538462,0.923485576923077,0.0
sonar,208,60,relieff,19,10,0.4389423076923077,0.9112987012987013,0.0
sonar,208,60,relieff,19,20,0.510576923076923,0.897998374864572,0.0
sonar,208,60,relieff,19,30,0.5540064102564102,0.8926942800788955,0.0
sonar,208,60,relieff,19,50,0.6187499999999999,0.8840203193033381,0.0
sonar,208,60,relieff,20,3,0.37339743589743585,0.9507231274472654,0.0
sonar,208,60,relieff,20,5,0.40865384615384615,0.9347067307692307,0.0
sonar,208,60,relieff,20,10,0.44855769230769227,0.9181218781218781,0.0
sonar,208,60,relieff,20,20,0.5223557692307692,0.9057353737811484,0.0
sonar,208,60,relieff,20,30,0.5584935897435896,0.896189349112426,0.0
sonar,208,60,relieff,20,50,0.6250961538461538,0.889955007256894,0.0
sonar,208,60,relieff,21,3,0.38461538461538464,0.951804660856385,0.0
sonar,208,60,relieff,21,5,0.41634615384615387,0.9364951923076923,0.0
sonar,208,60,relieff,21,10,0.4552884615384615,0.919572927072927,0.0
sonar,208,60,relieff,21,20,0.5326923076923078,0.9079753521126761,0.0
sonar,208,60,relieff,21,30,0.5698717948717948,0.9005128205128206,0.0
sonar,208,60,relieff,21,50,0.6379807692307693,0.8953425253991292,0.0
sonar,208,60,relieff,22,3,0.3894230769230769,0.9524993684476443,0.0
sonar,208,60,relieff,22,5,0.42500000000000004,0.9406442307692308,0.0
sonar,208,60,relieff,22,10,0.4721153846153846,0.9233666333666334,0.0
sonar,208,60,relieff,22,20,0.5461538461538462,0.9108572589382449,0.0
sonar,208,60,relieff,22,30,0.5854166666666667,0.9063500986193294,0.0
sonar,208,60,relieff,22,50,0.6594230769230769,0.9034158200290275,0.0
sonar,208,60,relieff,23,3,0.3894230769230769,0.9553808260704812,0.0
sonar,208,60,relieff,23,5,0.4201923076923077,0.9415673076923077,0.0
sonar,208,60,relieff,23,10,0.47740384615384623,0.9280894105894106,0.0
sonar,208,60,relieff,23,20,0.5516826923076923,0.914898429035753,0.0
sonar,208,60,relieff,23,30,0.5956730769230769,0.9085384615384615,0.0
sonar,208,60,relieff,23,50,0.6650961538461537,0.9056146589259797,0.0
sonar,208,60,relieff,24,3,0.3974358974358974,0.9596674876847291,0.0
sonar,208,60,relieff,24,5,0.4528846153846154,0.9458846153846154,0.0
sonar,208,60,relieff,24,10,0.5134615384615385,0.9365109890109891,0.0
sonar,208,60,relieff,24,20,0.5882211538461538,0.924907908992416,0.0
sonar,208,60,relieff,24,30,0.6275641025641026,0.9193500986193294,0.0
sonar,208,60,relieff,24,50,0.6956730769230769,0.9154208998548621,0.0
sonar,208,60,relieff,25,3,0.4214743589743589,0.9596911708980674,0.0
sonar,208,60,relieff,25,5,0.4586538461538462,0.9494759615384616,0.0
sonar,208,60,relieff,25,10,0.5091346153846155,0.937455044955045,0.0
sonar,208,60,relieff,25,20,0.5891826923076924,0.9244149512459372,0.0
sonar,208,60,relieff,25,30,0.6283653846153847,0.9195009861932939,0.0
sonar,208,60,relieff,25,50,0.6947115384615384,0.9152532656023222,0.0
sonar,208,60,relieff,26,3,0.42467948717948717,0.9629831375521031,0.0
sonar,208,60,relieff,26,5,0.46826923076923077,0.9501826923076923,0.0
sonar,208,60,relieff,26,10,0.5197115384615385,0.9381718281718282,0.0
sonar,208,60,relieff,26,20,0.5923076923076922,0.926462621885157,0.0
sonar,208,60,relieff,26,30,0.635576923076923,0.922085798816568,0.0
sonar,208,60,relieff,26,50,0.7001923076923077,0.9168243831640058,0.0
sonar,208,60,relieff,27,3,0.4326923076923077,0.9632594417077176,0.0
sonar,208,60,relieff,27,5,0.475,0.9494903846153846,0.0
sonar,208,60,relieff,27,10,0.5235576923076923,0.9385864135864136,0.0
sonar,208,60,relieff,27,20,0.5973557692307692,0.9278290899241604,0.0
sonar,208,60,relieff,27,30,0.6371794871794871,0.9239477317554241,0.0
sonar,208,60,relieff,27,50,0.7027884615384614,0.9181792452830189,0.0
sonar,208,60,relieff,28,3,0.46153846153846156,0.9677355690286725,0.0
sonar,208,60,relieff,28,5,0.49326923076923074,0.9580144230769231,0.0
sonar,208,60,relieff,28,10,0.5466346153846153,0.9442932067932068,0.0
sonar,208,60,relieff,28,20,0.6211538461538461,0.9379618093174431,0.0
sonar,208,60,relieff,28,30,0.6594551282051283,0.9337258382642998,0.0
sonar,208,60,relieff,28,50,0.7254807692307691,0.9294593613933236,0.0
sonar,208,60,relieff,29,3,0.4727564102564103,0.9686434255399773,0.0
sonar,208,60,relieff,29,5,0.5,0.9567403846153846,0.0
sonar,208,60,relieff,29,10,0.5504807692307693,0.9438361638361639,0.0
sonar,208,60,relieff,29,20,0.6266826923076925,0.9373794691224269,0.0
sonar,208,60,relieff,29,30,0.6625000000000001,0.9337810650887574,0.0
sonar,208,60,relieff,29,50,0.7282692307692309,0.9298519593613933,0.0
sonar,208,60,relieff,30,3,0.45993589743589747,0.9676092585575344,0.0
sonar,208,60,relieff,30,5,0.5048076923076923,0.9597403846153846,0.0
sonar,208,60,relieff,30,10,0.5663461538461538,0.9488736263736264,0.0
sonar,208,60,relieff,30,20,0.6442307692307693,0.9426787648970748,0.0
sonar,208,60,relieff,30,30,0.6833333333333333,0.9388609467455621,0.0
sonar,208,60,relieff,30,50,0.7446153846153846,0.93488969521045,0.0
sonar,208,60,relieff,31,3,0.47596153846153844,0.9666935076417835,0.0
sonar,208,60,relieff,31,5,0.5240384615384616,0.9601009615384616,0.0
sonar,208,60,relieff,31,10,0.5788461538461539,0.9490884115884116,0.0
sonar,208,60,relieff,31,20,0.6524038461538461,0.9462567713976164,0.0
sonar,208,60,relieff,31,30,0.694871794871795,0.9429644970414202,0.0
sonar,208,60,relieff,31,50,0.7575961538461539,0.9389274310595065,0.0
sonar,208,60,relieff,32,3,0.47275641025641024,0.9683118605532399,0.0
sonar,208,60,relieff,32,5,0.5269230769230769,0.9615576923076923,0.0
sonar,208,60,relieff,32,10,0.5879807692307691,0.9533666333666334,0.0
sonar,208,60,relieff,32,20,0.6673076923076923,0.949012730227519,0.0
sonar,208,60,relieff,32,30,0.7072115384615384,0.9450729783037475,0.0
sonar,208,60,relieff,32,50,0.7684615384615385,0.9432256894049347,0.0
sonar,208,60,relieff,33,3,0.47115384615384615,0.9687934192244537,0.0
sonar,208,60,relieff,33,5,0.5086538461538462,0.9640384615384615,0.0
sonar,208,60,relieff,33,10,0.5879807692307693,0.9546103896103896,0.0
sonar,208,60,relieff,33,20,0.666826923076923,0.9503859696641387,0.0
sonar,208,60,relieff,33,30,0.7110576923076923,0.947516765285996,0.0
sonar,208,60,relieff,33,50,0.7715384615384616,0.9446015965166908,0.0
sonar,208,60,relieff,34,3,0.4791666666666667,0.9723301124163193,0.0
sonar,208,60,relieff,34,5,0.5355769230769231,0.9649326923076923,0.0
sonar,208,60,relieff,34,10,0.6024038461538461,0.954050949050949,0.0
sonar,208,60,relieff,34,20,0.6786057692307692,0.9514070964247021,0.0
sonar,208,60,relieff,34,30,0.7219551282051283,0.9494339250493097,0.0
sonar,208,60,relieff,34,50,0.7798076923076922,0.9466204644412192,0.0
sonar,208,60,relieff,35,3,0.4855769230769231,0.9749589490968802,0.0
sonar,208,60,relieff,35,5,0.5461538461538461,0.9670913461538462,0.0
sonar,208,60,relieff,35,10,0.6173076923076923,0.957475024975025,0.0
sonar,208,60,relieff,35,20,0.6877403846153847,0.9525677139761647,0.0
sonar,208,60,relieff,35,30,0.7291666666666667,0.9516360946745562,0.0
sonar,208,60,relieff,35,50,0.7878846153846155,0.9497467343976778,0.0
sonar,208,60,relieff,36,3,0.49358974358974356,0.9741931918656057,0.0
sonar,208,60,relieff,36,5,0.5509615384615384,0.9656009615384615,0.0
sonar,208,60,relieff,36,10,0.6201923076923077,0.9589335664335664,0.0
sonar,208,60,relieff,36,20,0.6911057692307693,0.9527992957746478,0.0
sonar,208,60,relieff,36,30,0.7323717948717949,0.9520384615384615,0.0
sonar,208,60,relieff,36,50,0.7889423076923077,0.9494593613933237,0.0
sonar,208,60,relieff,37,3,0.49358974358974356,0.974769483390173,0.0
sonar,208,60,relieff,37,5,0.5605769230769231,0.9693028846153846,0.0
sonar,208,60,relieff,37,10,0.6254807692307692,0.9643056943056943,0.0
sonar,208,60,relieff,37,20,0.7002403846153846,0.9584710184182015,0.0
sonar,208,60,relieff,37,30,0.7429487179487181,0.9556272189349112,0.0
sonar,208,60,relieff,37,50,0.7955769230769232,0.9542634252539913,0.0
sonar,208,60,relieff,38,3,0.5176282051282051,0.9761352153593533,0.0
sonar,208,60,relieff,38,5,0.5778846153846153,0.970125,0.0
sonar,208,60,relieff,38,10,0.6375000000000001,0.9652497502497502,0.0
sonar,208,60,relieff,38,20,0.71875,0.9611091549295775,0.0
sonar,208,60,relieff,38,30,0.7544871794871795,0.958276134122288,0.0
sonar,208,60,relieff,38,50,0.8067307692307693,0.9569738751814223,0.0
sonar,208,60,relieff,39,3,0.5208333333333334,0.9781877605153467,0.0
sonar,208,60,relieff,39,5,0.5980769230769231,0.9720240384615385,0.0
sonar,208,60,relieff,39,10,0.6408653846153846,0.9661988011988012,0.0
sonar,208,60,relieff,39,20,0.7199519230769231,0.9620029794149513,0.0
sonar,208,60,relieff,39,30,0.7572115384615384,0.9590246548323471,0.0
sonar,208,60,relieff,39,50,0.8090384615384616,0.9577140783744558,0.0
sonar,208,60,relieff,40,3,0.5416666666666666,0.9786298471643299,0.0
sonar,208,60,relieff,40,5,0.6,0.9759230769230769,0.0
sonar,208,60,relieff,40,10,0.6629807692307692,0.9689610389610389,0.0
sonar,208,60,relieff,40,20,0.7367788461538461,0.9659872697724811,0.0
sonar,208,60,relieff,40,30,0.7746794871794873,0.963439842209073,0.0
sonar,208,60,relieff,40,50,0.8222115384615384,0.9614905660377359,0.0
sonar,208,60,relieff,41,3,0.5512820512820513,0.9797666414045725,0.0
sonar,208,60,relieff,41,5,0.610576923076923,0.9786298076923077,0.0
sonar,208,60,relieff,41,10,0.6673076923076923,0.9691508491508491,0.0
sonar,208,60,relieff,41,20,0.7418269230769231,0.9666386782231853,0.0
sonar,208,60,relieff,41,30,0.7786858974358976,0.9645917159763313,0.0
sonar,208,60,relieff,41,50,0.8246153846153846,0.9612336719883889,0.0
sonar,208,60,relieff,42,3,0.5528846153846154,0.9812271062271062,0.0
sonar,208,60,relieff,42,5,0.6173076923076922,0.9798798076923076,0.0
sonar,208,60,relieff,42,10,0.6682692307692307,0.9691833166833167,0.0
sonar,208,60,relieff,42,20,0.7490384615384614,0.9682462080173347,0.0
sonar,208,60,relieff,42,30,0.7794871794871796,0.9660404339250493,0.0
sonar,208,60,relieff,42,50,0.8278846153846153,0.9623207547169811,0.0
sonar,208,60,relieff,43,3,0.5769230769230769,0.9790956170266515,0.0
sonar,208,60,relieff,43,5,0.6346153846153846,0.9776778846153846,0.0
sonar,208,60,relieff,43,10,0.6759615384615384,0.9708291708291709,0.0
sonar,208,60,relieff,43,20,0.7538461538461539,0.9692632719393283,0.0
sonar,208,60,relieff,43,30,0.7838141025641027,0.9655927021696252,0.0
sonar,208,60,relieff,43,50,0.8317307692307694,0.9633860667634253,0.0
sonar,208,60,relieff,44,3,0.6025641025641026,0.984100669445497,0.0
sonar,208,60,relieff,44,5,0.6480769230769231,0.9805576923076923,0.0
sonar,208,60,relieff,44,10,0.7,0.9762837162837162,0.0
sonar,208,60,relieff,44,20,0.7723557692307692,0.9721993499458288,0.0
sonar,208,60,relieff,44,30,0.7996794871794872,0.96919033530572,0.0
sonar,208,60,relieff,44,50,0.841346153846154,0.9664390420899855,0.0
sonar,208,60,relieff,45,3,0.6185897435897435,0.9843217127699886,0.0
sonar,208,60,relieff,45,5,0.6538461538461539,0.9812692307692308,0.0
sonar,208,60,relieff,45,10,0.7216346153846155,0.9783816183816184,0.0
sonar,208,60,relieff,45,20,0.7810096153846153,0.9737147887323944,0.0
sonar,208,60,relieff,45,30,0.8110576923076925,0.9720177514792899,0.0
sonar,208,60,relieff,45,50,0.8507692307692308,0.9694912917271408,0.0
sonar,208,60,relieff,46,3,0.6169871794871795,0.9866505620815965,0.0
sonar,208,60,relieff,46,5,0.6663461538461538,0.9827451923076923,0.0
sonar,208,60,relieff,46,10,0.7235576923076923,0.9787162837162837,0.0
sonar,208,60,relieff,46,20,0.788701923076923,0.9737621885157096,0.0
sonar,208,60,relieff,46,30,0.8197115384615385,0.972715976331361,0.0
sonar,208,60,relieff,46,50,0.8593269230769232,0.9705718432510886,0.0
sonar,208,60,relieff,47,3,0.6362179487179487,0.9896899077933561,0.0
sonar,208,60,relieff,47,5,0.6769230769230768,0.9886201923076923,0.0
sonar,208,60,relieff,47,10,0.7384615384615384,0.9823501498501499,0.0
sonar,208,60,relieff,47,20,0.7995192307692308,0.9807773564463705,0.0
sonar,208,60,relieff,47,30,0.8299679487179488,0.9794161735700198,0.0
sonar,208,60,relieff,47,50,0.8707692307692307,0.9782416545718432,0.0
sonar,208,60,relieff,48,3,0.6394230769230769,0.9893583428066187,0.0
sonar,208,60,relieff,48,5,0.6846153846153845,0.9889471153846154,0.0
sonar,208,60,relieff,48,10,0.7423076923076924,0.983041958041958,0.0
sonar,208,60,relieff,48,20,0.8040865384615384,0.9809574756229685,0.0
sonar,208,60,relieff,48,30,0.8354166666666669,0.9799418145956608,0.0
sonar,208,60,relieff,48,50,0.8729807692307693,0.9784368650217706,0.0
sonar,208,60,relieff,49,3,0.6586538461538461,0.9907793356069218,0.0
sonar,208,60,relieff,49,5,0.6951923076923078,0.9904903846153846,0.0
sonar,208,60,relieff,49,10,0.7533653846153846,0.9849875124875125,0.0
sonar,208,60,relieff,49,20,0.8177884615384616,0.9834303900325028,0.0
sonar,208,60,relieff,49,30,0.8458333333333334,0.9824447731755424,0.0
sonar,208,60,relieff,49,50,0.8821153846153845,0.9819412191582003,0.0
sonar,208,60,relieff,50,3,0.6602564102564101,0.9902661993179235,0.0
sonar,208,60,relieff,50,5,0.7057692307692308,0.9903125,0.0
sonar,208,60,relieff,50,10,0.7586538461538462,0.9875024975024975,0.0
sonar,208,60,relieff,50,20,0.8283653846153847,0.984967497291441,0.0
sonar,208,60,relieff,50,30,0.8520833333333334,0.9839191321499013,0.0
sonar,208,60,relieff,50,50,0.888076923076923,0.983733671988389,0.0
sonar,208,60,relieff,51,3,0.6762820512820512,0.9898399014778325,0.0
sonar,208,60,relieff,51,5,0.723076923076923,0.991235576923077,0.0
sonar,208,60,relieff,51,10,0.7701923076923077,0.9871828171828172,0.0
sonar,208,60,relieff,51,20,0.8326923076923076,0.9854265980498375,0.0
sonar,208,60,relieff,51,30,0.858974358974359,0.9848461538461538,0.0
sonar,208,60,relieff,51,50,0.8924038461538462,0.9846988388969521,0.0
sonar,208,60,relieff,52,3,0.6907051282051282,0.9911740558292282,0.0
sonar,208,60,relieff,52,5,0.7288461538461538,0.9899903846153846,0.0
sonar,208,60,relieff,52,10,0.78125,0.9881643356643357,0.0
sonar,208,60,relieff,52,20,0.8403846153846154,0.9861646803900325,0.0
sonar,208,60,relieff,52,30,0.8641025641025641,0.9850818540433925,0.0
sonar,208,60,relieff,52,50,0.8965384615384616,0.9853570391872278,0.0
sonar,208,60,relieff,53,3,0.7179487179487178,0.9954212454212454,0.0
sonar,208,60,relieff,53,5,0.7471153846153846,0.995048076923077,0.0
sonar,208,60,relieff,53,10,0.8033653846153848,0.9934065934065934,0.0
sonar,208,60,relieff,53,20,0.8555288461538463,0.9915709642470206,0.0
sonar,208,60,relieff,53,30,0.8815705128205129,0.990638067061144,0.0
sonar,208,60,relieff,53,50,0.91,0.9901037735849056,0.0
sonar,208,60,relieff,54,3,0.7179487179487178,0.9967790829859795,0.0
sonar,208,60,relieff,54,5,0.7634615384615385,0.9951346153846153,0.0
sonar,208,60,relieff,54,10,0.8240384615384617,0.9948076923076923,0.0
sonar,208,60,relieff,54,20,0.8634615384615384,0.9920503791982666,0.0
sonar,208,60,relieff,54,30,0.8897435897435899,0.991292899408284,0.0
sonar,208,60,relieff,54,50,0.9149038461538462,0.9909013062409289,0.0
sonar,208,60,relieff,55,3,0.7692307692307693,0.9983579638752053,0.0
sonar,208,60,relieff,55,5,0.8009615384615384,0.9975288461538462,0.0
sonar,208,60,relieff,55,10,0.8475961538461539,0.9958866133866134,0.0
sonar,208,60,relieff,55,20,0.8819711538461538,0.9952573131094258,0.0
sonar,208,60,relieff,55,30,0.905448717948718,0.9942307692307693,0.0
sonar,208,60,relieff,55,50,0.9249999999999999,0.9933947750362845,0.0
sonar,208,60,relieff,56,3,0.7980769230769231,0.9983816470885436,0.0
sonar,208,60,relieff,56,5,0.825,0.9981057692307692,0.0
sonar,208,60,relieff,56,10,0.8687500000000001,0.9975,0.0
sonar,208,60,relieff,56,20,0.9014423076923076,0.9971600758396533,0.0
sonar,208,60,relieff,56,30,0.9203525641025643,0.9964930966469429,0.0
sonar,208,60,relieff,56,50,0.9364423076923075,0.9952031930333817,0.0
sonar,208,60,relieff,57,3,0.8205128205128205,0.9989421498042188,0.0
sonar,208,60,relieff,57,5,0.8548076923076924,0.998576923076923,0.0
sonar,208,60,relieff,57,10,0.8783653846153847,0.9980519480519481,0.0
sonar,208,60,relieff,57,20,0.9153846153846152,0.9979387865655471,0.0
sonar,208,60,relieff,57,30,0.9306089743589745,0.9975138067061144,0.0
sonar,208,60,relieff,57,50,0.9455769230769231,0.9966349782293179,0.0
sonar,208,60,relieff,58,3,0.8573717948717948,0.9991710875331565,0.0
sonar,208,60,relieff,58,5,0.8836538461538461,0.9990336538461538,0.0
sonar,208,60,relieff,58,10,0.9024038461538464,0.9987112887112887,0.0
sonar,208,60,relieff,58,20,0.9300480769230769,0.9985766522210184,0.0
sonar,208,60,relieff,58,30,0.944551282051282,0.9983925049309664,0.0
sonar,208,60,relieff,58,50,0.9574038461538461,0.9981211901306241,0.0
sonar,208,60,relieff,59,3,0.8974358974358974,0.9994631804976633,0.0
sonar,208,60,relieff,59,5,0.9240384615384615,0.9995144230769231,0.0
sonar,208,60,relieff,59,10,0.9375000000000001,0.9993456543456544,0.0
sonar,208,60,relieff,59,20,0.9536057692307692,0.9992036836403033,0.0
sonar,208,60,relieff,59,30,0.9629807692307693,0.9991538461538462,0.0
sonar,208,60,relieff,59,50,0.9714423076923077,0.9990014513788099,0.0
sonar,208,60,relieff,60,3,1.0,1.0,0.0
sonar,208,60,relieff,60,5,1.0,1.0,0.0
sonar,208,60,relieff,60,10,1.0,1.0,0.0
sonar,208,60,relieff,60,20,1.0,1.0,0.0
sonar,208,60,relieff,60,30,1.0,1.0,0.0
sonar,208,60,relieff,60,50,1.0,1.0,0.0
sonar,208,60,mutual_info,1,3,0.04006410256410256,0.5727627257799672,0.0
sonar,208,60,mutual_info,1,5,0.06538461538461539,0.5886682692307692,0.0
sonar,208,60,mutual_info,1,10,0.10048076923076922,0.5901573426573427,0.0
sonar,208,60,mutual_info,1,20,0.16153846153846155,0.594114301191766,0.0
sonar,208,60,mutual_info,1,30,0.21298076923076925,0.6046735700197239,0.0
sonar,208,60,mutual_info,1,50,0.31528846153846146,0.6220268505079827,0.0
sonar,208,60,mutual_info,2,3,0.0657051282051282,0.6282051282051282,0.0
sonar,208,60,mutual_info,2,5,0.08365384615384616,0.6339615384615385,0.0
sonar,208,60,mutual_info,2,10,0.1278846153846154,0.6416258741258741,0.0
sonar,208,60,mutual_info,2,20,0.18125000000000002,0.6430539003250271,0.0
sonar,208,60,mutual_info,2,30,0.24134615384615385,0.6494142011834318,0.0
sonar,208,60,mutual_info,2,50,0.34124999999999994,0.6662946298984035,0.0
sonar,208,60,mutual_info,3,3,0.08173076923076923,0.7128015662498421,0.0
sonar,208,60,mutual_info,3,5,0.10480769230769231,0.7057788461538461,0.0
sonar,208,60,mutual_info,3,10,0.15673076923076928,0.6972827172827173,0.0
sonar,208,60,mutual_info,3,20,0.23125000000000004,0.7007313109425786,0.0
sonar,208,60,mutual_info,3,30,0.28958333333333336,0.7063540433925048,0.0
sonar,208,60,mutual_info,3,50,0.39269230769230773,0.7208410740203193,0.0
sonar,208,60,mutual_info,4,3,0.08653846153846154,0.7186986863711002,0.0
sonar,208,60,mutual_info,4,5,0.11538461538461539,0.7114230769230769,0.0
sonar,208,60,mutual_info,4,10,0.1692307692307692,0.7095104895104896,0.0
sonar,208,60,mutual_info,4,20,0.2377403846153846,0.7129320151679307,0.0
sonar,208,60,mutual_info,4,30,0.2969551282051282,0.7209250493096646,0.0
sonar,208,60,mutual_info,4,50,0.39855769230769234,0.7307249637155298,0.0
sonar,208,60,mutual_info,5,3,0.10576923076923077,0.74496336996337,0.0
sonar,208,60,mutual_info,5,5,0.13173076923076923,0.7366009615384616,0.0
sonar,208,60,mutual_info,5,10,0.17884615384615385,0.7219105894105894,0.0
sonar,208,60,mutual_info,5,20,0.24158653846153846,0.724363488624052,0.0
sonar,208,60,mutual_info,5,30,0.29903846153846153,0.7281725838264299,0.0
sonar,208,60,mutual_info,5,50,0.40836538461538463,0.7395682148040639,0.0
sonar,208,60,mutual_info,6,3,0.11217948717948717,0.7513894151825187,0.0
sonar,208,60,mutual_info,6,5,0.1355769230769231,0.7484086538461538,0.0
sonar,208,60,mutual_info,6,10,0.1870192307692308,0.7371528471528472,0.0
sonar,208,60,mutual_info,6,20,0.24951923076923077,0.7333653846153847,0.0
sonar,208,60,mutual_info,6,30,0.3072115384615385,0.7380848126232742,0.0
sonar,208,60,mutual_info,6,50,0.41423076923076924,0.7502082728592163,0.0
sonar,208,60,mutual_info,7,3,0.15865384615384615,0.7992295061260579,0.0
sonar,208,60,mutual_info,7,5,0.18653846153846157,0.7979471153846154,0.0
sonar,208,60,mutual_info,7,10,0.23701923076923076,0.7758616383616384,0.0
sonar,208,60,mutual_info,7,20,0.30408653846153844,0.7710942578548212,0.0
sonar,208,60,mutual_info,7,30,0.3607371794871795,0.7737159763313609,0.0
sonar,208,60,mutual_info,7,50,0.45480769230769236,0.7783846153846155,0.0
sonar,208,60,mutual_info,8,3,0.1987179487179487,0.8224548440065682,0.0
sonar,208,60,mutual_info,8,5,0.20961538461538462,0.812451923076923,0.0
sonar,208,60,mutual_info,8,10,0.24326923076923082,0.7955869130869131,0.0
sonar,208,60,mutual_info,8,20,0.3112980769230769,0.7851218851570965,0.0
sonar,208,60,mutual_info,8,30,0.36891025641025643,0.7871134122287968,0.0
sonar,208,60,mutual_info,8,50,0.46826923076923077,0.7950253991291727,0.0
sonar,208,60,mutual_info,9,3,0.19230769230769232,0.8343753947202224,0.0
sonar,208,60,mutual_info,9,5,0.19903846153846153,0.8228461538461538,0.0
sonar,208,60,mutual_info,9,10,0.25,0.8075649350649351,0.0
sonar,208,60,mutual_info,9,20,0.31947115384615377,0.79761511375948,0.0
sonar,208,60,mutual_info,9,30,0.37900641025641024,0.799974358974359,0.0
sonar,208,60,mutual_info,9,50,0.4749038461538462,0.8052532656023222,0.0
sonar,208,60,mutual_info,10,3,0.2131410256410256,0.8526983074396868,0.0
sonar,208,60,mutual_info,10,5,0.21634615384615385,0.834889423076923,0.0
sonar,208,60,mutual_info,10,10,0.26249999999999996,0.8157542457542457,0.0
sonar,208,60,mutual_info,10,20,0.3442307692307693,0.8106283856988082,0.0
sonar,208,60,mutual_info,10,30,0.4,0.8100621301775148,0.0
sonar,208,60,mutual_info,10,50,0.4881730769230769,0.8134571843251088,0.0
sonar,208,60,mutual_info,11,3,0.2532051282051282,0.9060960591133005,0.0
sonar,208,60,mutual_info,11,5,0.29615384615384616,0.8880721153846154,0.0
sonar,208,60,mutual_info,11,10,0.3389423076923077,0.8635964035964037,0.0
sonar,208,60,mutual_info,11,20,0.41730769230769227,0.8520774647887324,0.0
sonar,208,60,mutual_info,11,30,0.4738782051282051,0.851276134122288,0.0
sonar,208,60,mutual_info,11,50,0.5515384615384615,0.8504673439767779,0.0
sonar,208,60,mutual_info,12,3,0.2724358974358974,0.9033409119616016,0.0
sonar,208,60,mutual_info,12,5,0.30096153846153845,0.8880576923076923,0.0
sonar,208,60,mutual_info,12,10,0.34086538461538457,0.8635914085914086,0.0
sonar,208,60,mutual_info,12,20,0.4252403846153846,0.85965872156013,0.0
sonar,208,60,mutual_info,12,30,0.4753205128205128,0.8545788954635108,0.0
sonar,208,60,mutual_info,12,50,0.5586538461538462,0.8558984034833091,0.0
sonar,208,60,mutual_info,13,3,0.28044871794871795,0.8996226474674751,0.0
sonar,208,60,mutual_info,13,5,0.32403846153846155,0.8925817307692308,0.0
sonar,208,60,mutual_info,13,10,0.3581730769230769,0.8720254745254745,0.0
sonar,208,60,mutual_info,13,20,0.43197115384615387,0.8613759479956663,0.0
sonar,208,60,mutual_info,13,30,0.4915064102564102,0.8597613412228797,0.0
sonar,208,60,mutual_info,13,50,0.5815384615384616,0.8649303338171263,0.0
sonar,208,60,mutual_info,14,3,0.30288461538461536,0.923013767841354,0.0
sonar,208,60,mutual_info,14,5,0.35480769230769227,0.9185576923076924,0.0
sonar,208,60,mutual_info,14,10,0.3923076923076923,0.8947427572427572,0.0
sonar,208,60,mutual_info,14,20,0.4737980769230769,0.8855484832069339,0.0
sonar,208,60,mutual_info,14,30,0.5278846153846153,0.8819585798816568,0.0
sonar,208,60,mutual_info,14,50,0.6090384615384614,0.880955007256894,0.0
sonar,208,60,mutual_info,15,3,0.3125,0.9262346848553745,0.0
sonar,208,60,mutual_info,15,5,0.3557692307692308,0.919,0.0
sonar,208,60,mutual_info,15,10,0.39615384615384613,0.8961963036963037,0.0
sonar,208,60,mutual_info,15,20,0.4831730769230769,0.8847386240520043,0.0
sonar,208,60,mutual_info,15,30,0.53125,0.8816735700197239,0.0
sonar,208,60,mutual_info,15,50,0.6117307692307693,0.8799484760522497,0.0
sonar,208,60,mutual_info,16,3,0.34294871794871795,0.9429392446633826,0.0
sonar,208,60,mutual_info,16,5,0.40384615384615385,0.9385240384615384,0.0
sonar,208,60,mutual_info,16,10,0.4375,0.9160614385614385,0.0
sonar,208,60,mutual_info,16,20,0.5293269230769231,0.9065574214517876,0.0
sonar,208,60,mutual_info,16,30,0.5786858974358975,0.9032712031558185,0.0
sonar,208,60,mutual_info,16,50,0.6516346153846153,0.9016792452830189,0.0
sonar,208,60,mutual_info,17,3,0.35416666666666663,0.9445654919792851,0.0
sonar,208,60,mutual_info,17,5,0.42211538461538467,0.939625,0.0
sonar,208,60,mutual_info,17,10,0.4519230769230769,0.9218281718281718,0.0
sonar,208,60,mutual_info,17,20,0.5420673076923077,0.9117930660888407,0.0
sonar,208,60,mutual_info,17,30,0.5967948717948718,0.9107051282051282,0.0
sonar,208,60,mutual_info,17,50,0.6722115384615385,0.9085631349782293,0.0
sonar,208,60,mutual_info,18,3,0.3573717948717948,0.9519230769230769,0.0
sonar,208,60,mutual_info,18,5,0.42884615384615377,0.9458076923076923,0.0
sonar,208,60,mutual_info,18,10,0.4653846153846154,0.9270204795204795,0.0
sonar,208,60,mutual_info,18,20,0.5471153846153846,0.9156608884073673,0.0
sonar,208,60,mutual_info,18,30,0.6022435897435897,0.9133658777120316,0.0
sonar,208,60,mutual_info,18,50,0.6790384615384616,0.9108592162554426,0.0
sonar,208,60,mutual_info,19,3,0.40224358974358976,0.9585859542756094,0.0
sonar,208,60,mutual_info,19,5,0.4586538461538462,0.9523413461538461,0.0
sonar,208,60,mutual_info,19,10,0.5072115384615384,0.9352522477522478,0.0
sonar,208,60,mutual_info,19,20,0.5858173076923077,0.9250771939328277,0.0
sonar,208,60,mutual_info,19,30,0.6349358974358974,0.9246932938856016,0.0
sonar,208,60,mutual_info,19,50,0.7042307692307693,0.9212634252539913,0.0
sonar,208,60,mutual_info,20,3,0.3878205128205128,0.9632752305166098,0.0
sonar,208,60,mutual_info,20,5,0.4567307692307692,0.9575480769230769,0.0
sonar,208,60,mutual_info,20,10,0.5153846153846153,0.9439310689310689,0.0
sonar,208,60,mutual_info,20,20,0.5978365384615385,0.9376841820151679,0.0
sonar,208,60,mutual_info,20,30,0.6496794871794871,0.933974358974359,0.0
sonar,208,60,mutual_info,20,50,0.716153846153846,0.9314085631349782,0.0
sonar,208,60,mutual_info,21,3,0.4150641025641026,0.9695039156246053,0.0
sonar,208,60,mutual_info,21,5,0.47788461538461535,0.961,0.0
sonar,208,60,mutual_info,21,10,0.5264423076923077,0.9487687312687313,0.0
sonar,208,60,mutual_info,21,20,0.6175480769230769,0.9419108884073673,0.0
sonar,208,60,mutual_info,21,30,0.659775641025641,0.938285009861933,0.0
sonar,208,60,mutual_info,21,50,0.7288461538461539,0.9345130624092888,0.0
sonar,208,60,mutual_info,22,3,0.4294871794871795,0.9756536566881394,0.0
sonar,208,60,mutual_info,22,5,0.5057692307692307,0.9689134615384616,0.0
sonar,208,60,mutual_info,22,10,0.5629807692307692,0.9597327672327672,0.0
sonar,208,60,mutual_info,22,20,0.645673076923077,0.9531283856988082,0.0
sonar,208,60,mutual_info,22,30,0.6959935897435898,0.9483944773175542,0.0
sonar,208,60,mutual_info,22,50,0.7539423076923076,0.9441182873730044,0.0
sonar,208,60,mutual_info,23,3,0.4310897435897436,0.9761431097637994,0.0
sonar,208,60,mutual_info,23,5,0.5125,0.971375,0.0
sonar,208,60,mutual_info,23,10,0.551923076923077,0.960531968031968,0.0
sonar,208,60,mutual_info,23,20,0.6418269230769231,0.9523699891657638,0.0
sonar,208,60,mutual_info,23,30,0.6919871794871795,0.9467218934911242,0.0
sonar,208,60,mutual_info,23,50,0.7470192307692307,0.9411901306240928,0.0
sonar,208,60,mutual_info,24,3,0.4535256410256411,0.9778009346974864,0.0
sonar,208,60,mutual_info,24,5,0.5307692307692308,0.9737163461538462,0.0
sonar,208,60,mutual_info,24,10,0.5721153846153846,0.9651998001998002,0.0
sonar,208,60,mutual_info,24,20,0.6615384615384616,0.9584967497291441,0.0
sonar,208,60,mutual_info,24,30,0.7067307692307693,0.952620315581854,0.0
sonar,208,60,mutual_info,24,50,0.7602884615384615,0.9463853410740203,0.0
sonar,208,60,mutual_info,25,3,0.46153846153846156,0.9762141594038146,0.0
sonar,208,60,mutual_info,25,5,0.5336538461538461,0.9741923076923077,0.0
sonar,208,60,mutual_info,25,10,0.5740384615384615,0.9643831168831168,0.0
sonar,208,60,mutual_info,25,20,0.6627403846153848,0.9582001625135428,0.0
sonar,208,60,mutual_info,25,30,0.7088141025641026,0.9542573964497041,0.0
sonar,208,60,mutual_info,25,50,0.7617307692307692,0.9477460087082729,0.0
sonar,208,60,mutual_info,26,3,0.4599358974358974,0.9790324617910825,0.0
sonar,208,60,mutual_info,26,5,0.5394230769230769,0.9750384615384615,0.0
sonar,208,60,mutual_info,26,10,0.5793269230769231,0.9648376623376623,0.0
sonar,208,60,mutual_info,26,20,0.6637019230769231,0.9585333152762731,0.0
sonar,208,60,mutual_info,26,30,0.7065705128205129,0.9530069033530572,0.0
sonar,208,60,mutual_info,26,50,0.7578846153846153,0.947322206095791,0.0
sonar,208,60,mutual_info,27,3,0.45512820512820507,0.9785351143109764,0.0
sonar,208,60,mutual_info,27,5,0.5259615384615384,0.9712596153846154,0.0
sonar,208,60,mutual_info,27,10,0.5783653846153846,0.9656193806193806,0.0
sonar,208,60,mutual_info,27,20,0.6641826923076922,0.9592077464788732,0.0
sonar,208,60,mutual_info,27,30,0.7091346153846154,0.9534694280078896,0.0
sonar,208,60,mutual_info,27,50,0.7557692307692309,0.9461908563134979,0.0
sonar,208,60,mutual_info,28,3,0.47916666666666663,0.981156056587091,0.0
sonar,208,60,mutual_info,28,5,0.5451923076923076,0.976985576923077,0.0
sonar,208,60,mutual_info,28,10,0.5951923076923077,0.9687062937062937,0.0
sonar,208,60,mutual_info,28,20,0.6778846153846154,0.9636240520043337,0.0
sonar,208,60,mutual_info,28,30,0.7182692307692307,0.9592781065088758,0.0
sonar,208,60,mutual_info,28,50,0.7652884615384615,0.9518686502177068,0.0
sonar,208,60,mutual_info,29,3,0.49198717948717946,0.9847322218011874,0.0
sonar,208,60,mutual_info,29,5,0.5605769230769231,0.9803557692307693,0.0
sonar,208,60,mutual_info,29,10,0.6038461538461538,0.9729295704295704,0.0
sonar,208,60,mutual_info,29,20,0.6870192307692308,0.9679022210184182,0.0
sonar,208,60,mutual_info,29,30,0.7291666666666667,0.9627248520710059,0.0
sonar,208,60,mutual_info,29,50,0.7736538461538462,0.9582198838896953,0.0
sonar,208,60,mutual_info,30,3,0.530448717948718,0.9855374510546925,0.0
sonar,208,60,mutual_info,30,5,0.5576923076923077,0.9800048076923077,0.0
sonar,208,60,mutual_info,30,10,0.5995192307692307,0.9716908091908092,0.0
sonar,208,60,mutual_info,30,20,0.6899038461538461,0.9678575297941495,0.0
sonar,208,60,mutual_info,30,30,0.7349358974358975,0.9648885601577909,0.0
sonar,208,60,mutual_info,30,50,0.78,0.9600718432510885,0.0
sonar,208,60,mutual_info,31,3,0.5224358974358975,0.9834928003031451,0.0
sonar,208,60,mutual_info,31,5,0.5644230769230769,0.9793173076923077,0.0
sonar,208,60,mutual_info,31,10,0.6096153846153847,0.9723976023976024,0.0
sonar,208,60,mutual_info,31,20,0.6908653846153846,0.9681933911159263,0.0
sonar,208,60,mutual_info,31,30,0.7363782051282052,0.9658372781065089,0.0
sonar,208,60,mutual_info,31,50,0.7829807692307693,0.9606596516690856,0.0
sonar,208,60,mutual_info,32,3,0.5128205128205129,0.9854979790324618,0.0
sonar,208,60,mutual_info,32,5,0.5692307692307692,0.9808798076923076,0.0
sonar,208,60,mutual_info,32,10,0.614423076923077,0.9725974025974026,0.0
sonar,208,60,mutual_info,32,20,0.6990384615384616,0.9695828819068256,0.0
sonar,208,60,mutual_info,32,30,0.7432692307692309,0.9668500986193294,0.0
sonar,208,60,mutual_info,32,50,0.7914423076923077,0.9628084179970973,0.0
sonar,208,60,mutual_info,33,3,0.5192307692307693,0.9859242768725527,0.0
sonar,208,60,mutual_info,33,5,0.5682692307692307,0.9805336538461539,0.0
sonar,208,60,mutual_info,33,10,0.6120192307692307,0.9715584415584415,0.0
sonar,208,60,mutual_info,33,20,0.6987980769230769,0.970157096424702,0.0
sonar,208,60,mutual_info,33,30,0.7443910256410257,0.9668491124260356,0.0
sonar,208,60,mutual_info,33,50,0.7915384615384615,0.9626727140783744,0.0
sonar,208,60,mutual_info,34,3,0.5448717948717949,0.9880715548818997,0.0
sonar,208,60,mutual_info,34,5,0.5817307692307693,0.9831923076923077,0.0
sonar,208,60,mutual_info,34,10,0.6274038461538461,0.9737662337662337,0.0
sonar,208,60,mutual_info,34,20,0.7132211538461537,0.9709385157096425,0.0
sonar,208,60,mutual_info,34,30,0.7525641025641027,0.9691301775147929,0.0
sonar,208,60,mutual_info,34,50,0.8028846153846154,0.9658185776487663,0.0
sonar,208,60,mutual_info,35,3,0.5657051282051282,0.9905582922824302,0.0
sonar,208,60,mutual_info,35,5,0.5971153846153846,0.9876490384615385,0.0
sonar,208,60,mutual_info,35,10,0.6552884615384615,0.9816208791208791,0.0
sonar,208,60,mutual_info,35,20,0.7247596153846154,0.9779685807150595,0.0
sonar,208,60,mutual_info,35,30,0.766346153846154,0.9748175542406312,0.0
sonar,208,60,mutual_info,35,50,0.8147115384615385,0.9723243831640058,0.0
sonar,208,60,mutual_info,36,3,0.5657051282051282,0.9903530377668309,0.0
sonar,208,60,mutual_info,36,5,0.6086538461538461,0.9872259615384615,0.0
sonar,208,60,mutual_info,36,10,0.6519230769230769,0.9823201798201798,0.0
sonar,208,60,mutual_info,36,20,0.7288461538461537,0.9783315276273022,0.0
sonar,208,60,mutual_info,36,30,0.7676282051282052,0.97484516765286,0.0
sonar,208,60,mutual_info,36,50,0.8128846153846154,0.9714796806966618,0.0
sonar,208,60,mutual_info,37,3,0.594551282051282,0.9918450802071491,0.0
sonar,208,60,mutual_info,37,5,0.6336538461538462,0.9892163461538461,0.0
sonar,208,60,mutual_info,37,10,0.6721153846153847,0.9837187812187812,0.0
sonar,208,60,mutual_info,37,20,0.7389423076923076,0.9800744853737812,0.0
sonar,208,60,mutual_info,37,30,0.7745192307692309,0.9763994082840237,0.0
sonar,208,60,mutual_info,37,50,0.8193269230769231,0.9733490566037736,0.0
sonar,208,60,mutual_info,38,3,0.5865384615384616,0.991655614500442,0.0
sonar,208,60,mutual_info,38,5,0.6230769230769231,0.9887740384615384,0.0
sonar,208,60,mutual_info,38,10,0.6721153846153847,0.9845904095904096,0.0
sonar,208,60,mutual_info,38,20,0.7427884615384616,0.9802207475622968,0.0
sonar,208,60,mutual_info,38,30,0.7764423076923077,0.977560157790927,0.0
sonar,208,60,mutual_info,38,50,0.8252884615384617,0.9749426705370101,0.0
sonar,208,60,mutual_info,39,3,0.5785256410256411,0.9923187444739169,0.0
sonar,208,60,mutual_info,39,5,0.614423076923077,0.9899951923076923,0.0
sonar,208,60,mutual_info,39,10,0.6754807692307693,0.985,0.0
sonar,208,60,mutual_info,39,20,0.7454326923076924,0.9818011917659805,0.0
sonar,208,60,mutual_info,39,30,0.7831730769230769,0.9794921104536489,0.0
sonar,208,60,mutual_info,39,50,0.8275961538461539,0.9766357039187228,0.0
sonar,208,60,mutual_info,40,3,0.5993589743589743,0.9920661235316408,0.0
sonar,208,60,mutual_info,40,5,0.6230769230769231,0.9904951923076923,0.0
sonar,208,60,mutual_info,40,10,0.6798076923076923,0.9857067932067932,0.0
sonar,208,60,mutual_info,40,20,0.75,0.9825717768147345,0.0
sonar,208,60,mutual_info,40,30,0.7870192307692307,0.9804615384615385,0.0
sonar,208,60,mutual_info,40,50,0.8325961538461539,0.977534107402032,0.0
sonar,208,60,mutual_info,41,3,0.6041666666666667,0.9929739800429456,0.0
sonar,208,60,mutual_info,41,5,0.635576923076923,0.9916682692307692,0.0
sonar,208,60,mutual_info,41,10,0.6927884615384616,0.9883116883116884,0.0
sonar,208,60,mutual_info,41,20,0.761298076923077,0.984668201516793,0.0
sonar,208,60,mutual_info,41,30,0.8004807692307693,0.982534516765286,0.0
sonar,208,60,mutual_info,41,50,0.8410576923076923,0.9798613933236575,0.0
sonar,208,60,mutual_info,42,3,0.6201923076923077,0.9943397120121258,0.0
sonar,208,60,mutual_info,42,5,0.6557692307692307,0.9924278846153847,0.0
sonar,208,60,mutual_info,42,10,0.7,0.9890209790209791,0.0
sonar,208,60,mutual_info,42,20,0.7713942307692307,0.9859330985915493,0.0
sonar,208,60,mutual_info,42,30,0.8040064102564103,0.9830384615384615,0.0
sonar,208,60,mutual_info,42,50,0.8464423076923077,0.9804100145137881,0.0
sonar,208,60,mutual_info,43,3,0.6169871794871794,0.9942765567765568,0.0
sonar,208,60,mutual_info,43,5,0.6567307692307692,0.9920240384615384,0.0
sonar,208,60,mutual_info,43,10,0.7057692307692308,0.988538961038961,0.0
sonar,208,60,mutual_info,43,20,0.7745192307692308,0.9859425785482123,0.0
sonar,208,60,mutual_info,43,30,0.8057692307692309,0.9836183431952663,0.0
sonar,208,60,mutual_info,43,50,0.8475961538461539,0.9809194484760523,0.0
sonar,208,60,mutual_info,44,3,0.6201923076923077,0.9938107869142352,0.0
sonar,208,60,mutual_info,44,5,0.6711538461538462,0.9932740384615385,0.0
sonar,208,60,mutual_info,44,10,0.7134615384615384,0.9893306693306694,0.0
sonar,208,60,mutual_info,44,20,0.7800480769230769,0.9867050379198267,0.0
sonar,208,60,mutual_info,44,30,0.8141025641025641,0.9849230769230769,0.0
sonar,208,60,mutual_info,44,50,0.8522115384615384,0.981933236574746,0.0
sonar,208,60,mutual_info,45,3,0.6233974358974359,0.9944976001010484,0.0
sonar,208,60,mutual_info,45,5,0.6663461538461538,0.9932836538461538,0.0
sonar,208,60,mutual_info,45,10,0.71875,0.9896678321678322,0.0
sonar,208,60,mutual_info,45,20,0.7879807692307691,0.9871262188515709,0.0
sonar,208,60,mutual_info,45,30,0.8176282051282052,0.985723865877712,0.0
sonar,208,60,mutual_info,45,50,0.8541346153846153,0.9819934687953555,0.0
sonar,208,60,mutual_info,46,3,0.6442307692307693,0.9947344322344323,0.0
sonar,208,60,mutual_info,46,5,0.6942307692307691,0.9934326923076923,0.0
sonar,208,60,mutual_info,46,10,0.7326923076923078,0.989915084915085,0.0
sonar,208,60,mutual_info,46,20,0.7939903846153845,0.9879157638136511,0.0
sonar,208,60,mutual_info,46,30,0.8248397435897437,0.9859901380670612,0.0
sonar,208,60,mutual_info,46,50,0.860096153846154,0.9836313497822932,0.0
sonar,208,60,mutual_info,47,3,0.641025641025641,0.9950581028167235,0.0
sonar,208,60,mutual_info,47,5,0.6951923076923077,0.9938942307692308,0.0
sonar,208,60,mutual_info,47,10,0.739423076923077,0.9902922077922078,0.0
sonar,208,60,mutual_info,47,20,0.7990384615384615,0.9882394366197184,0.0
sonar,208,60,mutual_info,47,30,0.828846153846154,0.9867909270216962,0.0
sonar,208,60,mutual_info,47,50,0.8592307692307694,0.9836763425253991,0.0
sonar,208,60,mutual_info,48,3,0.6666666666666666,0.9955159782745989,0.0
sonar,208,60,mutual_info,48,5,0.7038461538461538,0.9946778846153846,0.0
sonar,208,60,mutual_info,48,10,0.75,0.9910489510489511,0.0
sonar,208,60,mutual_info,48,20,0.8045673076923077,0.9889721018418202,0.0
sonar,208,60,mutual_info,48,30,0.831570512820513,0.987292899408284,0.0
sonar,208,60,mutual_info,48,50,0.8622115384615385,0.9843432510885342,0.0
sonar,208,60,mutual_info,49,3,0.6987179487179487,0.996376468359227,0.0
sonar,208,60,mutual_info,49,5,0.7326923076923075,0.9957596153846154,0.0
sonar,208,60,mutual_info,49,10,0.7778846153846154,0.994050949050949,0.0
sonar,208,60,mutual_info,49,20,0.8295673076923078,0.9921221560130011,0.0
sonar,208,60,mutual_info,49,30,0.8552884615384617,0.9910769230769231,0.0
sonar,208,60,mutual_info,49,50,0.8808653846153847,0.9887227866473149,0.0
sonar,208,60,mutual_info,50,3,0.7099358974358974,0.9971501199949476,0.0
sonar,208,60,mutual_info,50,5,0.7538461538461539,0.9961778846153846,0.0
sonar,208,60,mutual_info,50,10,0.7951923076923078,0.9942457542457542,0.0
sonar,208,60,mutual_info,50,20,0.833173076923077,0.9928399241603467,0.0
sonar,208,60,mutual_info,50,30,0.8556089743589745,0.9916370808678501,0.0
sonar,208,60,mutual_info,50,50,0.8829807692307692,0.9893098693759071,0.0
sonar,208,60,mutual_info,51,3,0.7644230769230769,0.9975843122394846,0.0
sonar,208,60,mutual_info,51,5,0.7913461538461539,0.9969230769230769,0.0
sonar,208,60,mutual_info,51,10,0.8269230769230769,0.9960514485514486,0.0
sonar,208,60,mutual_info,51,20,0.8540865384615385,0.9945368364030336,0.0
sonar,208,60,mutual_info,51,30,0.8737179487179488,0.9934901380670611,0.0
sonar,208,60,mutual_info,51,50,0.8961538461538463,0.9917728592162555,0.0
sonar,208,60,mutual_info,52,3,0.7724358974358974,0.9975606290261463,0.0
sonar,208,60,mutual_info,52,5,0.7971153846153847,0.9971442307692308,0.0
sonar,208,60,mutual_info,52,10,0.8298076923076925,0.9958241758241758,0.0
sonar,208,60,mutual_info,52,20,0.8600961538461538,0.9949932286023835,0.0
sonar,208,60,mutual_info,52,30,0.8767628205128205,0.9938086785009862,0.0
sonar,208,60,mutual_info,52,50,0.8985576923076923,0.9924789550072569,0.0
sonar,208,60,mutual_info,53,3,0.7772435897435896,0.9981763925729443,0.0
sonar,208,60,mutual_info,53,5,0.8105769230769232,0.9977740384615384,0.0
sonar,208,60,mutual_info,53,10,0.8360576923076924,0.9965284715284716,0.0
sonar,208,60,mutual_info,53,20,0.869951923076923,0.9959628927410618,0.0
sonar,208,60,mutual_info,53,30,0.891346153846154,0.9951686390532545,0.0
sonar,208,60,mutual_info,53,50,0.9112500000000001,0.993877358490566,0.0
sonar,208,60,mutual_info,54,3,0.7756410256410257,0.9986342680308198,0.0
sonar,208,60,mutual_info,54,5,0.8182692307692307,0.997860576923077,0.0
sonar,208,60,mutual_info,54,10,0.8379807692307693,0.9966208791208792,0.0
sonar,208,60,mutual_info,54,20,0.8762019230769231,0.9961321776814734,0.0
sonar,208,60,mutual_info,54,30,0.8932692307692308,0.9954792899408283,0.0
sonar,208,60,mutual_info,54,50,0.913076923076923,0.9941835994194484,0.0
sonar,208,60,mutual_info,55,3,0.7996794871794871,0.9988079449286346,0.0
sonar,208,60,mutual_info,55,5,0.8384615384615385,0.9985192307692308,0.0
sonar,208,60,mutual_info,55,10,0.8548076923076924,0.9969755244755245,0.0
sonar,208,60,mutual_info,55,20,0.8882211538461539,0.996637323943662,0.0
sonar,208,60,mutual_info,55,30,0.9017628205128206,0.996069033530572,0.0
sonar,208,60,mutual_info,55,50,0.9188461538461539,0.9944883889695211,0.0
sonar,208,60,mutual_info,56,3,0.8253205128205128,0.9989342553997727,0.0
sonar,208,60,mutual_info,56,5,0.864423076923077,0.998875,0.0
sonar,208,60,mutual_info,56,10,0.872596153846154,0.9976598401598401,0.0
sonar,208,60,mutual_info,56,20,0.9024038461538461,0.9974228060671723,0.0
sonar,208,60,mutual_info,56,30,0.9174679487179488,0.997267258382643,0.0
sonar,208,60,mutual_info,56,50,0.9317307692307693,0.9962460087082728,0.0
sonar,208,60,mutual_info,57,3,0.8541666666666667,0.9993763420487558,0.0
sonar,208,60,mutual_info,57,5,0.8913461538461538,0.9991538461538462,0.0
sonar,208,60,mutual_info,57,10,0.8884615384615385,0.9981043956043956,0.0
sonar,208,60,mutual_info,57,20,0.9129807692307691,0.9978196099674973,0.0
sonar,208,60,mutual_info,57,30,0.9267628205128206,0.9977287968441815,0.0
sonar,208,60,mutual_info,57,50,0.9394230769230768,0.9968134978229318,0.0
sonar,208,60,mutual_info,58,3,0.8846153846153846,0.9995579133510168,0.0
sonar,208,60,mutual_info,58,5,0.9115384615384616,0.9993317307692308,0.0
sonar,208,60,mutual_info,58,10,0.9115384615384616,0.9985114885114885,0.0
sonar,208,60,mutual_info,58,20,0.9264423076923076,0.9983599674972914,0.0
sonar,208,60,mutual_info,58,30,0.9395833333333334,0.9981765285996055,0.0
sonar,208,60,mutual_info,58,50,0.9503846153846154,0.9979056603773585,0.0
sonar,208,60,mutual_info,59,3,0.9294871794871794,0.9998026398888468,0.0
sonar,208,60,mutual_info,59,5,0.9423076923076923,0.9996538461538461,0.0
sonar,208,60,mutual_info,59,10,0.9466346153846156,0.9994280719280719,0.0
sonar,208,60,mutual_info,59,20,0.9528846153846153,0.999225352112676,0.0
sonar,208,60,mutual_info,59,30,0.9620192307692309,0.9992248520710059,0.0
sonar,208,60,mutual_info,59,50,0.970096153846154,0.999011611030479,0.0
sonar,208,60,mutual_info,60,3,1.0,1.0,0.0
sonar,208,60,mutual_info,60,5,1.0,1.0,0.0
sonar,208,60,mutual_info,60,10,1.0,1.0,0.0
sonar,208,60,mutual_info,60,20,1.0,1.0,0.0
sonar,208,60,mutual_info,60,30,1.0,1.0,0.0
sonar,208,60,mutual_info,60,50,1.0,1.0,0.0
sonar,208,60,variance,1,3,0.03685897435897435,0.576930971327523,0.0
sonar,208,60,variance,1,5,0.0673076923076923,0.5863413461538461,0.0
sonar,208,60,variance,1,10,0.09134615384615384,0.5938836163836163,0.0
sonar,208,60,variance,1,20,0.1502403846153846,0.6062892741061756,0.0
sonar,208,60,variance,1,30,0.21073717948717946,0.6167445759368836,0.0
sonar,208,60,variance,1,50,0.3186538461538462,0.6342198838896953,0.0
sonar,208,60,variance,2,3,0.03685897435897435,0.6166319312871038,0.0
sonar,208,60,variance,2,5,0.06346153846153846,0.6145384615384615,0.0
sonar,208,60,variance,2,10,0.1,0.6289085914085915,0.0
sonar,208,60,variance,2,20,0.16971153846153844,0.6466765980498375,0.0
sonar,208,60,variance,2,30,0.23750000000000002,0.6607189349112426,0.0
sonar,208,60,variance,2,50,0.35461538461538455,0.6863693759071118,0.0
sonar,208,60,variance,3,3,0.08012820512820512,0.6949128457749147,0.0
sonar,208,60,variance,3,5,0.1096153846153846,0.7013028846153846,0.0
sonar,208,60,variance,3,10,0.15192307692307694,0.7015034965034965,0.0
sonar,208,60,variance,3,20,0.22668269230769234,0.707628656554713,0.0
sonar,208,60,variance,3,30,0.28717948717948716,0.7177514792899409,0.0
sonar,208,60,variance,3,50,0.39221153846153844,0.7337409288824384,0.0
sonar,208,60,variance,4,3,0.07532051282051282,0.7071965390930908,0.0
sonar,208,60,variance,4,5,0.11153846153846156,0.7113413461538461,0.0
sonar,208,60,variance,4,10,0.15961538461538463,0.710477022977023,0.0
sonar,208,60,variance,4,20,0.23004807692307688,0.7137161430119177,0.0
sonar,208,60,variance,4,30,0.2905448717948718,0.721612426035503,0.0
sonar,208,60,variance,4,50,0.4058653846153846,0.7407039187227866,0.0
sonar,208,60,variance,5,3,0.11698717948717949,0.7718753947202224,0.0
sonar,208,60,variance,5,5,0.15865384615384615,0.7690288461538461,0.0
sonar,208,60,variance,5,10,0.2072115384615385,0.7619655344655345,0.0
sonar,208,60,variance,5,20,0.2735576923076923,0.7546979956663056,0.0
sonar,208,60,variance,5,30,0.3330128205128205,0.757758382642998,0.0
sonar,208,60,variance,5,50,0.44423076923076926,0.7716988388969521,0.0
sonar,208,60,variance,6,3,0.15705128205128205,0.788674687381584,0.0
sonar,208,60,variance,6,5,0.18942307692307694,0.7845336538461538,0.0
sonar,208,60,variance,6,10,0.22115384615384615,0.7692882117882118,0.0
sonar,208,60,variance,6,20,0.28942307692307695,0.7635184182015168,0.0
sonar,208,60,variance,6,30,0.34599358974358974,0.7644447731755424,0.0
sonar,208,60,variance,6,50,0.45451923076923073,0.778534107402032,0.0
sonar,208,60,variance,7,3,0.1778846153846154,0.844180245042314,0.0
sonar,208,60,variance,7,5,0.21923076923076928,0.8353076923076923,0.0
sonar,208,60,variance,7,10,0.26875000000000004,0.8281893106893107,0.0
sonar,208,60,variance,7,20,0.33966346153846155,0.8144000541711809,0.0
sonar,208,60,variance,7,30,0.40016025641025643,0.8162830374753451,0.0
sonar,208,60,variance,7,50,0.5066346153846154,0.8293867924528302,0.0
sonar,208,60,variance,8,3,0.19871794871794873,0.859282240747758,0.0
sonar,208,60,variance,8,5,0.23750000000000002,0.8450576923076923,0.0
sonar,208,60,variance,8,10,0.28942307692307695,0.8413586413586414,0.0
sonar,208,60,variance,8,20,0.35480769230769227,0.8213055254604551,0.0
sonar,208,60,variance,8,30,0.41586538461538464,0.8229378698224852,0.0
sonar,208,60,variance,8,50,0.5171153846153846,0.832523222060958,0.0
sonar,208,60,variance,9,3,0.24519230769230768,0.8758920677024126,0.0
sonar,208,60,variance,9,5,0.275,0.8609423076923077,0.0
sonar,208,60,variance,9,10,0.31923076923076926,0.8501973026973026,0.0
sonar,208,60,variance,9,20,0.39375000000000004,0.8355606717226436,0.0
sonar,208,60,variance,9,30,0.44006410256410255,0.8342465483234713,0.0
sonar,208,60,variance,9,50,0.5390384615384616,0.8402953555878084,0.0
sonar,208,60,variance,10,3,0.2644230769230769,0.8798787419477074,0.0
sonar,208,60,variance,10,5,0.2855769230769231,0.8604615384615384,0.0
sonar,208,60,variance,10,10,0.3225961538461538,0.8519305694305694,0.0
sonar,208,60,variance,10,20,0.3947115384615385,0.8412743770314193,0.0
sonar,208,60,variance,10,30,0.4483974358974358,0.838552268244576,0.0
sonar,208,60,variance,10,50,0.5460576923076924,0.8433236574746008,0.0
sonar,208,60,variance,11,3,0.2708333333333333,0.8900783124921056,0.0
sonar,208,60,variance,11,5,0.2923076923076924,0.8750913461538461,0.0
sonar,208,60,variance,11,10,0.3336538461538462,0.8626523476523477,0.0
sonar,208,60,variance,11,20,0.4122596153846153,0.8512716684723727,0.0
sonar,208,60,variance,11,30,0.470352564102564,0.8505167652859961,0.0
sonar,208,60,variance,11,50,0.5602884615384615,0.8539383164005805,0.0
sonar,208,60,variance,12,3,0.28205128205128205,0.8954701907288114,0.0
sonar,208,60,variance,12,5,0.3038461538461539,0.8814903846153846,0.0
sonar,208,60,variance,12,10,0.34567307692307697,0.8697877122877122,0.0
sonar,208,60,variance,12,20,0.4221153846153846,0.8624647887323944,0.0
sonar,208,60,variance,12,30,0.4796474358974358,0.8621558185404339,0.0
sonar,208,60,variance,12,50,0.5712499999999999,0.8640965166908563,0.0
sonar,208,60,variance,13,3,0.3012820512820513,0.9025356827080965,0.0
sonar,208,60,variance,13,5,0.3153846153846154,0.8863846153846153,0.0
sonar,208,60,variance,13,10,0.35144230769230766,0.8725824175824176,0.0
sonar,208,60,variance,13,20,0.4228365384615384,0.8616955579631635,0.0
sonar,208,60,variance,13,30,0.48541666666666666,0.8643323471400395,0.0
sonar,208,60,variance,13,50,0.5796153846153846,0.867089259796807,0.0
sonar,208,60,variance,14,3,0.3076923076923077,0.9023541114058355,0.0
sonar,208,60,variance,14,5,0.33269230769230773,0.8895,0.0
sonar,208,60,variance,14,10,0.36730769230769234,0.8767307692307692,0.0
sonar,208,60,variance,14,20,0.43004807692307695,0.8647670639219935,0.0
sonar,208,60,variance,14,30,0.4892628205128205,0.8636183431952662,0.0
sonar,208,60,variance,14,50,0.5852884615384616,0.8685979680696662,0.0
sonar,208,60,variance,15,3,0.30288461538461536,0.9062934192244537,0.0
sonar,208,60,variance,15,5,0.32788461538461533,0.8905576923076923,0.0
sonar,208,60,variance,15,10,0.37259615384615385,0.8799200799200799,0.0
sonar,208,60,variance,15,20,0.4365384615384616,0.8704943120260021,0.0
sonar,208,60,variance,15,30,0.49375,0.8681084812623274,0.0
sonar,208,60,variance,15,50,0.5871153846153846,0.8714296081277213,0.0
sonar,208,60,variance,16,3,0.34134615384615385,0.9186876342048755,0.0
sonar,208,60,variance,16,5,0.36346153846153845,0.9057307692307692,0.0
sonar,208,60,variance,16,10,0.41442307692307695,0.8934265734265734,0.0
sonar,208,60,variance,16,20,0.4723557692307692,0.8839748104008668,0.0
sonar,208,60,variance,16,30,0.5282051282051281,0.8806459566074951,0.0
sonar,208,60,variance,16,50,0.6092307692307692,0.8813178519593614,0.0
sonar,208,60,variance,17,3,0.3830128205128205,0.9404525072628521,0.0
sonar,208,60,variance,17,5,0.4000000000000001,0.9317163461538461,0.0
sonar,208,60,variance,17,10,0.4543269230769231,0.9149875124875125,0.0
sonar,208,60,variance,17,20,0.5076923076923077,0.9012053087757314,0.0
sonar,208,60,variance,17,30,0.5687500000000001,0.9011962524654832,0.0
sonar,208,60,variance,17,50,0.6508653846153846,0.9006901306240929,0.0
sonar,208,60,variance,18,3,0.36538461538461536,0.9430497663256284,0.0
sonar,208,60,variance,18,5,0.4096153846153847,0.9350625,0.0
sonar,208,60,variance,18,10,0.4576923076923076,0.9215784215784216,0.0
sonar,208,60,variance,18,20,0.5173076923076922,0.9072616468039003,0.0
sonar,208,60,variance,18,30,0.5796474358974358,0.9067366863905325,0.0
sonar,208,60,variance,18,50,0.6592307692307693,0.9045268505079825,0.0
sonar,208,60,variance,19,3,0.37820512820512814,0.9493416066691929,0.0
sonar,208,60,variance,19,5,0.4201923076923077,0.9419471153846154,0.0
sonar,208,60,variance,19,10,0.4649038461538461,0.9260764235764236,0.0
sonar,208,60,variance,19,20,0.5358173076923077,0.9158951787648971,0.0
sonar,208,60,variance,19,30,0.5921474358974359,0.9150838264299803,0.0
sonar,208,60,variance,19,50,0.6729807692307693,0.9146364296081277,0.0
sonar,208,60,variance,20,3,0.39903846153846156,0.9614832007073386,0.0
sonar,208,60,variance,20,5,0.44903846153846155,0.9564663461538462,0.0
sonar,208,60,variance,20,10,0.5201923076923076,0.9494955044955045,0.0
sonar,208,60,variance,20,20,0.5968749999999999,0.9409561213434453,0.0
sonar,208,60,variance,20,30,0.6469551282051282,0.9379142011834319,0.0
sonar,208,60,variance,20,50,0.7167307692307692,0.9346923076923077,0.0
sonar,208,60,variance,21,3,0.4230769230769231,0.9698196918024504,0.0
sonar,208,60,variance,21,5,0.47019230769230774,0.9635432692307693,0.0
sonar,208,60,variance,21,10,0.5302884615384615,0.9552222777222777,0.0
sonar,208,60,variance,21,20,0.6091346153846153,0.9465723185265439,0.0
sonar,208,60,variance,21,30,0.6629807692307692,0.9432692307692307,0.0
sonar,208,60,variance,21,50,0.7289423076923077,0.9412191582002902,0.0
sonar,208,60,variance,22,3,0.4326923076923077,0.9746352785145889,0.0
sonar,208,60,variance,22,5,0.48749999999999993,0.971173076923077,0.0
sonar,208,60,variance,22,10,0.5543269230769231,0.966481018981019,0.0
sonar,208,60,variance,22,20,0.6375,0.9570747562296859,0.0
sonar,208,60,variance,22,30,0.6799679487179486,0.9532978303747535,0.0
sonar,208,60,variance,22,50,0.7448076923076924,0.9504354136429608,0.0
sonar,208,60,variance,23,3,0.45833333333333337,0.9775562081596565,0.0
sonar,208,60,variance,23,5,0.5096153846153846,0.9727548076923077,0.0
sonar,208,60,variance,23,10,0.5754807692307692,0.9683316683316683,0.0
sonar,208,60,variance,23,20,0.6502403846153846,0.9586240520043336,0.0
sonar,208,60,variance,23,30,0.6923076923076923,0.9559960552268244,0.0
sonar,208,60,variance,23,50,0.753076923076923,0.9540972423802613,0.0
sonar,208,60,variance,24,3,0.4535256410256411,0.9778167235063787,0.0
sonar,208,60,variance,24,5,0.5201923076923077,0.9739759615384616,0.0
sonar,208,60,variance,24,10,0.5769230769230769,0.9686513486513486,0.0
sonar,208,60,variance,24,20,0.6439903846153847,0.9573591549295775,0.0
sonar,208,60,variance,24,30,0.691826923076923,0.956008875739645,0.0
sonar,208,60,variance,24,50,0.7499038461538462,0.9537953555878084,0.0
sonar,208,60,variance,25,3,0.4647435897435897,0.9790482505999747,0.0
sonar,208,60,variance,25,5,0.5499999999999999,0.9771298076923077,0.0
sonar,208,60,variance,25,10,0.5846153846153845,0.9682567432567433,0.0
sonar,208,60,variance,25,20,0.6533653846153845,0.9591752437703142,0.0
sonar,208,60,variance,25,30,0.6937499999999999,0.9569063116370808,0.0
sonar,208,60,variance,25,50,0.7540384615384614,0.9541364296081277,0.0
sonar,208,60,variance,26,3,0.47596153846153844,0.9791350890488821,0.0
sonar,208,60,variance,26,5,0.5490384615384615,0.978514423076923,0.0
sonar,208,60,variance,26,10,0.598076923076923,0.9693306693306694,0.0
sonar,208,60,variance,26,20,0.6615384615384616,0.9620991332611051,0.0
sonar,208,60,variance,26,30,0.6998397435897435,0.9578944773175543,0.0
sonar,208,60,variance,26,50,0.7575961538461538,0.9562837445573295,0.0
sonar,208,60,variance,27,3,0.49038461538461536,0.9813455222937981,0.0
sonar,208,60,variance,27,5,0.5384615384615384,0.9780432692307692,0.0
sonar,208,60,variance,27,10,0.5990384615384615,0.971510989010989,0.0
sonar,208,60,variance,27,20,0.6694711538461539,0.9634710184182015,0.0
sonar,208,60,variance,27,30,0.7059294871794871,0.9597031558185405,0.0
sonar,208,60,variance,27,50,0.759423076923077,0.9571044992743106,0.0
sonar,208,60,variance,28,3,0.5256410256410257,0.9859321712769988,0.0
sonar,208,60,variance,28,5,0.5625,0.9829278846153846,0.0
sonar,208,60,variance,28,10,0.6341346153846152,0.9784690309690309,0.0
sonar,208,60,variance,28,20,0.6992788461538463,0.9721004875406284,0.0
sonar,208,60,variance,28,30,0.7333333333333333,0.9693086785009862,0.0
sonar,208,60,variance,28,50,0.7835576923076923,0.9656030478955008,0.0
sonar,208,60,variance,29,3,0.5192307692307693,0.9875347353795629,0.0
sonar,208,60,variance,29,5,0.5634615384615385,0.9826009615384615,0.0
sonar,208,60,variance,29,10,0.6274038461538461,0.9773976023976024,0.0
sonar,208,60,variance,29,20,0.6959134615384616,0.9713515709642471,0.0
sonar,208,60,variance,29,30,0.7283653846153846,0.9682968441814596,0.0
sonar,208,60,variance,29,50,0.7774038461538461,0.9632685050798259,0.0
sonar,208,60,variance,30,3,0.5400641025641026,0.9878584059618543,0.0
sonar,208,60,variance,30,5,0.5807692307692307,0.9858846153846154,0.0
sonar,208,60,variance,30,10,0.6350961538461539,0.9785939060939061,0.0
sonar,208,60,variance,30,20,0.7002403846153845,0.9729414951245937,0.0
sonar,208,60,variance,30,30,0.738621794871795,0.9696932938856015,0.0
sonar,208,60,variance,30,50,0.7851923076923076,0.9664462989840348,0.0
sonar,208,60,variance,31,3,0.5432692307692307,0.9886004799797903,0.0
sonar,208,60,variance,31,5,0.5826923076923076,0.9853076923076923,0.0
sonar,208,60,variance,31,10,0.6326923076923077,0.9785014985014985,0.0
sonar,208,60,variance,31,20,0.6985576923076924,0.9723117551462622,0.0
sonar,208,60,variance,31,30,0.7371794871794872,0.9687909270216962,0.0
sonar,208,60,variance,31,50,0.7848076923076923,0.9655413642960813,0.0
sonar,208,60,variance,32,3,0.5592948717948718,0.9888057344953897,0.0
sonar,208,60,variance,32,5,0.6009615384615384,0.985798076923077,0.0
sonar,208,60,variance,32,10,0.6451923076923076,0.9787212787212787,0.0
sonar,208,60,variance,32,20,0.7033653846153847,0.9724742686890574,0.0
sonar,208,60,variance,32,30,0.7370192307692308,0.9689704142011835,0.0
sonar,208,60,variance,32,50,0.7840384615384615,0.9654477503628447,0.0
sonar,208,60,variance,33,3,0.5576923076923077,0.9889715169887584,0.0
sonar,208,60,variance,33,5,0.610576923076923,0.9862740384615385,0.0
sonar,208,60,variance,33,10,0.6591346153846154,0.9820529470529471,0.0
sonar,208,60,variance,33,20,0.7216346153846155,0.977342903575298,0.0
sonar,208,60,variance,33,30,0.759775641025641,0.9745118343195266,0.0
sonar,208,60,variance,33,50,0.8100961538461539,0.9724172714078374,0.0
sonar,208,60,variance,34,3,0.5560897435897435,0.9904793482379689,0.0
sonar,208,60,variance,34,5,0.6115384615384616,0.9878269230769231,0.0
sonar,208,60,variance,34,10,0.6639423076923077,0.9833341658341659,0.0
sonar,208,60,variance,34,20,0.7235576923076923,0.9779631635969664,0.0
sonar,208,60,variance,34,30,0.7583333333333334,0.9750029585798816,0.0
sonar,208,60,variance,34,50,0.8099038461538461,0.972733671988389,0.0
sonar,208,60,variance,35,3,0.5737179487179487,0.9913319439181508,0.0
sonar,208,60,variance,35,5,0.6288461538461539,0.9889134615384615,0.0
sonar,208,60,variance,35,10,0.6716346153846153,0.9847377622377622,0.0
sonar,208,60,variance,35,20,0.7382211538461539,0.9803385698808234,0.0
sonar,208,60,variance,35,30,0.7778846153846154,0.9781065088757397,0.0
sonar,208,60,variance,35,50,0.8275,0.9766603773584905,0.0
sonar,208,60,variance,36,3,0.5625,0.9908661740558292,0.0
sonar,208,60,variance,36,5,0.6432692307692308,0.9894326923076923,0.0
sonar,208,60,variance,36,10,0.6807692307692308,0.9851348651348651,0.0
sonar,208,60,variance,36,20,0.7442307692307691,0.980973726977248,0.0
sonar,208,60,variance,36,30,0.7801282051282052,0.9785049309664694,0.0
sonar,208,60,variance,36,50,0.8279807692307692,0.9765500725689404,0.0
sonar,208,60,variance,37,3,0.6009615384615385,0.9915687760515347,0.0
sonar,208,60,variance,37,5,0.6471153846153845,0.990139423076923,0.0
sonar,208,60,variance,37,10,0.6932692307692307,0.9860589410589411,0.0
sonar,208,60,variance,37,20,0.7581730769230769,0.9818445287107259,0.0
sonar,208,60,variance,37,30,0.7913461538461539,0.9799112426035503,0.0
sonar,208,60,variance,37,50,0.8328846153846154,0.977622641509434,0.0
sonar,208,60,variance,38,3,0.6009615384615384,0.9927845143362385,0.0
sonar,208,60,variance,38,5,0.6519230769230769,0.9917019230769231,0.0
sonar,208,60,variance,38,10,0.7067307692307693,0.9872027972027972,0.0
sonar,208,60,variance,38,20,0.7617788461538461,0.9832015167930661,0.0
sonar,208,60,variance,38,30,0.7979166666666668,0.9818027613412229,0.0
sonar,208,60,variance,38,50,0.8381730769230771,0.979867198838897,0.0
sonar,208,60,variance,39,3,0.5993589743589743,0.9938344701275735,0.0
sonar,208,60,variance,39,5,0.6634615384615384,0.9919086538461539,0.0
sonar,208,60,variance,39,10,0.7115384615384616,0.9885164835164835,0.0
sonar,208,60,variance,39,20,0.7725961538461538,0.9849336403033586,0.0
sonar,208,60,variance,39,30,0.8102564102564104,0.9837810650887574,0.0
sonar,208,60,variance,39,50,0.8484615384615386,0.9822743105950653,0.0
sonar,208,60,variance,40,3,0.6217948717948718,0.9941265630920804,0.0
sonar,208,60,variance,40,5,0.6682692307692307,0.9923653846153846,0.0
sonar,208,60,variance,40,10,0.7254807692307691,0.9905494505494505,0.0
sonar,208,60,variance,40,20,0.7850961538461539,0.9879645178764898,0.0
sonar,208,60,variance,40,30,0.8205128205128206,0.9862573964497041,0.0
sonar,208,60,variance,40,50,0.8566346153846156,0.9845391872278665,0.0
sonar,208,60,variance,41,3,0.6282051282051282,0.9939055197675888,0.0
sonar,208,60,variance,41,5,0.6740384615384615,0.992610576923077,0.0
sonar,208,60,variance,41,10,0.7336538461538462,0.9907592407592407,0.0
sonar,208,60,variance,41,20,0.7872596153846154,0.9876516793066089,0.0
sonar,208,60,variance,41,30,0.8209935897435899,0.9861499013806706,0.0
sonar,208,60,variance,41,50,0.8576923076923079,0.9848708272859217,0.0
sonar,208,60,variance,42,3,0.6410256410256411,0.9951449412656309,0.0
sonar,208,60,variance,42,5,0.6855769230769231,0.9927451923076923,0.0
sonar,208,60,variance,42,10,0.7365384615384615,0.9913536463536463,0.0
sonar,208,60,variance,42,20,0.7935096153846154,0.9883179848320693,0.0
sonar,208,60,variance,42,30,0.8264423076923079,0.9871745562130178,0.0
sonar,208,60,variance,42,50,0.8616346153846154,0.985455732946299,0.0
sonar,208,60,variance,43,3,0.6698717948717948,0.9960764809902741,0.0
sonar,208,60,variance,43,5,0.7067307692307693,0.9946971153846154,0.0
sonar,208,60,variance,43,10,0.7509615384615385,0.9922502497502498,0.0
sonar,208,60,variance,43,20,0.8021634615384615,0.9892172264355363,0.0
sonar,208,60,variance,43,30,0.8336538461538463,0.9882682445759369,0.0
sonar,208,60,variance,43,50,0.864326923076923,0.9865899854862119,0.0
sonar,208,60,variance,44,3,0.6634615384615384,0.9962027914614121,0.0
sonar,208,60,variance,44,5,0.7,0.9947403846153846,0.0
sonar,208,60,variance,44,10,0.7456730769230769,0.9917632367632367,0.0
sonar,208,60,variance,44,20,0.8021634615384615,0.9887242686890574,0.0
sonar,208,60,variance,44,30,0.8347756410256412,0.9881084812623274,0.0
sonar,208,60,variance,44,50,0.8655769230769231,0.9864978229317852,0.0
sonar,208,60,variance,45,3,0.6650641025641026,0.9961159530125048,0.0
sonar,208,60,variance,45,5,0.7144230769230769,0.9951682692307692,0.0
sonar,208,60,variance,45,10,0.7548076923076923,0.9924675324675325,0.0
sonar,208,60,variance,45,20,0.8052884615384616,0.9899282231852654,0.0
sonar,208,60,variance,45,30,0.8418269230769232,0.9887376725838264,0.0
sonar,208,60,variance,45,50,0.8743269230769232,0.9874811320754717,0.0
sonar,208,60,variance,46,3,0.6650641025641026,0.9959106984969054,0.0
sonar,208,60,variance,46,5,0.7201923076923078,0.9952019230769231,0.0
sonar,208,60,variance,46,10,0.7682692307692308,0.9926698301698301,0.0
sonar,208,60,variance,46,20,0.8165865384615384,0.9903900325027085,0.0
sonar,208,60,variance,46,30,0.8496794871794874,0.9893688362919132,0.0
sonar,208,60,variance,46,50,0.8794230769230769,0.9886618287373005,0.0
sonar,208,60,variance,47,3,0.689102564102564,0.9970317039282557,0.0
sonar,208,60,variance,47,5,0.7538461538461539,0.996625,0.0
sonar,208,60,variance,47,10,0.7889423076923078,0.9943356643356643,0.0
sonar,208,60,variance,47,20,0.8348557692307691,0.9930010834236186,0.0
sonar,208,60,variance,47,30,0.8661858974358976,0.9920157790927022,0.0
sonar,208,60,variance,47,50,0.8951923076923077,0.991078374455733,0.0
sonar,208,60,variance,48,3,0.7179487179487178,0.9974027409372237,0.0
sonar,208,60,variance,48,5,0.7653846153846153,0.9968846153846154,0.0
sonar,208,60,variance,48,10,0.8028846153846154,0.9949025974025975,0.0
sonar,208,60,variance,48,20,0.8459134615384615,0.9940560671722644,0.0
sonar,208,60,variance,48,30,0.8754807692307693,0.9934250493096647,0.0
sonar,208,60,variance,48,50,0.9013461538461539,0.9922140783744557,0.0
sonar,208,60,variance,49,3,0.7243589743589743,0.9977579891372995,0.0
sonar,208,60,variance,49,5,0.7730769230769231,0.9969615384615385,0.0
sonar,208,60,variance,49,10,0.8096153846153847,0.9956143856143856,0.0
sonar,208,60,variance,49,20,0.8500000000000001,0.994225352112676,0.0
sonar,208,60,variance,49,30,0.8780448717948719,0.9936449704142012,0.0
sonar,208,60,variance,49,50,0.9041346153846154,0.9923875181422351,0.0
sonar,208,60,variance,50,3,0.7323717948717948,0.9976158898572691,0.0
sonar,208,60,variance,50,5,0.7817307692307692,0.9972788461538461,0.0
sonar,208,60,variance,50,10,0.8129807692307693,0.9959540459540459,0.0
sonar,208,60,variance,50,20,0.8536057692307693,0.9949593716143011,0.0
sonar,208,60,variance,50,30,0.885897435897436,0.9942840236686391,0.0
sonar,208,60,variance,50,50,0.9075,0.9927830188679245,0.0
sonar,208,60,variance,51,3,0.7323717948717948,0.9976553618794998,0.0
sonar,208,60,variance,51,5,0.7951923076923078,0.9974759615384615,0.0
sonar,208,60,variance,51,10,0.8211538461538462,0.9963811188811189,0.0
sonar,208,60,variance,51,20,0.8615384615384616,0.9954225352112676,0.0
sonar,208,60,variance,51,30,0.8899038461538462,0.9948254437869822,0.0
sonar,208,60,variance,51,50,0.9146153846153846,0.9934499274310595,0.0
sonar,208,60,variance,52,3,0.7580128205128205,0.9980895541240369,0.0
sonar,208,60,variance,52,5,0.8115384615384615,0.9980144230769231,0.0
sonar,208,60,variance,52,10,0.8365384615384617,0.9967932067932068,0.0
sonar,208,60,variance,52,20,0.8709134615384616,0.9959547670639219,0.0
sonar,208,60,variance,52,30,0.8991987179487181,0.995508875739645,0.0
sonar,208,60,variance,52,50,0.9223076923076922,0.99438969521045,0.0
sonar,208,60,variance,53,3,0.7756410256410255,0.9987290008841733,0.0
sonar,208,60,variance,53,5,0.8182692307692307,0.9983125,0.0
sonar,208,60,variance,53,10,0.8509615384615385,0.99748001998002,0.0
sonar,208,60,variance,53,20,0.8790865384615384,0.9965167930660889,0.0
sonar,208,60,variance,53,30,0.9057692307692309,0.9962199211045365,0.0
sonar,208,60,variance,53,50,0.9263461538461539,0.9956596516690857,0.0
sonar,208,60,variance,54,3,0.7820512820512818,0.9988474169508652,0.0
sonar,208,60,variance,54,5,0.8298076923076922,0.9985288461538462,0.0
sonar,208,60,variance,54,10,0.8586538461538462,0.99751998001998,0.0
sonar,208,60,variance,54,20,0.8865384615384616,0.9969528710725893,0.0
sonar,208,60,variance,54,30,0.9112179487179488,0.9966163708086785,0.0
sonar,208,60,variance,54,50,0.9324038461538462,0.9959433962264151,0.0
sonar,208,60,variance,55,3,0.8044871794871794,0.9990763546798029,0.0
sonar,208,60,variance,55,5,0.8423076923076922,0.9985913461538461,0.0
sonar,208,60,variance,55,10,0.8673076923076924,0.9978971028971029,0.0
sonar,208,60,variance,55,20,0.8951923076923075,0.9973618634886241,0.0
sonar,208,60,variance,55,30,0.9145833333333334,0.9967317554240631,0.0
sonar,208,60,variance,55,50,0.9364423076923075,0.9963345428156749,0.0
sonar,208,60,variance,56,3,0.8349358974358974,0.9991158267020336,0.0
sonar,208,60,variance,56,5,0.8615384615384615,0.9987884615384616,0.0
sonar,208,60,variance,56,10,0.8798076923076924,0.998001998001998,0.0
sonar,208,60,variance,56,20,0.9004807692307693,0.9974715601300108,0.0
sonar,208,60,variance,56,30,0.9230769230769232,0.9970532544378699,0.0
sonar,208,60,variance,56,50,0.940096153846154,0.996711175616836,0.0
sonar,208,60,variance,57,3,0.8509615384615384,0.9993131868131868,0.0
sonar,208,60,variance,57,5,0.8740384615384615,0.9989326923076923,0.0
sonar,208,60,variance,57,10,0.8903846153846154,0.9982942057942058,0.0
sonar,208,60,variance,57,20,0.9177884615384614,0.9980457746478874,0.0
sonar,208,60,variance,57,30,0.9363782051282052,0.9975719921104537,0.0
sonar,208,60,variance,57,50,0.9502884615384617,0.9974375907111757,0.0
sonar,208,60,variance,58,3,0.8974358974358974,0.9994789693065556,0.0
sonar,208,60,variance,58,5,0.9057692307692309,0.9994134615384616,0.0
sonar,208,60,variance,58,10,0.918269230769231,0.998981018981019,0.0
sonar,208,60,variance,58,20,0.9384615384615385,0.998819068255688,0.0
sonar,208,60,variance,58,30,0.9511217948717949,0.9985611439842209,0.0
sonar,208,60,variance,58,50,0.9610576923076923,0.9982699564586357,0.0
sonar,208,60,variance,59,3,0.9551282051282052,0.9998973727422004,0.0
sonar,208,60,variance,59,5,0.9538461538461539,0.9998221153846154,0.0
sonar,208,60,variance,59,10,0.958173076923077,0.9996278721278721,0.0
sonar,208,60,variance,59,20,0.9644230769230769,0.9994582881906826,0.0
sonar,208,60,variance,59,30,0.9711538461538463,0.99934516765286,0.0
sonar,208,60,variance,59,50,0.9742307692307691,0.9990653120464441,0.0
sonar,208,60,variance,60,3,1.0,1.0,0.0
sonar,208,60,variance,60,5,1.0,1.0,0.0
sonar,208,60,variance,60,10,1.0,1.0,0.0
sonar,208,60,variance,60,20,1.0,1.0,0.0
sonar,208,60,variance,60,30,1.0,1.0,0.0
sonar,208,60,variance,60,50,1.0,1.0,0.0
seeds,210,7,pai,1,3,0.03968253968253968,0.5958885017421602,48.161904761904765
seeds,210,7,pai,1,5,0.07428571428571429,0.6006930693069308,48.161904761904765
seeds,210,7,pai,1,10,0.12,0.612650263190109,48.161904761904765
seeds,210,7,pai,1,20,0.20547619047619048,0.6176097625679798,48.161904761904765
seeds,210,7,pai,1,30,0.2687301587301587,0.6242051430501279,48.161904761904765
seeds,210,7,pai,1,50,0.3665714285714286,0.6369934501681713,48.161904761904765
seeds,210,7,pai,2,3,0.16349206349206347,0.7169647696476964,48.161904761904765
seeds,210,7,pai,2,5,0.21238095238095236,0.7198491277699198,48.161904761904765
seeds,210,7,pai,2,10,0.2842857142857143,0.7283951524054352,48.161904761904765
seeds,210,7,pai,2,20,0.39095238095238094,0.7375155856214353,48.161904761904765
seeds,210,7,pai,2,30,0.4506349206349206,0.7436281179138322,48.161904761904765
seeds,210,7,pai,2,50,0.5173333333333333,0.7448723667905824,48.161904761904765
seeds,210,7,pai,3,3,0.4,0.9744405729771584,48.161904761904765
seeds,210,7,pai,3,5,0.48761904761904756,0.9712352663837812,48.161904761904765
seeds,210,7,pai,3,10,0.598095238095238,0.9683608764842698,48.161904761904765
seeds,210,7,pai,3,20,0.6909523809523809,0.9644515187690675,48.161904761904765
seeds,210,7,pai,3,30,0.7446031746031746,0.9621633617986202,48.161904761904765
seeds,210,7,pai,3,50,0.7910476190476191,0.959052575677111,48.161904761904765
seeds,210,7,pai,4,3,0.5444444444444444,0.9915756871854433,48.161904761904765
seeds,210,7,pai,4,5,0.6266666666666665,0.9914615747289015,48.161904761904765
seeds,210,7,pai,4,10,0.7128571428571429,0.9892275676337373,48.161904761904765
seeds,210,7,pai,4,20,0.7885714285714286,0.986800636689216,48.161904761904765
seeds,210,7,pai,4,30,0.8257142857142858,0.9849635740821151,48.161904761904765
seeds,210,7,pai,4,50,0.8552380952380954,0.9821639228181979,48.161904761904765
seeds,210,7,pai,5,3,0.7603174603174603,0.9983817266744096,48.161904761904765
seeds,210,7,pai,5,5,0.8085714285714286,0.9981376709099481,48.161904761904765
seeds,210,7,pai,5,10,0.8433333333333335,0.9973607540702656,48.161904761904765
seeds,210,7,pai,5,20,0.8871428571428572,0.9968881814564265,48.161904761904765
seeds,210,7,pai,5,30,0.9057142857142859,0.9961094224924012,48.161904761904765
seeds,210,7,pai,5,50,0.923142857142857,0.9953641352451761,48.161904761904765
seeds,210,7,pai,6,3,0.9126984126984128,0.9995586527293845,48.161904761904765
seeds,210,7,pai,6,5,0.9171428571428573,0.9995756718528995,48.161904761904765
seeds,210,7,pai,6,10,0.9385714285714287,0.9995005508630187,48.161904761904765
seeds,210,7,pai,6,20,0.9516666666666667,0.9993792280143255,48.161904761904765
seeds,210,7,pai,6,30,0.9593650793650795,0.9993457808655377,48.161904761904765
seeds,210,7,pai,6,50,0.9662857142857144,0.9990518675871836,48.161904761904765
seeds,210,7,pai,7,3,1.0,1.0,48.161904761904765
seeds,210,7,pai,7,5,1.0,1.0,48.161904761904765
seeds,210,7,pai,7,10,1.0,1.0,48.161904761904765
seeds,210,7,pai,7,20,1.0,1.0,48.161904761904765
seeds,210,7,pai,7,30,1.0,1.0,48.161904761904765
seeds,210,7,pai,7,50,1.0,1.0,48.161904761904765
seeds,210,7,nrs,1,3,0.03968253968253968,0.5958885017421602,48.161904761904765
seeds,210,7,nrs,1,5,0.07428571428571429,0.6006930693069308,48.161904761904765
seeds,210,7,nrs,1,10,0.12,0.612650263190109,48.161904761904765
seeds,210,7,nrs,1,20,0.20547619047619048,0.6176097625679798,48.161904761904765
seeds,210,7,nrs,1,30,0.2687301587301587,0.6242051430501279,48.161904761904765
seeds,210,7,nrs,1,50,0.3665714285714286,0.6369934501681713,48.161904761904765
seeds,210,7,nrs,2,3,0.1365079365079365,0.8670073557878436,48.161904761904765
seeds,210,7,nrs,2,5,0.20952380952380953,0.8751673738802451,48.161904761904765
seeds,210,7,nrs,2,10,0.3357142857142857,0.8850116293303953,48.161904761904765
seeds,210,7,nrs,2,20,0.46047619047619043,0.8902719193526993,48.161904761904765
seeds,210,7,nrs,2,30,0.5442857142857143,0.8963873208858011,48.161904761904765
seeds,210,7,nrs,2,50,0.6600952380952381,0.9015740839086565,48.161904761904765
seeds,210,7,nrs,3,3,0.2698412698412699,0.9629036004645761,48.161904761904765
seeds,210,7,nrs,3,5,0.3847619047619048,0.9632956152758133,48.161904761904765
seeds,210,7,nrs,3,10,0.49238095238095236,0.9601591382054107,48.161904761904765
seeds,210,7,nrs,3,20,0.6126190476190475,0.9593805544501923,48.161904761904765
seeds,210,7,nrs,3,30,0.6822222222222222,0.9603415834418874,48.161904761904765
seeds,210,7,nrs,3,50,0.774952380952381,0.9626942821738361,48.161904761904765
seeds,210,7,nrs,4,3,0.3238095238095238,0.9668989547038328,48.161904761904765
seeds,210,7,nrs,4,5,0.4171428571428572,0.9647241867043848,48.161904761904765
seeds,210,7,nrs,4,10,0.5242857142857142,0.9605141388174807,48.161904761904765
seeds,210,7,nrs,4,20,0.6469047619047618,0.9610624751293275,48.161904761904765
seeds,210,7,nrs,4,30,0.7149206349206348,0.9643161094224924,48.161904761904765
seeds,210,7,nrs,4,50,0.8098095238095239,0.9692448220924057,48.161904761904765
seeds,210,7,nrs,5,3,0.35873015873015873,0.973170731707317,48.161904761904765
seeds,210,7,nrs,5,5,0.4466666666666667,0.9683262611975483,48.161904761904765
seeds,210,7,nrs,5,10,0.5442857142857142,0.9622328314359163,48.161904761904765
seeds,210,7,nrs,5,20,0.6580952380952381,0.9606353627802096,48.161904761904765
seeds,210,7,nrs,5,30,0.7188888888888889,0.9628774062816616,48.161904761904765
seeds,210,7,nrs,5,50,0.814,0.9684715878916622,48.161904761904765
seeds,210,7,nrs,6,3,0.4634920634920635,0.9876732481610531,48.161904761904765
seeds,210,7,nrs,6,5,0.5676190476190476,0.9864780763790665,48.161904761904765
seeds,210,7,nrs,6,10,0.6619047619047619,0.9834471783572041,48.161904761904765
seeds,210,7,nrs,6,20,0.7461904761904762,0.9813410266613609,48.161904761904765
seeds,210,7,nrs,6,30,0.791904761904762,0.9810932599990351,48.161904761904765
seeds,210,7,nrs,6,50,0.8634285714285715,0.9835128341299345,48.161904761904765
seeds,210,7,nrs,7,3,1.0,1.0,48.161904761904765
seeds,210,7,nrs,7,5,1.0,1.0,48.161904761904765
seeds,210,7,nrs,7,10,1.0,1.0,48.161904761904765
seeds,210,7,nrs,7,20,1.0,1.0,48.161904761904765
seeds,210,7,nrs,7,30,1.0,1.0,48.161904761904765
seeds,210,7,nrs,7,50,1.0,1.0,48.161904761904765
seeds,210,7,relieff,1,3,0.06666666666666667,0.8409523809523809,48.161904761904765
seeds,210,7,relieff,1,5,0.13333333333333333,0.8438991041961339,48.161904761904765
seeds,210,7,relieff,1,10,0.23952380952380958,0.8593095850165259,48.161904761904765
seeds,210,7,relieff,1,20,0.3938095238095238,0.8829155060352832,48.161904761904765
seeds,210,7,relieff,1,30,0.5096825396825396,0.9009948376513726,48.161904761904765
seeds,210,7,relieff,1,50,0.6842857142857145,0.9271708266949903,48.161904761904765
seeds,210,7,relieff,2,3,0.15396825396825395,0.9053890824622532,48.161904761904765
seeds,210,7,relieff,2,5,0.2038095238095238,0.8987364450730787,48.161904761904765
seeds,210,7,relieff,2,10,0.29666666666666663,0.8954927163667523,48.161904761904765
seeds,210,7,relieff,2,20,0.4176190476190476,0.8977676084361321,48.161904761904765
seeds,210,7,relieff,2,30,0.5158730158730159,0.9046210257152506,48.161904761904765
seeds,210,7,relieff,2,50,0.6781904761904761,0.9253595326606479,48.161904761904765
seeds,210,7,relieff,3,3,0.20158730158730157,0.9086566008517228,48.161904761904765
seeds,210,7,relieff,3,5,0.26,0.914889203206035,48.161904761904765
seeds,210,7,relieff,3,10,0.3680952380952381,0.9186167217529686,48.161904761904765
seeds,210,7,relieff,3,20,0.5,0.9224459477384268,48.161904761904765
seeds,210,7,relieff,3,30,0.5746031746031747,0.9245139190427945,48.161904761904765
seeds,210,7,relieff,3,50,0.7102857142857143,0.9371138254558329,48.161904761904765
seeds,210,7,relieff,4,3,0.2031746031746032,0.928966318234611,48.161904761904765
seeds,210,7,relieff,4,5,0.2761904761904762,0.9267326732673268,48.161904761904765
seeds,210,7,relieff,4,10,0.4014285714285714,0.9307014322438487,48.161904761904765
seeds,210,7,relieff,4,20,0.5352380952380953,0.9331012070566388,48.161904761904765
seeds,210,7,relieff,4,30,0.6285714285714286,0.9403734259661312,48.161904761904765
seeds,210,7,relieff,4,50,0.7554285714285713,0.9515503628960879,48.161904761904765
seeds,210,7,relieff,5,3,0.226984126984127,0.9297870692992645,48.161904761904765
seeds,210,7,relieff,5,5,0.3028571428571429,0.9306789250353606,48.161904761904765
seeds,210,7,relieff,5,10,0.4219047619047619,0.9325400905863631,48.161904761904765
seeds,210,7,relieff,5,20,0.5519047619047619,0.9357938718662953,48.161904761904765
seeds,210,7,relieff,5,30,0.6373015873015873,0.9419973947025618,48.161904761904765
seeds,210,7,relieff,5,50,0.7526666666666667,0.9508585590369977,48.161904761904765
seeds,210,7,relieff,6,3,0.26666666666666666,0.9349825783972125,48.161904761904765
seeds,210,7,relieff,6,5,0.3771428571428572,0.9400612918434701,48.161904761904765
seeds,210,7,relieff,6,10,0.5019047619047619,0.939260619414861,48.161904761904765
seeds,210,7,relieff,6,20,0.6335714285714287,0.9443400981562542,48.161904761904765
seeds,210,7,relieff,6,30,0.7087301587301587,0.9514613788777923,48.161904761904765
seeds,210,7,relieff,6,50,0.805142857142857,0.9598144804390157,48.161904761904765
seeds,210,7,relieff,7,3,1.0,1.0,48.161904761904765
seeds,210,7,relieff,7,5,1.0,1.0,48.161904761904765
seeds,210,7,relieff,7,10,1.0,1.0,48.161904761904765
seeds,210,7,relieff,7,20,1.0,1.0,48.161904761904765
seeds,210,7,relieff,7,30,1.0,1.0,48.161904761904765
seeds,210,7,relieff,7,50,1.0,1.0,48.161904761904765
seeds,210,7,mutual_info,1,3,0.06666666666666667,0.8409523809523809,48.161904761904765
seeds,210,7,mutual_info,1,5,0.13333333333333333,0.8438991041961339,48.161904761904765
seeds,210,7,mutual_info,1,10,0.23952380952380958,0.8593095850165259,48.161904761904765
seeds,210,7,mutual_info,1,20,0.3938095238095238,0.8829155060352832,48.161904761904765
seeds,210,7,mutual_info,1,30,0.5096825396825396,0.9009948376513726,48.161904761904765
seeds,210,7,mutual_info,1,50,0.6842857142857145,0.9271708266949903,48.161904761904765
seeds,210,7,mutual_info,2,3,0.15396825396825395,0.9053890824622532,48.161904761904765
seeds,210,7,mutual_info,2,5,0.2038095238095238,0.8987364450730787,48.161904761904765
seeds,210,7,mutual_info,2,10,0.29666666666666663,0.8954927163667523,48.161904761904765
seeds,210,7,mutual_info,2,20,0.4176190476190476,0.8977676084361321,48.161904761904765
seeds,210,7,mutual_info,2,30,0.5158730158730159,0.9046210257152506,48.161904761904765
seeds,210,7,mutual_info,2,50,0.6781904761904761,0.9253595326606479,48.161904761904765
seeds,210,7,mutual_info,3,3,0.20158730158730157,0.9086566008517228,48.161904761904765
seeds,210,7,mutual_info,3,5,0.26,0.914889203206035,48.161904761904765
seeds,210,7,mutual_info,3,10,0.3680952380952381,0.9186167217529686,48.161904761904765
seeds,210,7,mutual_info,3,20,0.5,0.9224459477384268,48.161904761904765
seeds,210,7,mutual_info,3,30,0.5746031746031747,0.9245139190427945,48.161904761904765
seeds,210,7,mutual_info,3,50,0.7102857142857143,0.9371138254558329,48.161904761904765
seeds,210,7,mutual_info,4,3,0.2349206349206349,0.9195973674022455,48.161904761904765
seeds,210,7,mutual_info,4,5,0.30095238095238097,0.918981612446959,48.161904761904765
seeds,210,7,mutual_info,4,10,0.4042857142857143,0.9211090708777084,48.161904761904765
seeds,210,7,mutual_info,4,20,0.5338095238095237,0.9281031967104391,48.161904761904765
seeds,210,7,mutual_info,4,30,0.6166666666666666,0.9354696772325952,48.161904761904765
seeds,210,7,mutual_info,4,50,0.7351428571428571,0.9467027792529651,48.161904761904765
seeds,210,7,mutual_info,5,3,0.226984126984127,0.9297870692992645,48.161904761904765
seeds,210,7,mutual_info,5,5,0.3028571428571429,0.9306789250353606,48.161904761904765
seeds,210,7,mutual_info,5,10,0.4219047619047619,0.9325400905863631,48.161904761904765
seeds,210,7,mutual_info,5,20,0.5519047619047619,0.9357938718662953,48.161904761904765
seeds,210,7,mutual_info,5,30,0.6373015873015873,0.9419973947025618,48.161904761904765
seeds,210,7,mutual_info,5,50,0.7526666666666667,0.9508585590369977,48.161904761904765
seeds,210,7,mutual_info,6,3,0.26666666666666666,0.9349825783972125,48.161904761904765
seeds,210,7,mutual_info,6,5,0.3771428571428572,0.9400612918434701,48.161904761904765
seeds,210,7,mutual_info,6,10,0.5019047619047619,0.939260619414861,48.161904761904765
seeds,210,7,mutual_info,6,20,0.6335714285714287,0.9443400981562542,48.161904761904765
seeds,210,7,mutual_info,6,30,0.7087301587301587,0.9514613788777923,48.161904761904765
seeds,210,7,mutual_info,6,50,0.805142857142857,0.9598144804390157,48.161904761904765
seeds,210,7,mutual_info,7,3,1.0,1.0,48.161904761904765
seeds,210,7,mutual_info,7,5,1.0,1.0,48.161904761904765
seeds,210,7,mutual_info,7,10,1.0,1.0,48.161904761904765
seeds,210,7,mutual_info,7,20,1.0,1.0,48.161904761904765
seeds,210,7,mutual_info,7,30,1.0,1.0,48.161904761904765
seeds,210,7,mutual_info,7,50,1.0,1.0,48.161904761904765
seeds,210,7,variance,1,3,0.073015873015873,0.805303910181959,48.161904761904765
seeds,210,7,variance,1,5,0.13238095238095238,0.8050730787364451,48.161904761904765
seeds,210,7,variance,1,10,0.22428571428571434,0.815235646958012,48.161904761904765
seeds,210,7,variance,1,20,0.3471428571428572,0.8332152805411859,48.161904761904765
seeds,210,7,variance,1,30,0.44095238095238093,0.8489284508129493,48.161904761904765
seeds,210,7,variance,1,50,0.5924761904761905,0.8740095592140202,48.161904761904765
seeds,210,7,variance,2,3,0.18095238095238095,0.9084630274874177,48.161904761904765
seeds,210,7,variance,2,5,0.25047619047619046,0.9097689768976898,48.161904761904765
seeds,210,7,variance,2,10,0.35714285714285715,0.9165552699228792,48.161904761904765
seeds,210,7,variance,2,20,0.4997619047619048,0.9211606313834726,48.161904761904765
seeds,210,7,variance,2,30,0.5717460317460318,0.9260249915569064,48.161904761904765
seeds,210,7,variance,2,50,0.6958095238095239,0.9348472295981589,48.161904761904765
seeds,210,7,variance,3,3,0.23174603174603173,0.9193650793650794,48.161904761904765
seeds,210,7,variance,3,5,0.2980952380952382,0.9183969825553984,48.161904761904765
seeds,210,7,variance,3,10,0.4085714285714286,0.92142000244828,48.161904761904765
seeds,210,7,variance,3,20,0.5428571428571428,0.9294707520891365,48.161904761904765
seeds,210,7,variance,3,30,0.6276190476190475,0.9369141699232885,48.161904761904765
seeds,210,7,variance,3,50,0.7470476190476191,0.9481444503451939,48.161904761904765
seeds,210,7,variance,4,3,0.21269841269841272,0.9293612078977933,48.161904761904765
seeds,210,7,variance,4,5,0.29428571428571426,0.9305987741631306,48.161904761904765
seeds,210,7,variance,4,10,0.42571428571428577,0.9341584037213857,48.161904761904765
seeds,210,7,variance,4,20,0.5561904761904761,0.9356851041252155,48.161904761904765
seeds,210,7,variance,4,30,0.6487301587301588,0.9436773290876634,48.161904761904765
seeds,210,7,variance,4,50,0.760952380952381,0.9524453885643477,48.161904761904765
seeds,210,7,variance,5,3,0.226984126984127,0.9297870692992645,48.161904761904765
seeds,210,7,variance,5,5,0.3028571428571429,0.9306789250353606,48.161904761904765
seeds,210,7,variance,5,10,0.4219047619047619,0.9325400905863631,48.161904761904765
seeds,210,7,variance,5,20,0.5519047619047619,0.9357938718662953,48.161904761904765
seeds,210,7,variance,5,30,0.6373015873015873,0.9419973947025618,48.161904761904765
seeds,210,7,variance,5,50,0.7526666666666667,0.9508585590369977,48.161904761904765
seeds,210,7,variance,6,3,0.26666666666666666,0.9349825783972125,48.161904761904765
seeds,210,7,variance,6,5,0.3771428571428572,0.9400612918434701,48.161904761904765
seeds,210,7,variance,6,10,0.5019047619047619,0.939260619414861,48.161904761904765
seeds,210,7,variance,6,20,0.6335714285714287,0.9443400981562542,48.161904761904765
seeds,210,7,variance,6,30,0.7087301587301587,0.9514613788777923,48.161904761904765
seeds,210,7,variance,6,50,0.805142857142857,0.9598144804390157,48.161904761904765
seeds,210,7,variance,7,3,1.0,1.0,48.161904761904765
seeds,210,7,variance,7,5,1.0,1.0,48.161904761904765
seeds,210,7,variance,7,10,1.0,1.0,48.161904761904765
seeds,210,7,variance,7,20,1.0,1.0,48.161904761904765
seeds,210,7,variance,7,30,1.0,1.0,48.161904761904765
seeds,210,7,variance,7,50,1.0,1.0,48.161904761904765
glass,214,9,pai,1,3,0.06853582554517133,0.6618447137384669,52.2803738317757
glass,214,9,pai,1,5,0.09439252336448598,0.6558343163052354,52.2803738317757
glass,214,9,pai,1,10,0.15467289719626173,0.6611925892794086,52.2803738317757
glass,214,9,pai,1,20,0.22803738317757008,0.6708128549237312,52.2803738317757
glass,214,9,pai,1,30,0.3003115264797508,0.689587435406787,52.2803738317757
glass,214,9,pai,1,50,0.40691588785046734,0.7235729950403185,52.2803738317757
glass,214,9,pai,2,3,0.0794392523364486,0.6822131795078179,52.2803738317757
glass,214,9,pai,2,5,0.12242990654205607,0.6948416659105344,52.2803738317757
glass,214,9,pai,2,10,0.19485981308411224,0.7029308599543304,52.2803738317757
glass,214,9,pai,2,20,0.2602803738317757,0.7083691970765744,52.2803738317757
glass,214,9,pai,2,30,0.3277258566978193,0.7215572626343862,52.2803738317757
glass,214,9,pai,2,50,0.4257009345794393,0.747517122709943,52.2803738317757
glass,214,9,pai,3,3,0.14018691588785046,0.7943254482851138,52.2803738317757
glass,214,9,pai,3,5,0.2233644859813084,0.7968741493512386,52.2803738317757
glass,214,9,pai,3,10,0.3177570093457944,0.8040066856564421,52.2803738317757
glass,214,9,pai,3,20,0.4100467289719626,0.807824237948509,52.2803738317757
glass,214,9,pai,3,30,0.4719626168224299,0.8184725033972101,52.2803738317757
glass,214,9,pai,3,50,0.5760747663551402,0.8315914841931239,52.2803738317757
glass,214,9,pai,4,3,0.2710280373831775,0.8698743460179761,52.2803738317757
glass,214,9,pai,4,5,0.35420560747663554,0.8767716178205245,52.2803738317757
glass,214,9,pai,4,10,0.4719626168224299,0.8823583417688741,52.2803738317757
glass,214,9,pai,4,20,0.5567757009345795,0.8901257989762917,52.2803738317757
glass,214,9,pai,4,30,0.6115264797507789,0.8881379590855727,52.2803738317757
glass,214,9,pai,4,50,0.6946728971962616,0.8923270015857485,52.2803738317757
glass,214,9,pai,5,3,0.3426791277258567,0.9301822951601604,52.2803738317757
glass,214,9,pai,5,5,0.4532710280373832,0.9352554214681064,52.2803738317757
glass,214,9,pai,5,10,0.5551401869158878,0.9326090538854492,52.2803738317757
glass,214,9,pai,5,20,0.6324766355140188,0.9287465940054496,52.2803738317757
glass,214,9,pai,5,30,0.6772585669781932,0.9276639211662369,52.2803738317757
glass,214,9,pai,5,50,0.7366355140186915,0.9224798407503627,52.2803738317757
glass,214,9,pai,6,3,0.4221183800623053,0.9671108527478425,52.2803738317757
glass,214,9,pai,6,5,0.5233644859813084,0.9658334089465566,52.2803738317757
glass,214,9,pai,6,10,0.6228971962616823,0.9599802255231997,52.2803738317757
glass,214,9,pai,6,20,0.7072429906542057,0.9574435305202578,52.2803738317757
glass,214,9,pai,6,30,0.7484423676012462,0.9538534069164425,52.2803738317757
glass,214,9,pai,6,50,0.7884112149532712,0.9486021795607139,52.2803738317757
glass,214,9,pai,7,3,0.5872274143302181,0.9849379182876478,52.2803738317757
glass,214,9,pai,7,5,0.6364485981308411,0.9847790581616913,52.2803738317757
glass,214,9,pai,7,10,0.7415887850467289,0.9841050872195674,52.2803738317757
glass,214,9,pai,7,20,0.7962616822429907,0.9801866612340523,52.2803738317757
glass,214,9,pai,7,30,0.8295950155763241,0.9756186620076356,52.2803738317757
glass,214,9,pai,7,50,0.860747663551402,0.9732980195013327,52.2803738317757
glass,214,9,pai,8,3,0.6090342679127727,0.9915112760661211,52.2803738317757
glass,214,9,pai,8,5,0.6766355140186916,0.9905453225660104,52.2803738317757
glass,214,9,pai,8,10,0.7682242990654204,0.9890463523152616,52.2803738317757
glass,214,9,pai,8,20,0.8140186915887851,0.9862232295194683,52.2803738317757
glass,214,9,pai,8,30,0.8439252336448599,0.983119332205552,52.2803738317757
glass,214,9,pai,8,50,0.87,0.9797671986234353,52.2803738317757
glass,214,9,pai,9,3,1.0,0.9999925472134031,52.2803738317757
glass,214,9,pai,9,5,1.0,1.0,52.2803738317757
glass,214,9,pai,9,10,1.0,1.0,52.2803738317757
glass,214,9,pai,9,20,1.0,1.0,52.2803738317757
glass,214,9,pai,9,30,1.0,1.0,52.2803738317757
glass,214,9,pai,9,50,1.0,1.0,52.2803738317757
glass,214,9,nrs,1,3,0.06853582554517133,0.6618447137384669,52.2803738317757
glass,214,9,nrs,1,5,0.09439252336448598,0.6558343163052354,52.2803738317757
glass,214,9,nrs,1,10,0.15467289719626173,0.6611925892794086,52.2803738317757
glass,214,9,nrs,1,20,0.22803738317757008,0.6708128549237312,52.2803738317757
glass,214,9,nrs,1,30,0.3003115264797508,0.689587435406787,52.2803738317757
glass,214,9,nrs,1,50,0.40691588785046734,0.7235729950403185,52.2803738317757
glass,214,9,nrs,2,3,0.15109034267912771,0.7846070145627451,52.2803738317757
glass,214,9,nrs,2,5,0.1878504672897196,0.7924235550313039,52.2803738317757
glass,214,9,nrs,2,10,0.26588785046728974,0.7940394077073377,52.2803738317757
glass,214,9,nrs,2,20,0.352803738317757,0.8029832692454608,52.2803738317757
glass,214,9,nrs,2,30,0.42663551401869165,0.8084934875250747,52.2803738317757
glass,214,9,nrs,2,50,0.5255140186915889,0.8233233239987854,52.2803738317757
glass,214,9,nrs,3,3,0.18380062305295947,0.8338773867549076,52.2803738317757
glass,214,9,nrs,3,5,0.2205607476635514,0.8451637782415389,52.2803738317757
glass,214,9,nrs,3,10,0.3261682242990654,0.8374043645095224,52.2803738317757
glass,214,9,nrs,3,20,0.4107476635514019,0.8339517176398686,52.2803738317757
glass,214,9,nrs,3,30,0.4613707165109034,0.8338926019394142,52.2803738317757
glass,214,9,nrs,3,50,0.5442056074766356,0.8406552177873747,52.2803738317757
glass,214,9,nrs,4,3,0.2554517133956386,0.8758216697223091,52.2803738317757
glass,214,9,nrs,4,5,0.31588785046728973,0.8690817530169677,52.2803738317757
glass,214,9,nrs,4,10,0.4079439252336449,0.8743167212034182,52.2803738317757
glass,214,9,nrs,4,20,0.4953271028037383,0.8706193180371286,52.2803738317757
glass,214,9,nrs,4,30,0.5319314641744548,0.8730876249110254,52.2803738317757
glass,214,9,nrs,4,50,0.6157943925233643,0.8807739802287526,52.2803738317757
glass,214,9,nrs,5,3,0.4797507788161994,0.9583091117768934,52.2803738317757
glass,214,9,nrs,5,5,0.5355140186915888,0.9584021413664822,52.2803738317757
glass,214,9,nrs,5,10,0.6612149532710281,0.9549377339391228,52.2803738317757
glass,214,9,nrs,5,20,0.7268691588785047,0.9535002164557285,52.2803738317757
glass,214,9,nrs,5,30,0.7442367601246107,0.9492415208408441,52.2803738317757
glass,214,9,nrs,5,50,0.8047663551401869,0.9451938324504875,52.2803738317757
glass,214,9,nrs,6,3,0.5171339563862928,0.9760169327311482,52.2803738317757
glass,214,9,nrs,6,5,0.5822429906542056,0.9724344433354505,52.2803738317757
glass,214,9,nrs,6,10,0.6967289719626168,0.968746910238,52.2803738317757
glass,214,9,nrs,6,20,0.7698598130841121,0.9641562046397922,52.2803738317757
glass,214,9,nrs,6,30,0.7901869158878506,0.9612634848442829,52.2803738317757
glass,214,9,nrs,6,50,0.8371028037383177,0.9614237997233375,52.2803738317757
glass,214,9,nrs,7,3,0.5685358255451713,0.9882693138964659,52.2803738317757
glass,214,9,nrs,7,5,0.6401869158878505,0.9829915615642864,52.2803738317757
glass,214,9,nrs,7,10,0.7355140186915887,0.9791190941406342,52.2803738317757
glass,214,9,nrs,7,20,0.7978971962616821,0.9745880974814739,52.2803738317757
glass,214,9,nrs,7,30,0.8149532710280375,0.9722445621527681,52.2803738317757
glass,214,9,nrs,7,50,0.8584112149532711,0.970475387158811,52.2803738317757
glass,214,9,nrs,8,3,0.5996884735202492,0.9929273055195338,52.2803738317757
glass,214,9,nrs,8,5,0.6785046728971963,0.9882678522820071,52.2803738317757
glass,214,9,nrs,8,10,0.7630841121495328,0.9831610913627911,52.2803738317757
glass,214,9,nrs,8,20,0.8205607476635512,0.982088925106318,52.2803738317757
glass,214,9,nrs,8,30,0.8322429906542057,0.9813694223356166,52.2803738317757
glass,214,9,nrs,8,50,0.873177570093458,0.9802908330240562,52.2803738317757
glass,214,9,nrs,9,3,1.0,0.9999925472134031,52.2803738317757
glass,214,9,nrs,9,5,1.0,1.0,52.2803738317757
glass,214,9,nrs,9,10,1.0,1.0,52.2803738317757
glass,214,9,nrs,9,20,1.0,1.0,52.2803738317757
glass,214,9,nrs,9,30,1.0,1.0,52.2803738317757
glass,214,9,nrs,9,50,1.0,1.0,52.2803738317757
glass,214,9,relieff,1,3,0.04361370716510903,0.6009107305221422,52.2803738317757
glass,214,9,relieff,1,5,0.07476635514018691,0.625360675074857,52.2803738317757
glass,214,9,relieff,1,10,0.11588785046728971,0.6453306339603098,52.2803738317757
glass,214,9,relieff,1,20,0.20210280373831777,0.6422661641498383,52.2803738317757
glass,214,9,relieff,1,30,0.2632398753894081,0.6620085600451113,52.2803738317757
glass,214,9,relieff,1,50,0.3857009345794392,0.7058510745976585,52.2803738317757
glass,214,9,relieff,2,3,0.11370716510903427,0.7617716764298171,52.2803738317757
glass,214,9,relieff,2,5,0.1542056074766355,0.7450730423736502,52.2803738317757
glass,214,9,relieff,2,10,0.2285046728971963,0.742884719508463,52.2803738317757
glass,214,9,relieff,2,20,0.31915887850467295,0.7597621533525173,52.2803738317757
glass,214,9,relieff,2,30,0.38161993769470415,0.764491527773926,52.2803738317757
glass,214,9,relieff,2,50,0.472429906542056,0.7819703768683154,52.2803738317757
glass,214,9,relieff,3,3,0.1557632398753894,0.8170639001922819,52.2803738317757
glass,214,9,relieff,3,5,0.22242990654205605,0.821350149714182,52.2803738317757
glass,214,9,relieff,3,10,0.31214953271028045,0.8203630028955484,52.2803738317757
glass,214,9,relieff,3,20,0.402570093457944,0.8205467417046526,52.2803738317757
glass,214,9,relieff,3,30,0.44735202492211834,0.814969910424582,52.2803738317757
glass,214,9,relieff,3,50,0.52196261682243,0.8210486183744391,52.2803738317757
glass,214,9,relieff,4,3,0.23676012461059184,0.8726691409918168,52.2803738317757
glass,214,9,relieff,4,5,0.3252336448598131,0.8766037564649306,52.2803738317757
glass,214,9,relieff,4,10,0.4060747663551402,0.8746651286518045,52.2803738317757
glass,214,9,relieff,4,20,0.49859813084112153,0.8727418574448038,52.2803738317757
glass,214,9,relieff,4,30,0.552803738317757,0.8724701184170387,52.2803738317757
glass,214,9,relieff,4,50,0.6129906542056075,0.8752150882283478,52.2803738317757
glass,214,9,relieff,5,3,0.24766355140186913,0.8835203982769158,52.2803738317757
glass,214,9,relieff,5,5,0.3392523364485981,0.8847155430541693,52.2803738317757
glass,214,9,relieff,5,10,0.4322429906542056,0.8842322088561407,52.2803738317757
glass,214,9,relieff,5,20,0.5114485981308412,0.8787415009294863,52.2803738317757
glass,214,9,relieff,5,30,0.5627725856697819,0.8825415753810884,52.2803738317757
glass,214,9,relieff,5,50,0.6233644859813084,0.8858139613347279,52.2803738317757
glass,214,9,relieff,6,3,0.29906542056074764,0.9079729911013728,52.2803738317757
glass,214,9,relieff,6,5,0.3794392523364486,0.9080573450685056,52.2803738317757
glass,214,9,relieff,6,10,0.48411214953271026,0.9027189905600415,52.2803738317757
glass,214,9,relieff,6,20,0.5668224299065421,0.9027629937100512,52.2803738317757
glass,214,9,relieff,6,30,0.6121495327102804,0.9028185288924633,52.2803738317757
glass,214,9,relieff,6,50,0.6669158878504672,0.9061756469516515,52.2803738317757
glass,214,9,relieff,7,3,0.4299065420560747,0.9177883110495014,52.2803738317757
glass,214,9,relieff,7,5,0.48878504672897194,0.9133154886126486,52.2803738317757
glass,214,9,relieff,7,10,0.5649532710280374,0.9128322229807669,52.2803738317757
glass,214,9,relieff,7,20,0.6334112149532711,0.917574931880109,52.2803738317757
glass,214,9,relieff,7,30,0.6658878504672897,0.9186111650350814,52.2803738317757
glass,214,9,relieff,7,50,0.7211214953271029,0.9271534127332232,52.2803738317757
glass,214,9,relieff,8,3,0.8613707165109035,0.9949768218336836,52.2803738317757
glass,214,9,relieff,8,5,0.8934579439252336,0.9946964885219127,52.2803738317757
glass,214,9,relieff,8,10,0.9294392523364488,0.9949316132677323,52.2803738317757
glass,214,9,relieff,8,20,0.9495327102803738,0.9960210344037281,52.2803738317757
glass,214,9,relieff,8,30,0.954361370716511,0.9951939876313819,52.2803738317757
glass,214,9,relieff,8,50,0.9656074766355139,0.9953217045109484,52.2803738317757
glass,214,9,relieff,9,3,1.0,0.9999925472134031,52.2803738317757
glass,214,9,relieff,9,5,1.0,1.0,52.2803738317757
glass,214,9,relieff,9,10,1.0,1.0,52.2803738317757
glass,214,9,relieff,9,20,1.0,1.0,52.2803738317757
glass,214,9,relieff,9,30,1.0,1.0,52.2803738317757
glass,214,9,relieff,9,50,1.0,1.0,52.2803738317757
glass,214,9,mutual_info,1,3,0.04361370716510903,0.6009107305221422,52.2803738317757
glass,214,9,mutual_info,1,5,0.07476635514018691,0.625360675074857,52.2803738317757
glass,214,9,mutual_info,1,10,0.11588785046728971,0.6453306339603098,52.2803738317757
glass,214,9,mutual_info,1,20,0.20210280373831777,0.6422661641498383,52.2803738317757
glass,214,9,mutual_info,1,30,0.2632398753894081,0.6620085600451113,52.2803738317757
glass,214,9,mutual_info,1,50,0.3857009345794392,0.7058510745976585,52.2803738317757
glass,214,9,mutual_info,2,3,0.11370716510903427,0.7617716764298171,52.2803738317757
glass,214,9,mutual_info,2,5,0.1542056074766355,0.7450730423736502,52.2803738317757
glass,214,9,mutual_info,2,10,0.2285046728971963,0.742884719508463,52.2803738317757
glass,214,9,mutual_info,2,20,0.31915887850467295,0.7597621533525173,52.2803738317757
glass,214,9,mutual_info,2,30,0.38161993769470415,0.764491527773926,52.2803738317757
glass,214,9,mutual_info,2,50,0.472429906542056,0.7819703768683154,52.2803738317757
glass,214,9,mutual_info,3,3,0.17601246105919002,0.8253364933148504,52.2803738317757
glass,214,9,mutual_info,3,5,0.2252336448598131,0.8336675437800563,52.2803738317757
glass,214,9,mutual_info,3,10,0.31261682242990657,0.8306151274747522,52.2803738317757
glass,214,9,mutual_info,3,20,0.41962616822429905,0.8383381293131987,52.2803738317757
glass,214,9,mutual_info,3,30,0.48224299065420556,0.8343945570685081,52.2803738317757
glass,214,9,mutual_info,3,50,0.5631775700934578,0.8439292823644522,52.2803738317757
glass,214,9,mutual_info,4,3,0.20093457943925233,0.8521516194905275,52.2803738317757
glass,214,9,mutual_info,4,5,0.2635514018691589,0.8520097994737319,52.2803738317757
glass,214,9,mutual_info,4,10,0.33831775700934574,0.8469902775489065,52.2803738317757
glass,214,9,mutual_info,4,20,0.44906542056074766,0.8567865237210013,52.2803738317757
glass,214,9,mutual_info,4,30,0.5074766355140187,0.8540669458387642,52.2803738317757
glass,214,9,mutual_info,4,50,0.5800000000000001,0.8596018759067445,52.2803738317757
glass,214,9,mutual_info,5,3,0.29439252336448607,0.9000134150158744,52.2803738317757
glass,214,9,mutual_info,5,5,0.3710280373831776,0.8998502858179839,52.2803738317757
glass,214,9,mutual_info,5,10,0.4532710280373832,0.8898255608653688,52.2803738317757
glass,214,9,mutual_info,5,20,0.5488317757009346,0.8993251674348723,52.2803738317757
glass,214,9,mutual_info,5,30,0.6020249221183801,0.8993501391238433,52.2803738317757
glass,214,9,mutual_info,5,50,0.6536448598130841,0.8977954721819225,52.2803738317757
glass,214,9,mutual_info,6,3,0.3115264797507788,0.9106708998494537,52.2803738317757
glass,214,9,mutual_info,6,5,0.3859813084112149,0.9090009980945468,52.2803738317757
glass,214,9,mutual_info,6,10,0.47897196261682246,0.8991666470491302,52.2803738317757
glass,214,9,mutual_info,6,20,0.564018691588785,0.9027056966054648,52.2803738317757
glass,214,9,mutual_info,6,30,0.6133956386292836,0.9046830657163722,52.2803738317757
glass,214,9,mutual_info,6,50,0.6685981308411215,0.9060859003340194,52.2803738317757
glass,214,9,mutual_info,7,3,0.3302180685358255,0.9177137831835324,52.2803738317757
glass,214,9,mutual_info,7,5,0.40560747663551405,0.9136875056709918,52.2803738317757
glass,214,9,mutual_info,7,10,0.5093457943925234,0.9060029661715201,52.2803738317757
glass,214,9,mutual_info,7,20,0.580607476635514,0.9094476559117879,52.2803738317757
glass,214,9,mutual_info,7,30,0.6224299065420561,0.9097839651681966,52.2803738317757
glass,214,9,mutual_info,7,50,0.6763551401869159,0.9132771011167719,52.2803738317757
glass,214,9,mutual_info,8,3,0.6090342679127727,0.9915112760661211,52.2803738317757
glass,214,9,mutual_info,8,5,0.6766355140186916,0.9905453225660104,52.2803738317757
glass,214,9,mutual_info,8,10,0.7682242990654204,0.9890463523152616,52.2803738317757
glass,214,9,mutual_info,8,20,0.8140186915887851,0.9862232295194683,52.2803738317757
glass,214,9,mutual_info,8,30,0.8439252336448599,0.983119332205552,52.2803738317757
glass,214,9,mutual_info,8,50,0.87,0.9797671986234353,52.2803738317757
glass,214,9,mutual_info,9,3,1.0,0.9999925472134031,52.2803738317757
glass,214,9,mutual_info,9,5,1.0,1.0,52.2803738317757
glass,214,9,mutual_info,9,10,1.0,1.0,52.2803738317757
glass,214,9,mutual_info,9,20,1.0,1.0,52.2803738317757
glass,214,9,mutual_info,9,30,1.0,1.0,52.2803738317757
glass,214,9,mutual_info,9,50,1.0,1.0,52.2803738317757
glass,214,9,variance,1,3,0.04361370716510903,0.6009107305221422,52.2803738317757
glass,214,9,variance,1,5,0.07476635514018691,0.625360675074857,52.2803738317757
glass,214,9,variance,1,10,0.11588785046728971,0.6453306339603098,52.2803738317757
glass,214,9,variance,1,20,0.20210280373831777,0.6422661641498383,52.2803738317757
glass,214,9,variance,1,30,0.2632398753894081,0.6620085600451113,52.2803738317757
glass,214,9,variance,1,50,0.3857009345794392,0.7058510745976585,52.2803738317757
glass,214,9,variance,2,3,0.07788161993769471,0.6889654041646172,52.2803738317757
glass,214,9,variance,2,5,0.12990654205607474,0.6983486072044278,52.2803738317757
glass,214,9,variance,2,10,0.19345794392523366,0.7094611455071917,52.2803738317757
glass,214,9,variance,2,20,0.2551401869158878,0.7139448419873182,52.2803738317757
glass,214,9,variance,2,30,0.2968847352024922,0.7132865581408248,52.2803738317757
glass,214,9,variance,2,50,0.41981308411214957,0.7427990148115658,52.2803738317757
glass,214,9,variance,3,3,0.14641744548286603,0.7998777742998107,52.2803738317757
glass,214,9,variance,3,5,0.1925233644859813,0.7978132655838853,52.2803738317757
glass,214,9,variance,3,10,0.26308411214953276,0.7978177452388239,52.2803738317757
glass,214,9,variance,3,20,0.3602803738317757,0.7999121444396343,52.2803738317757
glass,214,9,variance,3,30,0.4166666666666667,0.804407591262468,52.2803738317757
glass,214,9,variance,3,50,0.5302803738317757,0.8154472148183137,52.2803738317757
glass,214,9,variance,4,3,0.19003115264797507,0.8346003070548078,52.2803738317757
glass,214,9,variance,4,5,0.24485981308411214,0.8413664821704019,52.2803738317757
glass,214,9,variance,4,10,0.32383177570093463,0.8423126721438828,52.2803738317757
glass,214,9,variance,4,20,0.43271028037383175,0.8441124041865085,52.2803738317757
glass,214,9,variance,4,30,0.4917445482866044,0.8498802887859711,52.2803738317757
glass,214,9,variance,4,50,0.5816822429906542,0.855783933331084,52.2803738317757
glass,214,9,variance,5,3,0.24454828660436134,0.8687191640954552,52.2803738317757
glass,214,9,variance,5,5,0.29626168224299065,0.8682197622720261,52.2803738317757
glass,214,9,variance,5,10,0.36682242990654207,0.8653923114950917,52.2803738317757
glass,214,9,variance,5,20,0.4602803738317757,0.8645407318750159,52.2803738317757
glass,214,9,variance,5,30,0.5137071651090342,0.8675226711777919,52.2803738317757
glass,214,9,variance,5,50,0.5977570093457943,0.8711602955565303,52.2803738317757
glass,214,9,variance,6,3,0.3271028037383177,0.9094039261279793,52.2803738317757
glass,214,9,variance,6,5,0.37943925233644865,0.9057027492967971,52.2803738317757
glass,214,9,variance,6,10,0.4607476635514019,0.9016408107535488,52.2803738317757
glass,214,9,variance,6,20,0.5490654205607476,0.9017736637041942,52.2803738317757
glass,214,9,variance,6,30,0.594392523364486,0.9011924900856929,52.2803738317757
glass,214,9,variance,6,50,0.6657943925233646,0.9087114949897095,52.2803738317757
glass,214,9,variance,7,3,0.4330218068535826,0.9195099047533872,52.2803738317757
glass,214,9,variance,7,5,0.48691588785046724,0.9164867071953543,52.2803738317757
glass,214,9,variance,7,10,0.5518691588785046,0.9126792061960027,52.2803738317757
glass,214,9,variance,7,20,0.6266355140186916,0.9180345819857904,52.2803738317757
glass,214,9,variance,7,30,0.6598130841121496,0.9202917440860812,52.2803738317757
glass,214,9,variance,7,50,0.7099065420560748,0.9241290191976788,52.2803738317757
glass,214,9,variance,8,3,0.4766355140186916,0.9213656486160176,52.2803738317757
glass,214,9,variance,8,5,0.5336448598130841,0.9187596406859632,52.2803738317757
glass,214,9,variance,8,10,0.588785046728972,0.9162856941076767,52.2803738317757
glass,214,9,variance,8,20,0.6509345794392524,0.9202475234918128,52.2803738317757
glass,214,9,variance,8,30,0.6805295950155763,0.9223393142719802,52.2803738317757
glass,214,9,variance,8,50,0.7305607476635515,0.930189277640946,52.2803738317757
glass,214,9,variance,9,3,1.0,0.9999925472134031,52.2803738317757
glass,214,9,variance,9,5,1.0,1.0,52.2803738317757
glass,214,9,variance,9,10,1.0,1.0,52.2803738317757
glass,214,9,variance,9,20,1.0,1.0,52.2803738317757
glass,214,9,variance,9,30,1.0,1.0,52.2803738317757
glass,214,9,variance,9,50,1.0,1.0,52.2803738317757
ecoli,336,7,pai,1,3,0.0376984126984127,0.669301179686376,77.13690476190476
ecoli,336,7,pai,1,5,0.054761904761904755,0.6658209930313589,77.13690476190476
ecoli,336,7,pai,1,10,0.09077380952380952,0.6389504865908922,77.13690476190476
ecoli,336,7,pai,1,20,0.14672619047619048,0.6476351219702283,77.13690476190476
ecoli,336,7,pai,1,30,0.19246031746031747,0.6575055323334154,77.13690476190476
ecoli,336,7,pai,1,50,0.2761904761904762,0.6726019102458642,77.13690476190476
ecoli,336,7,pai,2,3,0.08829365079365079,0.8141244665036206,77.13690476190476
ecoli,336,7,pai,2,5,0.14821428571428572,0.8143655632984901,77.13690476190476
ecoli,336,7,pai,2,10,0.22678571428571428,0.8188878983730778,77.13690476190476
ecoli,336,7,pai,2,20,0.3209821428571428,0.8268178629880758,77.13690476190476
ecoli,336,7,pai,2,30,0.396031746031746,0.8321257820397235,77.13690476190476
ecoli,336,7,pai,2,50,0.5031547619047619,0.8395299789781556,77.13690476190476
ecoli,336,7,pai,3,3,0.24107142857142858,0.9292757636790869,77.13690476190476
ecoli,336,7,pai,3,5,0.33452380952380956,0.9217025987224158,77.13690476190476
ecoli,336,7,pai,3,10,0.45625000000000004,0.9182945174949855,77.13690476190476
ecoli,336,7,pai,3,20,0.5620535714285714,0.9204003000545553,77.13690476190476
ecoli,336,7,pai,3,30,0.6242063492063491,0.9184697975575773,77.13690476190476
ecoli,336,7,pai,3,50,0.6988095238095239,0.9169858788044969,77.13690476190476
ecoli,336,7,pai,4,3,0.6299603174603174,0.9595022298949791,77.13690476190476
ecoli,336,7,pai,4,5,0.6803571428571429,0.9570974883855982,77.13690476190476
ecoli,336,7,pai,4,10,0.7497023809523808,0.9584559096649581,77.13690476190476
ecoli,336,7,pai,4,20,0.7950892857142856,0.9544876665887304,77.13690476190476
ecoli,336,7,pai,4,30,0.8180555555555555,0.9519759309346228,77.13690476190476
ecoli,336,7,pai,4,50,0.8377380952380953,0.9438554519696554,77.13690476190476
ecoli,336,7,pai,5,3,0.9384920634920635,0.9703969452836523,77.13690476190476
ecoli,336,7,pai,5,5,0.9416666666666668,0.9727025261324042,77.13690476190476
ecoli,336,7,pai,5,10,0.9517857142857143,0.9753110838719263,77.13690476190476
ecoli,336,7,pai,5,20,0.9627976190476191,0.9741529304029304,77.13690476190476
ecoli,336,7,pai,5,30,0.9653769841269841,0.9715214599896184,77.13690476190476
ecoli,336,7,pai,5,50,0.9703571428571429,0.9722486518599762,77.13690476190476
ecoli,336,7,pai,6,3,0.9950396825396827,0.9970148180117968,77.13690476190476
ecoli,336,7,pai,6,5,0.9964285714285714,0.9970056620209059,77.13690476190476
ecoli,336,7,pai,6,10,0.9973214285714287,0.9972838199242255,77.13690476190476
ecoli,336,7,pai,6,20,0.9986607142857143,0.9986190671031097,77.13690476190476
ecoli,336,7,pai,6,30,0.9991071428571429,0.9990625768379641,77.13690476190476
ecoli,336,7,pai,6,50,0.9994642857142859,0.9994139018371264,77.13690476190476
ecoli,336,7,pai,7,3,1.0,1.0,77.13690476190476
ecoli,336,7,pai,7,5,1.0,1.0,77.13690476190476
ecoli,336,7,pai,7,10,1.0,1.0,77.13690476190476
ecoli,336,7,pai,7,20,1.0,1.0,77.13690476190476
ecoli,336,7,pai,7,30,1.0,1.0,77.13690476190476
ecoli,336,7,pai,7,50,1.0,1.0,77.13690476190476
ecoli,336,7,nrs,1,3,0.0376984126984127,0.669301179686376,77.13690476190476
ecoli,336,7,nrs,1,5,0.054761904761904755,0.6658209930313589,77.13690476190476
ecoli,336,7,nrs,1,10,0.09077380952380952,0.6389504865908922,77.13690476190476
ecoli,336,7,nrs,1,20,0.14672619047619048,0.6476351219702283,77.13690476190476
ecoli,336,7,nrs,1,30,0.19246031746031747,0.6575055323334154,77.13690476190476
ecoli,336,7,nrs,1,50,0.2761904761904762,0.6726019102458642,77.13690476190476
ecoli,336,7,nrs,2,3,0.10019841269841269,0.7915287968158059,77.13690476190476
ecoli,336,7,nrs,2,5,0.15,0.7876106997677119,77.13690476190476
ecoli,336,7,nrs,2,10,0.2264880952380952,0.7825811603892727,77.13690476190476
ecoli,336,7,nrs,2,20,0.32857142857142857,0.7908683072246901,77.13690476190476
ecoli,336,7,nrs,2,30,0.389781746031746,0.7894605633418026,77.13690476190476
ecoli,336,7,nrs,2,50,0.4694047619047619,0.7964617036833928,77.13690476190476
ecoli,336,7,nrs,3,3,0.24107142857142858,0.9292757636790869,77.13690476190476
ecoli,336,7,nrs,3,5,0.33452380952380956,0.9217025987224158,77.13690476190476
ecoli,336,7,nrs,3,10,0.45625000000000004,0.9182945174949855,77.13690476190476
ecoli,336,7,nrs,3,20,0.5620535714285714,0.9204003000545553,77.13690476190476
ecoli,336,7,nrs,3,30,0.6242063492063491,0.9184697975575773,77.13690476190476
ecoli,336,7,nrs,3,50,0.6988095238095239,0.9169858788044969,77.13690476190476
ecoli,336,7,nrs,4,3,0.6299603174603174,0.9595022298949791,77.13690476190476
ecoli,336,7,nrs,4,5,0.6803571428571429,0.9570974883855982,77.13690476190476
ecoli,336,7,nrs,4,10,0.7497023809523808,0.9584559096649581,77.13690476190476
ecoli,336,7,nrs,4,20,0.7950892857142856,0.9544876665887304,77.13690476190476
ecoli,336,7,nrs,4,30,0.8180555555555555,0.9519759309346228,77.13690476190476
ecoli,336,7,nrs,4,50,0.8377380952380953,0.9438554519696554,77.13690476190476
ecoli,336,7,nrs,5,3,0.6626984126984127,0.9852359372752122,77.13690476190476
ecoli,336,7,nrs,5,5,0.7202380952380951,0.9850519018583043,77.13690476190476
ecoli,336,7,nrs,5,10,0.7872023809523809,0.9841356511403313,77.13690476190476
ecoli,336,7,nrs,5,20,0.8217261904761906,0.9831219312602292,77.13690476190476
ecoli,336,7,nrs,5,30,0.8435515873015873,0.9821722263202469,77.13690476190476
ecoli,336,7,nrs,5,50,0.8627976190476192,0.9799060871949548,77.13690476190476
ecoli,336,7,nrs,6,3,0.6626984126984127,0.9862220064259339,77.13690476190476
ecoli,336,7,nrs,6,5,0.7214285714285713,0.9868485046457608,77.13690476190476
ecoli,336,7,nrs,6,10,0.7877976190476191,0.986729254884481,77.13690476190476
ecoli,336,7,nrs,6,20,0.8218750000000001,0.9843986244252202,77.13690476190476
ecoli,336,7,nrs,6,30,0.8442460317460319,0.9830246154686775,77.13690476190476
ecoli,336,7,nrs,6,50,0.863154761904762,0.980403985010511,77.13690476190476
ecoli,336,7,nrs,7,3,1.0,1.0,77.13690476190476
ecoli,336,7,nrs,7,5,1.0,1.0,77.13690476190476
ecoli,336,7,nrs,7,10,1.0,1.0,77.13690476190476
ecoli,336,7,nrs,7,20,1.0,1.0,77.13690476190476
ecoli,336,7,nrs,7,30,1.0,1.0,77.13690476190476
ecoli,336,7,nrs,7,50,1.0,1.0,77.13690476190476
ecoli,336,7,relieff,1,3,0.040674603174603176,0.7173098594926389,77.13690476190476
ecoli,336,7,relieff,1,5,0.06011904761904763,0.7178916231126597,77.13690476190476
ecoli,336,7,relieff,1,10,0.10803571428571428,0.7249628556570834,77.13690476190476
ecoli,336,7,relieff,1,20,0.19047619047619047,0.7415039747486556,77.13690476190476
ecoli,336,7,relieff,1,30,0.2688492063492064,0.7544180121847937,77.13690476190476
ecoli,336,7,relieff,1,50,0.38904761904761903,0.7756745270085001,77.13690476190476
ecoli,336,7,relieff,2,3,0.06944444444444445,0.7865385076487795,77.13690476190476
ecoli,336,7,relieff,2,5,0.1,0.7992123983739837,77.13690476190476
ecoli,336,7,relieff,2,10,0.15416666666666667,0.8039047990491048,77.13690476190476
ecoli,336,7,relieff,2,20,0.24047619047619045,0.8047891824487569,77.13690476190476
ecoli,336,7,relieff,2,30,0.32013888888888886,0.8137560445865093,77.13690476190476
ecoli,336,7,relieff,2,50,0.45232142857142865,0.8332188556804679,77.13690476190476
ecoli,336,7,relieff,3,3,0.14384920634920634,0.8647077159161751,77.13690476190476
ecoli,336,7,relieff,3,5,0.19583333333333333,0.865418118466899,77.13690476190476
ecoli,336,7,relieff,3,10,0.28452380952380957,0.868093938043236,77.13690476190476
ecoli,336,7,relieff,3,20,0.41175595238095236,0.8745718377367313,77.13690476190476
ecoli,336,7,relieff,3,30,0.501984126984127,0.8837868480725624,77.13690476190476
ecoli,336,7,relieff,3,50,0.6141666666666667,0.8927762544557171,77.13690476190476
ecoli,336,7,relieff,4,3,0.26686507936507936,0.9130221071308684,77.13690476190476
ecoli,336,7,relieff,4,5,0.3410714285714286,0.9109356852497097,77.13690476190476
ecoli,336,7,relieff,4,10,0.45982142857142855,0.9161596463858555,77.13690476190476
ecoli,336,7,relieff,4,20,0.5776785714285715,0.9213691450393577,77.13690476190476
ecoli,336,7,relieff,4,30,0.6528769841269841,0.9278658853099473,77.13690476190476
ecoli,336,7,relieff,4,50,0.7380357142857144,0.9306194589160041,77.13690476190476
ecoli,336,7,relieff,5,3,0.9384920634920635,0.9703969452836523,77.13690476190476
ecoli,336,7,relieff,5,5,0.9416666666666668,0.9727025261324042,77.13690476190476
ecoli,336,7,relieff,5,10,0.9517857142857143,0.9753110838719263,77.13690476190476
ecoli,336,7,relieff,5,20,0.9627976190476191,0.9741529304029304,77.13690476190476
ecoli,336,7,relieff,5,30,0.9653769841269841,0.9715214599896184,77.13690476190476
ecoli,336,7,relieff,5,50,0.9703571428571429,0.9722486518599762,77.13690476190476
ecoli,336,7,relieff,6,3,0.9950396825396827,0.9970148180117968,77.13690476190476
ecoli,336,7,relieff,6,5,0.9964285714285714,0.9970056620209059,77.13690476190476
ecoli,336,7,relieff,6,10,0.9973214285714287,0.9972838199242255,77.13690476190476
ecoli,336,7,relieff,6,20,0.9986607142857143,0.9986190671031097,77.13690476190476
ecoli,336,7,relieff,6,30,0.9991071428571429,0.9990625768379641,77.13690476190476
ecoli,336,7,relieff,6,50,0.9994642857142859,0.9994139018371264,77.13690476190476
ecoli,336,7,relieff,7,3,1.0,1.0,77.13690476190476
ecoli,336,7,relieff,7,5,1.0,1.0,77.13690476190476
ecoli,336,7,relieff,7,10,1.0,1.0,77.13690476190476
ecoli,336,7,relieff,7,20,1.0,1.0,77.13690476190476
ecoli,336,7,relieff,7,30,1.0,1.0,77.13690476190476
ecoli,336,7,relieff,7,50,1.0,1.0,77.13690476190476
ecoli,336,7,mutual_info,1,3,0.040674603174603176,0.7173098594926389,77.13690476190476
ecoli,336,7,mutual_info,1,5,0.06011904761904763,0.7178916231126597,77.13690476190476
ecoli,336,7,mutual_info,1,10,0.10803571428571428,0.7249628556570834,77.13690476190476
ecoli,336,7,mutual_info,1,20,0.19047619047619047,0.7415039747486556,77.13690476190476
ecoli,336,7,mutual_info,1,30,0.2688492063492064,0.7544180121847937,77.13690476190476
ecoli,336,7,mutual_info,1,50,0.38904761904761903,0.7756745270085001,77.13690476190476
ecoli,336,7,mutual_info,2,3,0.06944444444444445,0.7865385076487795,77.13690476190476
ecoli,336,7,mutual_info,2,5,0.1,0.7992123983739837,77.13690476190476
ecoli,336,7,mutual_info,2,10,0.15416666666666667,0.8039047990491048,77.13690476190476
ecoli,336,7,mutual_info,2,20,0.24047619047619045,0.8047891824487569,77.13690476190476
ecoli,336,7,mutual_info,2,30,0.32013888888888886,0.8137560445865093,77.13690476190476
ecoli,336,7,mutual_info,2,50,0.45232142857142865,0.8332188556804679,77.13690476190476
ecoli,336,7,mutual_info,3,3,0.14384920634920634,0.8647077159161751,77.13690476190476
ecoli,336,7,mutual_info,3,5,0.19583333333333333,0.865418118466899,77.13690476190476
ecoli,336,7,mutual_info,3,10,0.28452380952380957,0.868093938043236,77.13690476190476
ecoli,336,7,mutual_info,3,20,0.41175595238095236,0.8745718377367313,77.13690476190476
ecoli,336,7,mutual_info,3,30,0.501984126984127,0.8837868480725624,77.13690476190476
ecoli,336,7,mutual_info,3,50,0.6141666666666667,0.8927762544557171,77.13690476190476
ecoli,336,7,mutual_info,4,3,0.26686507936507936,0.9130221071308684,77.13690476190476
ecoli,336,7,mutual_info,4,5,0.3410714285714286,0.9109356852497097,77.13690476190476
ecoli,336,7,mutual_info,4,10,0.45982142857142855,0.9161596463858555,77.13690476190476
ecoli,336,7,mutual_info,4,20,0.5776785714285715,0.9213691450393577,77.13690476190476
ecoli,336,7,mutual_info,4,30,0.6528769841269841,0.9278658853099473,77.13690476190476
ecoli,336,7,mutual_info,4,50,0.7380357142857144,0.9306194589160041,77.13690476190476
ecoli,336,7,mutual_info,5,3,0.9384920634920635,0.9703969452836523,77.13690476190476
ecoli,336,7,mutual_info,5,5,0.9416666666666668,0.9727025261324042,77.13690476190476
ecoli,336,7,mutual_info,5,10,0.9517857142857143,0.9753110838719263,77.13690476190476
ecoli,336,7,mutual_info,5,20,0.9627976190476191,0.9741529304029304,77.13690476190476
ecoli,336,7,mutual_info,5,30,0.9653769841269841,0.9715214599896184,77.13690476190476
ecoli,336,7,mutual_info,5,50,0.9703571428571429,0.9722486518599762,77.13690476190476
ecoli,336,7,mutual_info,6,3,0.9950396825396827,0.9970148180117968,77.13690476190476
ecoli,336,7,mutual_info,6,5,0.9964285714285714,0.9970056620209059,77.13690476190476
ecoli,336,7,mutual_info,6,10,0.9973214285714287,0.9972838199242255,77.13690476190476
ecoli,336,7,mutual_info,6,20,0.9986607142857143,0.9986190671031097,77.13690476190476
ecoli,336,7,mutual_info,6,30,0.9991071428571429,0.9990625768379641,77.13690476190476
ecoli,336,7,mutual_info,6,50,0.9994642857142859,0.9994139018371264,77.13690476190476
ecoli,336,7,mutual_info,7,3,1.0,1.0,77.13690476190476
ecoli,336,7,mutual_info,7,5,1.0,1.0,77.13690476190476
ecoli,336,7,mutual_info,7,10,1.0,1.0,77.13690476190476
ecoli,336,7,mutual_info,7,20,1.0,1.0,77.13690476190476
ecoli,336,7,mutual_info,7,30,1.0,1.0,77.13690476190476
ecoli,336,7,mutual_info,7,50,1.0,1.0,77.13690476190476
ecoli,336,7,variance,1,3,0.03373015873015873,0.7005856471490912,77.13690476190476
ecoli,336,7,variance,1,5,0.05297619047619049,0.698477424506388,77.13690476190476
ecoli,336,7,variance,1,10,0.09732142857142859,0.7061390312755367,77.13690476190476
ecoli,336,7,variance,1,20,0.18020833333333336,0.7170110474631751,77.13690476190476
ecoli,336,7,variance,1,30,0.24871031746031744,0.727579365079365,77.13690476190476
ecoli,336,7,variance,1,50,0.3593452380952381,0.7517925692349876,77.13690476190476
ecoli,336,7,variance,2,3,0.06944444444444445,0.7865385076487795,77.13690476190476
ecoli,336,7,variance,2,5,0.1,0.7992123983739837,77.13690476190476
ecoli,336,7,variance,2,10,0.15416666666666667,0.8039047990491048,77.13690476190476
ecoli,336,7,variance,2,20,0.24047619047619045,0.8047891824487569,77.13690476190476
ecoli,336,7,variance,2,30,0.32013888888888886,0.8137560445865093,77.13690476190476
ecoli,336,7,variance,2,50,0.45232142857142865,0.8332188556804679,77.13690476190476
ecoli,336,7,variance,3,3,0.14384920634920634,0.8647077159161751,77.13690476190476
ecoli,336,7,variance,3,5,0.19583333333333333,0.865418118466899,77.13690476190476
ecoli,336,7,variance,3,10,0.28452380952380957,0.868093938043236,77.13690476190476
ecoli,336,7,variance,3,20,0.41175595238095236,0.8745718377367313,77.13690476190476
ecoli,336,7,variance,3,30,0.501984126984127,0.8837868480725624,77.13690476190476
ecoli,336,7,variance,3,50,0.6141666666666667,0.8927762544557171,77.13690476190476
ecoli,336,7,variance,4,3,0.29563492063492064,0.941468253968254,77.13690476190476
ecoli,336,7,variance,4,5,0.38511904761904764,0.939017131242741,77.13690476190476
ecoli,336,7,variance,4,10,0.5119047619047619,0.9374498551370626,77.13690476190476
ecoli,336,7,variance,4,20,0.6197916666666666,0.9352203647416413,77.13690476190476
ecoli,336,7,variance,4,30,0.6790674603174602,0.9350357211157555,77.13690476190476
ecoli,336,7,variance,4,50,0.7604166666666667,0.9393474088291747,77.13690476190476
ecoli,336,7,variance,5,3,0.9384920634920635,0.9703969452836523,77.13690476190476
ecoli,336,7,variance,5,5,0.9416666666666668,0.9727025261324042,77.13690476190476
ecoli,336,7,variance,5,10,0.9517857142857143,0.9753110838719263,77.13690476190476
ecoli,336,7,variance,5,20,0.9627976190476191,0.9741529304029304,77.13690476190476
ecoli,336,7,variance,5,30,0.9653769841269841,0.9715214599896184,77.13690476190476
ecoli,336,7,variance,5,50,0.9703571428571429,0.9722486518599762,77.13690476190476
ecoli,336,7,variance,6,3,0.9404761904761905,0.9733581499064883,77.13690476190476
ecoli,336,7,variance,6,5,0.944047619047619,0.9750834785133565,77.13690476190476
ecoli,336,7,variance,6,10,0.9544642857142857,0.9780198350791175,77.13690476190476
ecoli,336,7,variance,6,20,0.9656250000000002,0.9772182604629414,77.13690476190476
ecoli,336,7,variance,6,30,0.9682539682539684,0.9747476299756851,77.13690476190476
ecoli,336,7,variance,6,50,0.9736904761904761,0.9760853669682844,77.13690476190476
ecoli,336,7,variance,7,3,1.0,1.0,77.13690476190476
ecoli,336,7,variance,7,5,1.0,1.0,77.13690476190476
ecoli,336,7,variance,7,10,1.0,1.0,77.13690476190476
ecoli,336,7,variance,7,20,1.0,1.0,77.13690476190476
ecoli,336,7,variance,7,30,1.0,1.0,77.13690476190476
ecoli,336,7,variance,7,50,1.0,1.0,77.13690476190476
parkinsons,195,22,pai,1,3,0.06666666666666665,0.6251641925326136,4.205128205128205
parkinsons,195,22,pai,1,5,0.09641025641025641,0.622695735636912,4.205128205128205
parkinsons,195,22,pai,1,10,0.1641025641025641,0.6279180058567245,4.205128205128205
parkinsons,195,22,pai,1,20,0.2323076923076923,0.6236224768139662,4.205128205128205
parkinsons,195,22,pai,1,30,0.272991452991453,0.6216104965268845,4.205128205128205
parkinsons,195,22,pai,1,50,0.3452307692307692,0.6202373135929621,4.205128205128205
parkinsons,195,22,pai,2,3,0.11452991452991453,0.7326225820962663,4.205128205128205
parkinsons,195,22,pai,2,5,0.14461538461538462,0.7243713149595503,4.205128205128205
parkinsons,195,22,pai,2,10,0.1958974358974359,0.6999814298978644,4.205128205128205
parkinsons,195,22,pai,2,20,0.2528205128205128,0.6956605097030628,4.205128205128205
parkinsons,195,22,pai,2,30,0.31316239316239314,0.7028213703798988,4.205128205128205
parkinsons,195,22,pai,2,50,0.40307692307692317,0.7037056109859456,4.205128205128205
parkinsons,195,22,pai,3,3,0.15897435897435896,0.8290508322087269,4.205128205128205
parkinsons,195,22,pai,3,5,0.2153846153846154,0.7951624845742493,4.205128205128205
parkinsons,195,22,pai,3,10,0.2794871794871795,0.7733647596600243,4.205128205128205
parkinsons,195,22,pai,3,20,0.34282051282051285,0.7644735406437534,4.205128205128205
parkinsons,195,22,pai,3,30,0.394017094017094,0.754228053626047,4.205128205128205
parkinsons,195,22,pai,3,50,0.4697435897435897,0.7491814183027572,4.205128205128205
parkinsons,195,22,pai,4,3,0.1965811965811966,0.8267116509221772,4.205128205128205
parkinsons,195,22,pai,4,5,0.2471794871794872,0.8133991498697382,4.205128205128205
parkinsons,195,22,pai,4,10,0.3117948717948718,0.7952003428326548,4.205128205128205
parkinsons,195,22,pai,4,20,0.3733333333333334,0.7723154859325072,4.205128205128205
parkinsons,195,22,pai,4,30,0.41692307692307684,0.7611719978275162,4.205128205128205
parkinsons,195,22,pai,4,50,0.49723076923076925,0.7617131209097736,4.205128205128205
parkinsons,195,22,pai,5,3,0.24786324786324784,0.8571479982006298,4.205128205128205
parkinsons,195,22,pai,5,5,0.30153846153846153,0.8375593034416564,4.205128205128205
parkinsons,195,22,pai,5,10,0.3641025641025641,0.8125705306763803,4.205128205128205
parkinsons,195,22,pai,5,20,0.4264102564102564,0.7929950900163666,4.205128205128205
parkinsons,195,22,pai,5,30,0.4741880341880342,0.7866700969042106,4.205128205128205
parkinsons,195,22,pai,5,50,0.5416410256410256,0.7825443621928978,4.205128205128205
parkinsons,195,22,pai,6,3,0.28888888888888886,0.8904363472784526,4.205128205128205
parkinsons,195,22,pai,6,5,0.3507692307692308,0.8754147812971342,4.205128205128205
parkinsons,195,22,pai,6,10,0.44051282051282054,0.8692321977001642,4.205128205128205
parkinsons,195,22,pai,6,20,0.5017948717948718,0.8431112150261086,4.205128205128205
parkinsons,195,22,pai,6,30,0.545128205128205,0.8402847097161479,4.205128205128205
parkinsons,195,22,pai,6,50,0.6024615384615384,0.833304581053535,4.205128205128205
parkinsons,195,22,pai,7,3,0.3367521367521367,0.9076833108412056,4.205128205128205
parkinsons,195,22,pai,7,5,0.3907692307692307,0.8956588509529686,4.205128205128205
parkinsons,195,22,pai,7,10,0.4697435897435897,0.8797600171416328,4.205128205128205
parkinsons,195,22,pai,7,20,0.5361538461538462,0.8635040137167797,4.205128205128205
parkinsons,195,22,pai,7,30,0.571111111111111,0.8563816710973902,4.205128205128205
parkinsons,195,22,pai,7,50,0.6249230769230769,0.8483355863104817,4.205128205128205
parkinsons,195,22,pai,8,3,0.3367521367521367,0.9030139451192083,4.205128205128205
parkinsons,195,22,pai,8,5,0.4153846153846154,0.8950665021253257,4.205128205128205
parkinsons,195,22,pai,8,10,0.5005128205128205,0.8853367616598814,4.205128205128205
parkinsons,195,22,pai,8,20,0.5484615384615384,0.8688707037643209,4.205128205128205
parkinsons,195,22,pai,8,30,0.5935042735042735,0.8665626161278335,4.205128205128205
parkinsons,195,22,pai,8,50,0.653025641025641,0.8626559382040553,4.205128205128205
parkinsons,195,22,pai,9,3,0.44786324786324794,0.932514619883041,4.205128205128205
parkinsons,195,22,pai,9,5,0.4984615384615384,0.9276456876456877,4.205128205128205
parkinsons,195,22,pai,9,10,0.5574358974358975,0.9064238268695093,4.205128205128205
parkinsons,195,22,pai,9,20,0.6038461538461538,0.8880180812095706,4.205128205128205
parkinsons,195,22,pai,9,30,0.6367521367521367,0.8819026384243775,4.205128205128205
parkinsons,195,22,pai,9,50,0.6898461538461539,0.8759712477202017,4.205128205128205
parkinsons,195,22,pai,10,3,0.5316239316239316,0.9615564552406658,4.205128205128205
parkinsons,195,22,pai,10,5,0.5569230769230769,0.9538132455779514,4.205128205128205
parkinsons,195,22,pai,10,10,0.6333333333333333,0.9455810299264338,4.205128205128205
parkinsons,195,22,pai,10,20,0.6766666666666667,0.9293040293040293,4.205128205128205
parkinsons,195,22,pai,10,30,0.7082051282051284,0.9190932738758826,4.205128205128205
parkinsons,195,22,pai,10,50,0.7454358974358973,0.9070794979079497,4.205128205128205
parkinsons,195,22,pai,11,3,0.5760683760683761,0.9812235717498875,4.205128205128205
parkinsons,195,22,pai,11,5,0.6143589743589742,0.9748032359797065,4.205128205128205
parkinsons,195,22,pai,11,10,0.6784615384615386,0.9668566530962074,4.205128205128205
parkinsons,195,22,pai,11,20,0.7269230769230769,0.956681474553815,4.205128205128205
parkinsons,195,22,pai,11,30,0.7582905982905983,0.9510276419975416,4.205128205128205
parkinsons,195,22,pai,11,50,0.788923076923077,0.9397403712048064,4.205128205128205
parkinsons,195,22,pai,12,3,0.6461538461538462,0.9883310841205578,4.205128205128205
parkinsons,195,22,pai,12,5,0.6933333333333332,0.985679418620595,4.205128205128205
parkinsons,195,22,pai,12,10,0.7338461538461539,0.9798271552031997,4.205128205128205
parkinsons,195,22,pai,12,20,0.7846153846153846,0.9731306990881459,4.205128205128205
parkinsons,195,22,pai,12,30,0.8140170940170941,0.9720035445787955,4.205128205128205
parkinsons,195,22,pai,12,50,0.842051282051282,0.9677107606479991,4.205128205128205
parkinsons,195,22,pai,13,3,0.6752136752136751,0.9890688259109311,4.205128205128205
parkinsons,195,22,pai,13,5,0.7282051282051281,0.9860468942821884,4.205128205128205
parkinsons,195,22,pai,13,10,0.7769230769230769,0.9840897078780088,4.205128205128205
parkinsons,195,22,pai,13,20,0.814871794871795,0.9787249629802821,4.205128205128205
parkinsons,195,22,pai,13,30,0.8446153846153847,0.9777514792899409,4.205128205128205
parkinsons,195,22,pai,13,50,0.8710769230769232,0.9755056324428709,4.205128205128205
parkinsons,195,22,pai,14,3,0.6923076923076923,0.989059829059829,4.205128205128205
parkinsons,195,22,pai,14,5,0.7405128205128204,0.9856465103523927,4.205128205128205
parkinsons,195,22,pai,14,10,0.7923076923076923,0.9846810942075566,4.205128205128205
parkinsons,195,22,pai,14,20,0.834871794871795,0.98023536746941,4.205128205128205
parkinsons,195,22,pai,14,30,0.8625641025641025,0.9796449704142012,4.205128205128205
parkinsons,195,22,pai,14,50,0.8874871794871795,0.9789318742624182,4.205128205128205
parkinsons,195,22,pai,15,3,0.699145299145299,0.9892757534862798,4.205128205128205
parkinsons,195,22,pai,15,5,0.7394871794871795,0.9856190867955574,4.205128205128205
parkinsons,195,22,pai,15,10,0.7943589743589743,0.9833669023641168,4.205128205128205
parkinsons,195,22,pai,15,20,0.8443589743589742,0.9805673758865249,4.205128205128205
parkinsons,195,22,pai,15,30,0.8697435897435899,0.9798462110167796,4.205128205128205
parkinsons,195,22,pai,15,50,0.8949743589743588,0.9793472803347281,4.205128205128205
parkinsons,195,22,pai,16,3,0.7128205128205128,0.9898695456590193,4.205128205128205
parkinsons,195,22,pai,16,5,0.7384615384615385,0.9863814616755793,4.205128205128205
parkinsons,195,22,pai,16,10,0.7948717948717948,0.9825212484822513,4.205128205128205
parkinsons,195,22,pai,16,20,0.8458974358974358,0.9805486711869691,4.205128205128205
parkinsons,195,22,pai,16,30,0.873846153846154,0.9805196809879084,4.205128205128205
parkinsons,195,22,pai,16,50,0.9011282051282051,0.9803540392661731,4.205128205128205
parkinsons,195,22,pai,17,3,0.7384615384615385,0.9958884390463337,4.205128205128205
parkinsons,195,22,pai,17,5,0.7651282051282051,0.994460441519265,4.205128205128205
parkinsons,195,22,pai,17,10,0.8205128205128205,0.9922376973073352,4.205128205128205
parkinsons,195,22,pai,17,20,0.8617948717948717,0.9901020964850752,4.205128205128205
parkinsons,195,22,pai,17,30,0.8868376068376072,0.988285738787411,4.205128205128205
parkinsons,195,22,pai,17,50,0.9111794871794873,0.9872906340521403,4.205128205128205
parkinsons,195,22,pai,18,3,0.7982905982905983,0.9983535762483131,4.205128205128205
parkinsons,195,22,pai,18,5,0.8307692307692308,0.9975647881530234,4.205128205128205
parkinsons,195,22,pai,18,10,0.8666666666666668,0.9968402256981644,4.205128205128205
parkinsons,195,22,pai,18,20,0.8984615384615384,0.9953783804847635,4.205128205128205
parkinsons,195,22,pai,18,30,0.9176068376068378,0.9947185775948317,4.205128205128205
parkinsons,195,22,pai,18,50,0.9324102564102563,0.993772342023388,4.205128205128205
parkinsons,195,22,pai,19,3,0.8666666666666667,0.9992262708052182,4.205128205128205
parkinsons,195,22,pai,19,5,0.8810256410256411,0.9988536953242836,4.205128205128205
parkinsons,195,22,pai,19,10,0.9056410256410258,0.9985172487679451,4.205128205128205
parkinsons,195,22,pai,19,20,0.929230769230769,0.9981373236692386,4.205128205128205
parkinsons,195,22,pai,19,30,0.942051282051282,0.997605694194323,4.205128205128205
parkinsons,195,22,pai,19,50,0.9507692307692307,0.9968080678038838,4.205128205128205
parkinsons,195,22,pai,20,3,0.8957264957264959,0.9994961763382816,4.205128205128205
parkinsons,195,22,pai,20,5,0.921025641025641,0.9994460441519265,4.205128205128205
parkinsons,195,22,pai,20,10,0.9374358974358975,0.9993971859152918,4.205128205128205
parkinsons,195,22,pai,20,20,0.9553846153846154,0.9992440183929545,4.205128205128205
parkinsons,195,22,pai,20,30,0.9606837606837608,0.9989057542234799,4.205128205128205
parkinsons,195,22,pai,20,50,0.966974358974359,0.9986078746915567,4.205128205128205
parkinsons,195,22,pai,21,3,0.9435897435897436,0.9998560503823661,4.205128205128205
parkinsons,195,22,pai,21,5,0.9569230769230769,0.9998025503907857,4.205128205128205
parkinsons,195,22,pai,21,10,0.9579487179487182,0.9997800157131633,4.205128205128205
parkinsons,195,22,pai,21,20,0.9771794871794872,0.9997443691060712,4.205128205128205
parkinsons,195,22,pai,21,30,0.9781196581196582,0.9996215304576509,4.205128205128205
parkinsons,195,22,pai,21,50,0.982974358974359,0.9995202231520223,4.205128205128205
parkinsons,195,22,pai,22,3,1.0,1.0,4.205128205128205
parkinsons,195,22,pai,22,5,1.0,1.0,4.205128205128205
parkinsons,195,22,pai,22,10,1.0,1.0,4.205128205128205
parkinsons,195,22,pai,22,20,1.0,1.0,4.205128205128205
parkinsons,195,22,pai,22,30,1.0,1.0,4.205128205128205
parkinsons,195,22,pai,22,50,1.0,1.0,4.205128205128205
parkinsons,195,22,nrs,1,3,0.1111111111111111,0.6221322537112011,4.205128205128205
parkinsons,195,22,nrs,1,5,0.14256410256410257,0.627719731249143,4.205128205128205
parkinsons,195,22,nrs,1,10,0.1851282051282051,0.6405913863295478,4.205128205128205
parkinsons,195,22,nrs,1,20,0.24102564102564103,0.6475442288208246,4.205128205128205
parkinsons,195,22,nrs,1,30,0.28615384615384615,0.6445770802961439,4.205128205128205
parkinsons,195,22,nrs,1,50,0.377948717948718,0.6444716232163931,4.205128205128205
parkinsons,195,22,nrs,2,3,0.18974358974358974,0.8489248762932974,4.205128205128205
parkinsons,195,22,nrs,2,5,0.2328205128205128,0.8414150555327026,4.205128205128205
parkinsons,195,22,nrs,2,10,0.3092307692307692,0.8393514748946505,4.205128205128205
parkinsons,195,22,nrs,2,20,0.401025641025641,0.8322983399579145,4.205128205128205
parkinsons,195,22,nrs,2,30,0.46871794871794875,0.8311088242860818,4.205128205128205
parkinsons,195,22,nrs,2,50,0.5808205128205127,0.8353850445231198,4.205128205128205
parkinsons,195,22,nrs,3,3,0.18461538461538463,0.8821502474134053,4.205128205128205
parkinsons,195,22,nrs,3,5,0.23282051282051286,0.8648457424928013,4.205128205128205
parkinsons,195,22,nrs,3,10,0.29794871794871797,0.8505478180129991,4.205128205128205
parkinsons,195,22,nrs,3,20,0.40538461538461534,0.8457174031642116,4.205128205128205
parkinsons,195,22,nrs,3,30,0.48444444444444446,0.8441665952033846,4.205128205128205
parkinsons,195,22,nrs,3,50,0.5872820512820514,0.8410539641669349,4.205128205128205
parkinsons,195,22,nrs,4,3,0.2085470085470085,0.9056770130454341,4.205128205128205
parkinsons,195,22,nrs,4,5,0.27692307692307694,0.8962511997806115,4.205128205128205
parkinsons,195,22,nrs,4,10,0.357948717948718,0.8864509677880151,4.205128205128205
parkinsons,195,22,nrs,4,20,0.4658974358974359,0.8842272620996026,4.205128205128205
parkinsons,195,22,nrs,4,30,0.55008547008547,0.8863253580310436,4.205128205128205
parkinsons,195,22,nrs,4,50,0.6443076923076924,0.8801501984765583,4.205128205128205
parkinsons,195,22,nrs,5,3,0.26837606837606837,0.9222132253711202,4.205128205128205
parkinsons,195,22,nrs,5,5,0.32923076923076927,0.9196434937611409,4.205128205128205
parkinsons,195,22,nrs,5,10,0.4020512820512821,0.9065352474823227,4.205128205128205
parkinsons,195,22,nrs,5,20,0.5099999999999999,0.9046122671654586,4.205128205128205
parkinsons,195,22,nrs,5,30,0.5806837606837606,0.9048292027556242,4.205128205128205
parkinsons,195,22,nrs,5,50,0.6705641025641027,0.8981731573865465,4.205128205128205
parkinsons,195,22,nrs,6,3,0.2564102564102564,0.9195141700404859,4.205128205128205
parkinsons,195,22,nrs,6,5,0.318974358974359,0.91590840532017,4.205128205128205
parkinsons,195,22,nrs,6,10,0.4061538461538461,0.9051782015570317,4.205128205128205
parkinsons,195,22,nrs,6,20,0.5056410256410256,0.9027106227106227,4.205128205128205
parkinsons,195,22,nrs,6,30,0.5801709401709402,0.9036743561158277,4.205128205128205
parkinsons,195,22,nrs,6,50,0.6775384615384615,0.8991327110825018,4.205128205128205
parkinsons,195,22,nrs,7,3,0.28547008547008546,0.934646873594242,4.205128205128205
parkinsons,195,22,nrs,7,5,0.33743589743589747,0.9257040998217468,4.205128205128205
parkinsons,195,22,nrs,7,10,0.4471794871794872,0.9195000357117349,4.205128205128205
parkinsons,195,22,nrs,7,20,0.5287179487179486,0.9078357103889019,4.205128205128205
parkinsons,195,22,nrs,7,30,0.5967521367521367,0.9035874567647143,4.205128205128205
parkinsons,195,22,nrs,7,50,0.6776410256410257,0.8952902049136359,4.205128205128205
parkinsons,195,22,nrs,8,3,0.33162393162393156,0.9514349977507872,4.205128205128205
parkinsons,195,22,nrs,8,5,0.3917948717948718,0.9462498286027697,4.205128205128205
parkinsons,195,22,nrs,8,10,0.501025641025641,0.9448010856367403,4.205128205128205
parkinsons,195,22,nrs,8,20,0.584102564102564,0.9375761826825657,4.205128205128205
parkinsons,195,22,nrs,8,30,0.6572649572649574,0.9372483777834948,4.205128205128205
parkinsons,195,22,nrs,8,50,0.7367179487179488,0.9355614204484497,4.205128205128205
parkinsons,195,22,nrs,9,3,0.35384615384615387,0.9542780026990554,4.205128205128205
parkinsons,195,22,nrs,9,5,0.4020512820512821,0.9469354175236528,4.205128205128205
parkinsons,195,22,nrs,9,10,0.5169230769230769,0.9441925576744519,4.205128205128205
parkinsons,195,22,nrs,9,20,0.6066666666666666,0.940955498402307,4.205128205128205
parkinsons,195,22,nrs,9,30,0.6776068376068376,0.9426041220021153,4.205128205128205
parkinsons,195,22,nrs,9,50,0.7619487179487179,0.9437390837892929,4.205128205128205
parkinsons,195,22,nrs,10,3,0.37264957264957266,0.9537921727395412,4.205128205128205
parkinsons,195,22,nrs,10,5,0.4071794871794872,0.9478294254764843,4.205128205128205
parkinsons,195,22,nrs,10,10,0.5256410256410257,0.9447982286979502,4.205128205128205
parkinsons,195,22,nrs,10,20,0.6202564102564102,0.9423115891200997,4.205128205128205
parkinsons,195,22,nrs,10,30,0.6861538461538462,0.9440448217705742,4.205128205128205
parkinsons,195,22,nrs,10,50,0.7726153846153845,0.9453886922004077,4.205128205128205
parkinsons,195,22,nrs,11,3,0.4,0.9575438596491228,4.205128205128205
parkinsons,195,22,nrs,11,5,0.43487179487179495,0.9544330179624297,4.205128205128205
parkinsons,195,22,nrs,11,10,0.5435897435897435,0.9518034426112421,4.205128205128205
parkinsons,195,22,nrs,11,20,0.6364102564102564,0.9488067960408386,4.205128205128205
parkinsons,195,22,nrs,11,30,0.7008547008547008,0.9502592687876968,4.205128205128205
parkinsons,195,22,nrs,11,50,0.7852307692307693,0.9528102134964059,4.205128205128205
parkinsons,195,22,nrs,12,3,0.4153846153846154,0.9597031039136302,4.205128205128205
parkinsons,195,22,nrs,12,5,0.47384615384615386,0.9571260112436583,4.205128205128205
parkinsons,195,22,nrs,12,10,0.5733333333333334,0.9557574458967216,4.205128205128205
parkinsons,195,22,nrs,12,20,0.6543589743589744,0.9520130932896891,4.205128205128205
parkinsons,195,22,nrs,12,30,0.7193162393162392,0.9554206328788268,4.205128205128205
parkinsons,195,22,nrs,12,50,0.7983589743589744,0.9555781568501234,4.205128205128205
parkinsons,195,22,nrs,13,3,0.4905982905982906,0.9788663967611336,4.205128205128205
parkinsons,195,22,nrs,13,5,0.5251282051282051,0.9760263266145619,4.205128205128205
parkinsons,195,22,nrs,13,10,0.6184615384615384,0.9718334404685379,4.205128205128205
parkinsons,195,22,nrs,13,20,0.6892307692307691,0.970593094848414,4.205128205128205
parkinsons,195,22,nrs,13,30,0.7480341880341881,0.9714935825972615,4.205128205128205
parkinsons,195,22,nrs,13,50,0.8219487179487179,0.9733393412723956,4.205128205128205
parkinsons,195,22,nrs,14,3,0.4803418803418803,0.9788034188034188,4.205128205128205
parkinsons,195,22,nrs,14,5,0.5302564102564102,0.9757685451803099,4.205128205128205
parkinsons,195,22,nrs,14,10,0.6164102564102564,0.9715106063852582,4.205128205128205
parkinsons,195,22,nrs,14,20,0.6943589743589742,0.9706367391473775,4.205128205128205
parkinsons,195,22,nrs,14,30,0.7514529914529915,0.97164565646171,4.205128205128205
parkinsons,195,22,nrs,14,50,0.8262564102564103,0.9742019096663448,4.205128205128205
parkinsons,195,22,nrs,15,3,0.4905982905982906,0.9792532613585245,4.205128205128205
parkinsons,195,22,nrs,15,5,0.5425641025641026,0.9763444398738517,4.205128205128205
parkinsons,195,22,nrs,15,10,0.6246153846153846,0.9729733590457824,4.205128205128205
parkinsons,195,22,nrs,15,20,0.7033333333333333,0.9722952225079885,4.205128205128205
parkinsons,195,22,nrs,15,30,0.7613675213675215,0.9738261441271475,4.205128205128205
parkinsons,195,22,nrs,15,50,0.8336410256410256,0.976036047634374,4.205128205128205
parkinsons,195,22,nrs,16,3,0.49230769230769234,0.9776968061178587,4.205128205128205
parkinsons,195,22,nrs,16,5,0.551794871794872,0.9763279857397504,4.205128205128205
parkinsons,195,22,nrs,16,10,0.6328205128205129,0.9734590386400971,4.205128205128205
parkinsons,195,22,nrs,16,20,0.7064102564102565,0.9713740160548672,4.205128205128205
parkinsons,195,22,nrs,16,30,0.7623931623931623,0.9737346711259754,4.205128205128205
parkinsons,195,22,nrs,16,50,0.8350769230769229,0.9765698959339126,4.205128205128205
parkinsons,195,22,nrs,17,3,0.4888888888888888,0.976536212325686,4.205128205128205
parkinsons,195,22,nrs,17,5,0.5528205128205129,0.9769148498560263,4.205128205128205
parkinsons,195,22,nrs,17,10,0.6317948717948718,0.9737161631312049,4.205128205128205
parkinsons,195,22,nrs,17,20,0.707948717948718,0.9717699321954641,4.205128205128205
parkinsons,195,22,nrs,17,30,0.7611965811965812,0.9735048452105308,4.205128205128205
parkinsons,195,22,nrs,17,50,0.834871794871795,0.9767072202553374,4.205128205128205
parkinsons,195,22,nrs,18,3,0.5145299145299145,0.9783535762483131,4.205128205128205
parkinsons,195,22,nrs,18,5,0.5753846153846155,0.9773700808994926,4.205128205128205
parkinsons,195,22,nrs,18,10,0.6476923076923076,0.9740332833369045,4.205128205128205
parkinsons,195,22,nrs,18,20,0.7184615384615385,0.9721409087366534,4.205128205128205
parkinsons,195,22,nrs,18,30,0.7721367521367521,0.9743749821341795,4.205128205128205
parkinsons,195,22,nrs,18,50,0.842871794871795,0.9773801094303186,4.205128205128205
parkinsons,195,22,nrs,19,3,0.5282051282051282,0.9787134502923976,4.205128205128205
parkinsons,195,22,nrs,19,5,0.5784615384615385,0.9785657479775127,4.205128205128205
parkinsons,195,22,nrs,19,10,0.6497435897435897,0.9739818584386829,4.205128205128205
parkinsons,195,22,nrs,19,20,0.7197435897435898,0.9718899540176136,4.205128205128205
parkinsons,195,22,nrs,19,30,0.7723076923076925,0.9743875596718407,4.205128205128205
parkinsons,195,22,nrs,19,50,0.8435897435897437,0.9772170367986267,4.205128205128205
parkinsons,195,22,nrs,20,3,0.6444444444444444,0.9886549707602339,4.205128205128205
parkinsons,195,22,nrs,20,5,0.6943589743589742,0.9881091457562046,4.205128205128205
parkinsons,195,22,nrs,20,10,0.7538461538461538,0.9860724233983287,4.205128205128205
parkinsons,195,22,nrs,20,20,0.8107692307692307,0.9845997973657548,4.205128205128205
parkinsons,195,22,nrs,20,30,0.8333333333333334,0.9828682502929995,4.205128205128205
parkinsons,195,22,nrs,20,50,0.8779487179487179,0.9831923613346207,4.205128205128205
parkinsons,195,22,nrs,21,3,0.7623931623931625,0.9953306342780027,4.205128205128205
parkinsons,195,22,nrs,21,5,0.804102564102564,0.9951076374605786,4.205128205128205
parkinsons,195,22,nrs,21,10,0.8379487179487182,0.9943518320119992,4.205128205128205
parkinsons,195,22,nrs,21,20,0.8807692307692307,0.9936918400748188,4.205128205128205
parkinsons,195,22,nrs,21,30,0.8905982905982909,0.9925483806420261,4.205128205128205
parkinsons,195,22,nrs,21,50,0.9194871794871795,0.992144190537496,4.205128205128205
parkinsons,195,22,nrs,22,3,1.0,1.0,4.205128205128205
parkinsons,195,22,nrs,22,5,1.0,1.0,4.205128205128205
parkinsons,195,22,nrs,22,10,1.0,1.0,4.205128205128205
parkinsons,195,22,nrs,22,20,1.0,1.0,4.205128205128205
parkinsons,195,22,nrs,22,30,1.0,1.0,4.205128205128205
parkinsons,195,22,nrs,22,50,1.0,1.0,4.205128205128205
parkinsons,195,22,relieff,1,3,0.1111111111111111,0.6221322537112011,4.205128205128205
parkinsons,195,22,relieff,1,5,0.14256410256410257,0.627719731249143,4.205128205128205
parkinsons,195,22,relieff,1,10,0.1851282051282051,0.6405913863295478,4.205128205128205
parkinsons,195,22,relieff,1,20,0.24102564102564103,0.6475442288208246,4.205128205128205
parkinsons,195,22,relieff,1,30,0.28615384615384615,0.6445770802961439,4.205128205128205
parkinsons,195,22,relieff,1,50,0.377948717948718,0.6444716232163931,4.205128205128205
parkinsons,195,22,relieff,2,3,0.15897435897435896,0.7992352676563204,4.205128205128205
parkinsons,195,22,relieff,2,5,0.21025641025641026,0.7915919374742905,4.205128205128205
parkinsons,195,22,relieff,2,10,0.27076923076923076,0.7928205128205128,4.205128205128205
parkinsons,195,22,relieff,2,20,0.3541025641025642,0.7914722157275349,4.205128205128205
parkinsons,195,22,relieff,2,30,0.43811965811965814,0.7989857930995055,4.205128205128205
parkinsons,195,22,relieff,2,50,0.5394871794871795,0.8049685656045489,4.205128205128205
parkinsons,195,22,relieff,3,3,0.15726495726495726,0.8049842555105713,4.205128205128205
parkinsons,195,22,relieff,3,5,0.19897435897435897,0.8051720828191417,4.205128205128205
parkinsons,195,22,relieff,3,10,0.2564102564102564,0.7991857724448254,4.205128205128205
parkinsons,195,22,relieff,3,20,0.3574358974358974,0.7967827916764088,4.205128205128205
parkinsons,195,22,relieff,3,30,0.43846153846153846,0.8043929908812852,4.205128205128205
parkinsons,195,22,relieff,3,50,0.5533333333333333,0.8177328612809784,4.205128205128205
parkinsons,195,22,relieff,4,3,0.2170940170940171,0.8788214125056231,4.205128205128205
parkinsons,195,22,relieff,4,5,0.28102564102564104,0.8588783765254353,4.205128205128205
parkinsons,195,22,relieff,4,10,0.3605128205128204,0.8464252553389043,4.205128205128205
parkinsons,195,22,relieff,4,20,0.4287179487179487,0.8331634323123684,4.205128205128205
parkinsons,195,22,relieff,4,30,0.47931623931623935,0.8222965440356744,4.205128205128205
parkinsons,195,22,relieff,4,50,0.5608205128205129,0.8188134320351894,4.205128205128205
parkinsons,195,22,relieff,5,3,0.3213675213675214,0.9462168241115609,4.205128205128205
parkinsons,195,22,relieff,5,5,0.3784615384615385,0.9426079802550391,4.205128205128205
parkinsons,195,22,relieff,5,10,0.44871794871794873,0.9273651882008428,4.205128205128205
parkinsons,195,22,relieff,5,20,0.5315384615384615,0.9159582261709921,4.205128205128205
parkinsons,195,22,relieff,5,30,0.5974358974358974,0.9101906640368179,4.205128205128205
parkinsons,195,22,relieff,5,50,0.6748717948717949,0.9062280871151164,4.205128205128205
parkinsons,195,22,relieff,6,3,0.3230769230769231,0.9494556905083221,4.205128205128205
parkinsons,195,22,relieff,6,5,0.3887179487179488,0.9467599067599067,4.205128205128205
parkinsons,195,22,relieff,6,10,0.46512820512820524,0.9325762445539605,4.205128205128205
parkinsons,195,22,relieff,6,20,0.5538461538461539,0.9223412048943964,4.205128205128205
parkinsons,195,22,relieff,6,30,0.6206837606837606,0.9170820112626132,4.205128205128205
parkinsons,195,22,relieff,6,50,0.709128205128205,0.9183744233451346,4.205128205128205
parkinsons,195,22,relieff,7,3,0.3264957264957265,0.9530184435447593,4.205128205128205
parkinsons,195,22,relieff,7,5,0.3887179487179488,0.9480981763334705,4.205128205128205
parkinsons,195,22,relieff,7,10,0.4717948717948718,0.935041782729805,4.205128205128205
parkinsons,195,22,relieff,7,20,0.5633333333333334,0.9244018392954563,4.205128205128205
parkinsons,195,22,relieff,7,30,0.6345299145299145,0.9217242660720921,4.205128205128205
parkinsons,195,22,relieff,7,50,0.7252307692307693,0.9224761291706898,4.205128205128205
parkinsons,195,22,relieff,8,3,0.36923076923076925,0.9517948717948718,4.205128205128205
parkinsons,195,22,relieff,8,5,0.437948717948718,0.9487014945838476,4.205128205128205
parkinsons,195,22,relieff,8,10,0.522051282051282,0.9419441468466538,4.205128205128205
parkinsons,195,22,relieff,8,20,0.6194871794871796,0.9363151741875146,4.205128205128205
parkinsons,195,22,relieff,8,30,0.6673504273504273,0.9330177514792899,4.205128205128205
parkinsons,195,22,relieff,8,50,0.7405128205128205,0.9299457139791868,4.205128205128205
parkinsons,195,22,relieff,9,3,0.38974358974358975,0.952604588394062,4.205128205128205
parkinsons,195,22,relieff,9,5,0.4430769230769231,0.9505443576031811,4.205128205128205
parkinsons,195,22,relieff,9,10,0.5246153846153847,0.9421384186843796,4.205128205128205
parkinsons,195,22,relieff,9,20,0.6182051282051283,0.9372270282908581,4.205128205128205
parkinsons,195,22,relieff,9,30,0.670940170940171,0.9336797873252722,4.205128205128205
parkinsons,195,22,relieff,9,50,0.7468717948717951,0.9311155455423238,4.205128205128205
parkinsons,195,22,relieff,10,3,0.4581196581196581,0.9632388663967612,4.205128205128205
parkinsons,195,22,relieff,10,5,0.48000000000000004,0.9590072672425614,4.205128205128205
parkinsons,195,22,relieff,10,10,0.5646153846153846,0.9495493179058638,4.205128205128205
parkinsons,195,22,relieff,10,20,0.6515384615384615,0.9420450471514301,4.205128205128205
parkinsons,195,22,relieff,10,30,0.7104273504273506,0.9428007889546351,4.205128205128205
parkinsons,195,22,relieff,10,50,0.7811282051282051,0.9398450809998927,4.205128205128205
parkinsons,195,22,relieff,11,3,0.46153846153846156,0.9654430949167792,4.205128205128205
parkinsons,195,22,relieff,11,5,0.4994871794871795,0.9596873714520774,4.205128205128205
parkinsons,195,22,relieff,11,10,0.5671794871794872,0.9517148775087494,4.205128205128205
parkinsons,195,22,relieff,11,20,0.6607692307692308,0.9437908191099681,4.205128205128205
parkinsons,195,22,relieff,11,30,0.7177777777777776,0.9459268787696882,4.205128205128205
parkinsons,195,22,relieff,11,50,0.7881025641025642,0.9421409719987126,4.205128205128205
parkinsons,195,22,relieff,12,3,0.4649572649572649,0.9679622132253711,4.205128205128205
parkinsons,195,22,relieff,12,5,0.5148717948717949,0.9624571506924449,4.205128205128205
parkinsons,195,22,relieff,12,10,0.5917948717948717,0.9576287408042283,4.205128205128205
parkinsons,195,22,relieff,12,20,0.6802564102564101,0.9514441586782012,4.205128205128205
parkinsons,195,22,relieff,12,30,0.7391452991452991,0.9525049309664694,4.205128205128205
parkinsons,195,22,relieff,12,50,0.8030769230769232,0.949399420663019,4.205128205128205
parkinsons,195,22,relieff,13,3,0.5452991452991454,0.9732163742690059,4.205128205128205
parkinsons,195,22,relieff,13,5,0.5774358974358974,0.9688907171260113,4.205128205128205
parkinsons,195,22,relieff,13,10,0.6682051282051281,0.9658624383972574,4.205128205128205
parkinsons,195,22,relieff,13,20,0.7415384615384615,0.9604707349388201,4.205128205128205
parkinsons,195,22,relieff,13,30,0.7885470085470084,0.9608061058228282,4.205128205128205
parkinsons,195,22,relieff,13,50,0.8301538461538461,0.955473447055037,4.205128205128205
parkinsons,195,22,relieff,14,3,0.6410256410256411,0.9754745838956366,4.205128205128205
parkinsons,195,22,relieff,14,5,0.6656410256410256,0.9690552584670231,4.205128205128205
parkinsons,195,22,relieff,14,10,0.7415384615384615,0.9651796300264267,4.205128205128205
parkinsons,195,22,relieff,14,20,0.8017948717948717,0.965538149793469,4.205128205128205
parkinsons,195,22,relieff,14,30,0.8358974358974359,0.9650767515650459,4.205128205128205
parkinsons,195,22,relieff,14,50,0.8611282051282052,0.9602274434073598,4.205128205128205
parkinsons,195,22,relieff,15,3,0.6341880341880342,0.9737651821862349,4.205128205128205
parkinsons,195,22,relieff,15,5,0.6646153846153846,0.9691484985602633,4.205128205128205
parkinsons,195,22,relieff,15,10,0.7430769230769231,0.964659667166631,4.205128205128205
parkinsons,195,22,relieff,15,20,0.8038461538461539,0.9654025407216896,4.205128205128205
parkinsons,195,22,relieff,15,30,0.8374358974358973,0.9651202012406026,4.205128205128205
parkinsons,195,22,relieff,15,50,0.8615384615384616,0.9609312305546616,4.205128205128205
parkinsons,195,22,relieff,16,3,0.7128205128205128,0.9898695456590193,4.205128205128205
parkinsons,195,22,relieff,16,5,0.7384615384615385,0.9863814616755793,4.205128205128205
parkinsons,195,22,relieff,16,10,0.7948717948717948,0.9825212484822513,4.205128205128205
parkinsons,195,22,relieff,16,20,0.8458974358974358,0.9805486711869691,4.205128205128205
parkinsons,195,22,relieff,16,30,0.873846153846154,0.9805196809879084,4.205128205128205
parkinsons,195,22,relieff,16,50,0.9011282051282051,0.9803540392661731,4.205128205128205
parkinsons,195,22,relieff,17,3,0.7709401709401709,0.9958884390463337,4.205128205128205
parkinsons,195,22,relieff,17,5,0.7907692307692307,0.9945701357466064,4.205128205128205
parkinsons,195,22,relieff,17,10,0.8394871794871798,0.9913491893436183,4.205128205128205
parkinsons,195,22,relieff,17,20,0.875128205128205,0.9883111215026109,4.205128205128205
parkinsons,195,22,relieff,17,30,0.8986324786324787,0.9872155046736987,4.205128205128205
parkinsons,195,22,relieff,17,50,0.9193846153846152,0.9862332367771698,4.205128205128205
parkinsons,195,22,relieff,18,3,0.817094017094017,0.9986144849302744,4.205128205128205
parkinsons,195,22,relieff,18,5,0.842051282051282,0.9977457836281366,4.205128205128205
parkinsons,195,22,relieff,18,10,0.8805128205128204,0.99702306978073,4.205128205128205
parkinsons,195,22,relieff,18,20,0.9148717948717947,0.9957555919258047,4.205128205128205
parkinsons,195,22,relieff,18,30,0.9258119658119659,0.9944898950919018,4.205128205128205
parkinsons,195,22,relieff,18,50,0.9393846153846154,0.9927398347816758,4.205128205128205
parkinsons,195,22,relieff,19,3,0.8598290598290599,0.999136302294197,4.205128205128205
parkinsons,195,22,relieff,19,5,0.8851282051282052,0.9988591800356507,4.205128205128205
parkinsons,195,22,relieff,19,10,0.9225641025641027,0.9987029497893007,4.205128205128205
parkinsons,195,22,relieff,19,20,0.9425641025641025,0.9983150183150183,4.205128205128205
parkinsons,195,22,relieff,19,30,0.9475213675213676,0.9977154617957293,4.205128205128205
parkinsons,195,22,relieff,19,50,0.9566153846153848,0.9962544791331402,4.205128205128205
parkinsons,195,22,relieff,20,3,0.9094017094017093,0.9996761133603239,4.205128205128205
parkinsons,195,22,relieff,20,5,0.9282051282051282,0.9996654326066091,4.205128205128205
parkinsons,195,22,relieff,20,10,0.9482051282051284,0.9992429112206271,4.205128205128205
parkinsons,195,22,relieff,20,20,0.9705128205128205,0.9994544462629569,4.205128205128205
parkinsons,195,22,relieff,20,30,0.9697435897435899,0.9992053283023182,4.205128205128205
parkinsons,195,22,relieff,20,50,0.9756923076923076,0.9986876944533848,4.205128205128205
parkinsons,195,22,relieff,21,3,0.9504273504273504,0.9998110661268556,4.205128205128205
parkinsons,195,22,relieff,21,5,0.9641025641025641,0.9998519127930893,4.205128205128205
parkinsons,195,22,relieff,21,10,0.9743589743589745,0.9996914506106707,4.205128205128205
parkinsons,195,22,relieff,21,20,0.9833333333333333,0.999686696282441,4.205128205128205
parkinsons,195,22,relieff,21,30,0.9839316239316239,0.999683274733442,4.205128205128205
parkinsons,195,22,relieff,21,50,0.9888205128205128,0.9995897435897436,4.205128205128205
parkinsons,195,22,relieff,22,3,1.0,1.0,4.205128205128205
parkinsons,195,22,relieff,22,5,1.0,1.0,4.205128205128205
parkinsons,195,22,relieff,22,10,1.0,1.0,4.205128205128205
parkinsons,195,22,relieff,22,20,1.0,1.0,4.205128205128205
parkinsons,195,22,relieff,22,30,1.0,1.0,4.205128205128205
parkinsons,195,22,relieff,22,50,1.0,1.0,4.205128205128205
parkinsons,195,22,mutual_info,1,3,0.05128205128205127,0.714880791722897,4.205128205128205
parkinsons,195,22,mutual_info,1,5,0.08205128205128205,0.7201535719182779,4.205128205128205
parkinsons,195,22,mutual_info,1,10,0.14717948717948717,0.7243539747160916,4.205128205128205
parkinsons,195,22,mutual_info,1,20,0.2507692307692308,0.7404192970150416,4.205128205128205
parkinsons,195,22,mutual_info,1,30,0.33811965811965816,0.7572912557527942,4.205128205128205
parkinsons,195,22,mutual_info,1,50,0.47425641025641035,0.777520866859779,4.205128205128205
parkinsons,195,22,mutual_info,2,3,0.06153846153846154,0.7194062078272605,4.205128205128205
parkinsons,195,22,mutual_info,2,5,0.08,0.7141039352804059,4.205128205128205
parkinsons,195,22,mutual_info,2,10,0.1441025641025641,0.7202742661238484,4.205128205128205
parkinsons,195,22,mutual_info,2,20,0.2543589743589744,0.7453495440729483,4.205128205128205
parkinsons,195,22,mutual_info,2,30,0.34170940170940167,0.7578858302604122,4.205128205128205
parkinsons,195,22,mutual_info,2,50,0.47630769230769227,0.7793953438472266,4.205128205128205
parkinsons,195,22,mutual_info,3,3,0.15726495726495726,0.8049842555105713,4.205128205128205
parkinsons,195,22,mutual_info,3,5,0.19897435897435897,0.8051720828191417,4.205128205128205
parkinsons,195,22,mutual_info,3,10,0.2564102564102564,0.7991857724448254,4.205128205128205
parkinsons,195,22,mutual_info,3,20,0.3574358974358974,0.7967827916764088,4.205128205128205
parkinsons,195,22,mutual_info,3,30,0.43846153846153846,0.8043929908812852,4.205128205128205
parkinsons,195,22,mutual_info,3,50,0.5533333333333333,0.8177328612809784,4.205128205128205
parkinsons,195,22,mutual_info,4,3,0.1794871794871795,0.8239766081871345,4.205128205128205
parkinsons,195,22,mutual_info,4,5,0.21230769230769225,0.8195694501576855,4.205128205128205
parkinsons,195,22,mutual_info,4,10,0.2835897435897436,0.8098364402542675,4.205128205128205
parkinsons,195,22,mutual_info,4,20,0.3774358974358974,0.8085464889720209,4.205128205128205
parkinsons,195,22,mutual_info,4,30,0.4557264957264956,0.8120264128290884,4.205128205128205
parkinsons,195,22,mutual_info,4,50,0.5633846153846154,0.8224688338161141,4.205128205128205
parkinsons,195,22,mutual_info,5,3,0.22564102564102564,0.9135942420152947,4.205128205128205
parkinsons,195,22,mutual_info,5,5,0.2758974358974359,0.8996901138077609,4.205128205128205
parkinsons,195,22,mutual_info,5,10,0.362051282051282,0.889819298621527,4.205128205128205
parkinsons,195,22,mutual_info,5,20,0.46846153846153843,0.8849084249084249,4.205128205128205
parkinsons,195,22,mutual_info,5,30,0.5439316239316239,0.8850584569648114,4.205128205128205
parkinsons,195,22,mutual_info,5,50,0.6351794871794871,0.8832588778028109,4.205128205128205
parkinsons,195,22,mutual_info,6,3,0.27521367521367524,0.9351417004048583,4.205128205128205
parkinsons,195,22,mutual_info,6,5,0.3128205128205128,0.9179322638146168,4.205128205128205
parkinsons,195,22,mutual_info,6,10,0.4205128205128205,0.9143746875223199,4.205128205128205
parkinsons,195,22,mutual_info,6,20,0.5158974358974359,0.9095721299976619,4.205128205128205
parkinsons,195,22,mutual_info,6,30,0.5769230769230769,0.9078935482948861,4.205128205128205
parkinsons,195,22,mutual_info,6,50,0.6644102564102564,0.90497156957408,4.205128205128205
parkinsons,195,22,mutual_info,7,3,0.3213675213675214,0.9453801169590643,4.205128205128205
parkinsons,195,22,mutual_info,7,5,0.3671794871794872,0.9344906074317839,4.205128205128205
parkinsons,195,22,mutual_info,7,10,0.4600000000000001,0.9282422684093994,4.205128205128205
parkinsons,195,22,mutual_info,7,20,0.54,0.9180983555451641,4.205128205128205
parkinsons,195,22,mutual_info,7,30,0.6030769230769231,0.9156836177571963,4.205128205128205
parkinsons,195,22,mutual_info,7,50,0.676923076923077,0.9085385688230876,4.205128205128205
parkinsons,195,22,mutual_info,8,3,0.3521367521367521,0.9625371120107962,4.205128205128205
parkinsons,195,22,mutual_info,8,5,0.39897435897435896,0.9534731934731935,4.205128205128205
parkinsons,195,22,mutual_info,8,10,0.4928205128205128,0.9436125991000642,4.205128205128205
parkinsons,195,22,mutual_info,8,20,0.565128205128205,0.9306866183461928,4.205128205128205
parkinsons,195,22,mutual_info,8,30,0.6288888888888888,0.9298413515135924,4.205128205128205
parkinsons,195,22,mutual_info,8,50,0.7005128205128205,0.9249170689840146,4.205128205128205
parkinsons,195,22,mutual_info,9,3,0.3777777777777778,0.970229419703104,4.205128205128205
parkinsons,195,22,mutual_info,9,5,0.46871794871794875,0.9648759084053202,4.205128205128205
parkinsons,195,22,mutual_info,9,10,0.5528205128205129,0.9591657738732947,4.205128205128205
parkinsons,195,22,mutual_info,9,20,0.6256410256410256,0.9543932663081599,4.205128205128205
parkinsons,195,22,mutual_info,9,30,0.6885470085470085,0.9521962095875139,4.205128205128205
parkinsons,195,22,mutual_info,9,50,0.7540512820512821,0.9498277008904624,4.205128205128205
parkinsons,195,22,mutual_info,10,3,0.41367521367521365,0.9729644624381466,4.205128205128205
parkinsons,195,22,mutual_info,10,5,0.49128205128205127,0.9703715891951186,4.205128205128205
parkinsons,195,22,mutual_info,10,10,0.5656410256410257,0.9627569459324334,4.205128205128205
parkinsons,195,22,mutual_info,10,20,0.6374358974358975,0.9567999376510015,4.205128205128205
parkinsons,195,22,mutual_info,10,30,0.7006837606837606,0.9556710402195352,4.205128205128205
parkinsons,195,22,mutual_info,10,50,0.7614358974358976,0.952629975324536,4.205128205128205
parkinsons,195,22,mutual_info,11,3,0.4256410256410256,0.974089068825911,4.205128205128205
parkinsons,195,22,mutual_info,11,5,0.4902564102564102,0.9700370218017277,4.205128205128205
parkinsons,195,22,mutual_info,11,10,0.578974358974359,0.9639368616527391,4.205128205128205
parkinsons,195,22,mutual_info,11,20,0.6474358974358975,0.9577320551788637,4.205128205128205
parkinsons,195,22,mutual_info,11,30,0.7061538461538461,0.9575153646056656,4.205128205128205
parkinsons,195,22,mutual_info,11,50,0.7693333333333334,0.955104387941208,4.205128205128205
parkinsons,195,22,mutual_info,12,3,0.4854700854700854,0.980701754385965,4.205128205128205
parkinsons,195,22,mutual_info,12,5,0.5343589743589744,0.9788235294117648,4.205128205128205
parkinsons,195,22,mutual_info,12,10,0.6302564102564103,0.9744561102778373,4.205128205128205
parkinsons,195,22,mutual_info,12,20,0.692051282051282,0.9702143246824098,4.205128205128205
parkinsons,195,22,mutual_info,12,30,0.7456410256410256,0.969545207672298,4.205128205128205
parkinsons,195,22,mutual_info,12,50,0.8095384615384617,0.9719214676536853,4.205128205128205
parkinsons,195,22,mutual_info,13,3,0.5094017094017094,0.9840755735492578,4.205128205128205
parkinsons,195,22,mutual_info,13,5,0.5558974358974359,0.9815274921157274,4.205128205128205
parkinsons,195,22,mutual_info,13,10,0.6446153846153846,0.9763388329405043,4.205128205128205
parkinsons,195,22,mutual_info,13,20,0.7082051282051284,0.9726334658249551,4.205128205128205
parkinsons,195,22,mutual_info,13,30,0.7598290598290599,0.9724540491095675,4.205128205128205
parkinsons,195,22,mutual_info,13,50,0.8282051282051283,0.9758171869971033,4.205128205128205
parkinsons,195,22,mutual_info,14,3,0.5213675213675213,0.9833828160143949,4.205128205128205
parkinsons,195,22,mutual_info,14,5,0.563076923076923,0.9795036336212807,4.205128205128205
parkinsons,195,22,mutual_info,14,10,0.657948717948718,0.9763874008999357,4.205128205128205
parkinsons,195,22,mutual_info,14,20,0.7120512820512822,0.9727846621463643,4.205128205128205
parkinsons,195,22,mutual_info,14,30,0.7630769230769231,0.9726495726495726,4.205128205128205
parkinsons,195,22,mutual_info,14,50,0.8373333333333334,0.977169831563137,4.205128205128205
parkinsons,195,22,mutual_info,15,3,0.5128205128205128,0.9827170490328385,4.205128205128205
parkinsons,195,22,mutual_info,15,5,0.5579487179487179,0.9788674071027013,4.205128205128205
parkinsons,195,22,mutual_info,15,10,0.6492307692307693,0.9758788657953004,4.205128205128205
parkinsons,195,22,mutual_info,15,20,0.7123076923076923,0.9722016990102097,4.205128205128205
parkinsons,195,22,mutual_info,15,30,0.7603418803418804,0.9727959294514479,4.205128205128205
parkinsons,195,22,mutual_info,15,50,0.8370256410256409,0.977205879197511,4.205128205128205
parkinsons,195,22,mutual_info,16,3,0.5128205128205128,0.9829509671614934,4.205128205128205
parkinsons,195,22,mutual_info,16,5,0.5558974358974359,0.9786480186480186,4.205128205128205
parkinsons,195,22,mutual_info,16,10,0.6456410256410257,0.9755474608956504,4.205128205128205
parkinsons,195,22,mutual_info,16,20,0.7082051282051284,0.9716764086976853,4.205128205128205
parkinsons,195,22,mutual_info,16,30,0.757948717948718,0.9726175570991624,4.205128205128205
parkinsons,195,22,mutual_info,16,50,0.8341538461538462,0.976602510460251,4.205128205128205
parkinsons,195,22,mutual_info,17,3,0.5162393162393162,0.9836347278452542,4.205128205128205
parkinsons,195,22,mutual_info,17,5,0.5682051282051281,0.9774578362813657,4.205128205128205
parkinsons,195,22,mutual_info,17,10,0.6599999999999999,0.9764416827369473,4.205128205128205
parkinsons,195,22,mutual_info,17,20,0.7171794871794873,0.9733146286337776,4.205128205128205
parkinsons,195,22,mutual_info,17,30,0.7644444444444444,0.9736694966126405,4.205128205128205
parkinsons,195,22,mutual_info,17,50,0.8411282051282052,0.9776255766548654,4.205128205128205
parkinsons,195,22,mutual_info,18,3,0.5264957264957265,0.9831578947368421,4.205128205128205
parkinsons,195,22,mutual_info,18,5,0.5815384615384614,0.9802660085013026,4.205128205128205
parkinsons,195,22,mutual_info,18,10,0.6656410256410257,0.9770902078422969,4.205128205128205
parkinsons,195,22,mutual_info,18,20,0.7217948717948718,0.9729701504169589,4.205128205128205
parkinsons,195,22,mutual_info,18,30,0.7687179487179487,0.9744904667981591,4.205128205128205
parkinsons,195,22,mutual_info,18,50,0.8445128205128205,0.9783602617744878,4.205128205128205
parkinsons,195,22,mutual_info,19,3,0.6341880341880342,0.9919838056680161,4.205128205128205
parkinsons,195,22,mutual_info,19,5,0.6635897435897434,0.9893980529274647,4.205128205128205
parkinsons,195,22,mutual_info,19,10,0.7507692307692307,0.9885351046353832,4.205128205128205
parkinsons,195,22,mutual_info,19,20,0.8074358974358974,0.987820123139272,4.205128205128205
parkinsons,195,22,mutual_info,19,30,0.8377777777777778,0.98703141525884,4.205128205128205
parkinsons,195,22,mutual_info,19,50,0.8864615384615385,0.9875489754318206,4.205128205128205
parkinsons,195,22,mutual_info,20,3,0.6290598290598292,0.991884840305893,4.205128205128205
parkinsons,195,22,mutual_info,20,5,0.6758974358974358,0.9890744549568079,4.205128205128205
parkinsons,195,22,mutual_info,20,10,0.7502564102564103,0.9885579601457039,4.205128205128205
parkinsons,195,22,mutual_info,20,20,0.8097435897435896,0.9877920660899384,4.205128205128205
parkinsons,195,22,mutual_info,20,30,0.8398290598290598,0.9872029271360375,4.205128205128205
parkinsons,195,22,mutual_info,20,50,0.8867692307692309,0.9875918892822658,4.205128205128205
parkinsons,195,22,mutual_info,21,3,0.7333333333333333,0.9972199730094466,4.205128205128205
parkinsons,195,22,mutual_info,21,5,0.7835897435897436,0.9964843000137118,4.205128205128205
parkinsons,195,22,mutual_info,21,10,0.8256410256410256,0.9948260838511535,4.205128205128205
parkinsons,195,22,mutual_info,21,20,0.875128205128205,0.9945849894786065,4.205128205128205
parkinsons,195,22,mutual_info,21,30,0.8986324786324787,0.9944475888288598,4.205128205128205
parkinsons,195,22,mutual_info,21,50,0.925846153846154,0.993952580195258,4.205128205128205
parkinsons,195,22,mutual_info,22,3,1.0,1.0,4.205128205128205
parkinsons,195,22,mutual_info,22,5,1.0,1.0,4.205128205128205
parkinsons,195,22,mutual_info,22,10,1.0,1.0,4.205128205128205
parkinsons,195,22,mutual_info,22,20,1.0,1.0,4.205128205128205
parkinsons,195,22,mutual_info,22,30,1.0,1.0,4.205128205128205
parkinsons,195,22,mutual_info,22,50,1.0,1.0,4.205128205128205
parkinsons,195,22,variance,1,3,0.06324786324786325,0.7098515519568152,4.205128205128205
parkinsons,195,22,variance,1,5,0.07794871794871794,0.712930207047854,4.205128205128205
parkinsons,195,22,variance,1,10,0.15692307692307694,0.7300764231126349,4.205128205128205
parkinsons,195,22,variance,1,20,0.26307692307692304,0.7519928298651704,4.205128205128205
parkinsons,195,22,variance,1,30,0.3536752136752137,0.7753160106337365,4.205128205128205
parkinsons,195,22,variance,1,50,0.508820512820513,0.7991691878553804,4.205128205128205
parkinsons,195,22,variance,2,3,0.15384615384615383,0.8163832658569501,4.205128205128205
parkinsons,195,22,variance,2,5,0.2020512820512821,0.824050459344577,4.205128205128205
parkinsons,195,22,variance,2,10,0.27999999999999997,0.8184358260124277,4.205128205128205
parkinsons,195,22,variance,2,20,0.37769230769230766,0.8189556542748032,4.205128205128205
parkinsons,195,22,variance,2,30,0.43589743589743585,0.8182191350084327,4.205128205128205
parkinsons,195,22,variance,2,50,0.5337435897435897,0.8212243321532025,4.205128205128205
parkinsons,195,22,variance,3,3,0.20170940170940171,0.8801889338731443,4.205128205128205
parkinsons,195,22,variance,3,5,0.26153846153846155,0.8737200054847114,4.205128205128205
parkinsons,195,22,variance,3,10,0.33076923076923076,0.8631297764445397,4.205128205128205
parkinsons,195,22,variance,3,20,0.4128205128205128,0.8430722469020342,4.205128205128205
parkinsons,195,22,variance,3,30,0.46290598290598284,0.8407500786096104,4.205128205128205
parkinsons,195,22,variance,3,50,0.556923076923077,0.842285591674713,4.205128205128205
parkinsons,195,22,variance,4,3,0.30256410256410254,0.9210976158344579,4.205128205128205
parkinsons,195,22,variance,4,5,0.36512820512820515,0.9145756204579734,4.205128205128205
parkinsons,195,22,variance,4,10,0.4323076923076923,0.895604599671452,4.205128205128205
parkinsons,195,22,variance,4,20,0.5,0.8865684669939989,4.205128205128205
parkinsons,195,22,variance,4,30,0.5452991452991452,0.8828436669239345,4.205128205128205
parkinsons,195,22,variance,4,50,0.6150769230769232,0.8765943568286665,4.205128205128205
parkinsons,195,22,variance,5,3,0.3111111111111111,0.9293837156995052,4.205128205128205
parkinsons,195,22,variance,5,5,0.37846153846153846,0.9213492389962978,4.205128205128205
parkinsons,195,22,variance,5,10,0.45025641025641033,0.9036011713449039,4.205128205128205
parkinsons,195,22,variance,5,20,0.5287179487179486,0.8994092432390305,4.205128205128205
parkinsons,195,22,variance,5,30,0.5851282051282051,0.8995363462253094,4.205128205128205
parkinsons,195,22,variance,5,50,0.6596923076923076,0.8993910524621822,4.205128205128205
parkinsons,195,22,variance,6,3,0.3094017094017094,0.9314080071974808,4.205128205128205
parkinsons,195,22,variance,6,5,0.3938461538461539,0.9214040861099685,4.205128205128205
parkinsons,195,22,variance,6,10,0.46102564102564103,0.9103178344403972,4.205128205128205
parkinsons,195,22,variance,6,20,0.5374358974358975,0.9024331696672122,4.205128205128205
parkinsons,195,22,variance,6,30,0.5977777777777777,0.9042975159363119,4.205128205128205
parkinsons,195,22,variance,6,50,0.675076923076923,0.9079480742409612,4.205128205128205
parkinsons,195,22,variance,7,3,0.37606837606837606,0.9471794871794872,4.205128205128205
parkinsons,195,22,variance,7,5,0.44410256410256416,0.9482078705608117,4.205128205128205
parkinsons,195,22,variance,7,10,0.5169230769230768,0.9359217198771517,4.205128205128205
parkinsons,195,22,variance,7,20,0.5953846153846154,0.9264297404722937,4.205128205128205
parkinsons,195,22,variance,7,30,0.6464957264957265,0.9261698539290513,4.205128205128205
parkinsons,195,22,variance,7,50,0.717025641025641,0.9278987233129492,4.205128205128205
parkinsons,195,22,variance,8,3,0.42393162393162387,0.9629779577147998,4.205128205128205
parkinsons,195,22,variance,8,5,0.4964102564102564,0.9609707939119704,4.205128205128205
parkinsons,195,22,variance,8,10,0.5712820512820513,0.9520262838368688,4.205128205128205
parkinsons,195,22,variance,8,20,0.645897435897436,0.9466635492167407,4.205128205128205
parkinsons,195,22,variance,8,30,0.6818803418803419,0.94324214618529,4.205128205128205
parkinsons,195,22,variance,8,50,0.7464615384615385,0.9421615706469263,4.205128205128205
parkinsons,195,22,variance,9,3,0.4290598290598291,0.9642285200179938,4.205128205128205
parkinsons,195,22,variance,9,5,0.4943589743589744,0.9590346907993967,4.205128205128205
parkinsons,195,22,variance,9,10,0.5666666666666667,0.951966288122277,4.205128205128205
parkinsons,195,22,variance,9,20,0.645897435897436,0.9468396851375575,4.205128205128205
parkinsons,195,22,variance,9,30,0.6868376068376069,0.9443649772746763,4.205128205128205
parkinsons,195,22,variance,9,50,0.7515897435897436,0.9431923613346207,4.205128205128205
parkinsons,195,22,variance,10,3,0.45470085470085475,0.9643454790823212,4.205128205128205
parkinsons,195,22,variance,10,5,0.5312820512820513,0.9599506375976964,4.205128205128205
parkinsons,195,22,variance,10,10,0.6076923076923076,0.9552231983429755,4.205128205128205
parkinsons,195,22,variance,10,20,0.6866666666666665,0.9546177227028291,4.205128205128205
parkinsons,195,22,variance,10,30,0.7186324786324786,0.9514255495526398,4.205128205128205
parkinsons,195,22,variance,10,50,0.7720000000000001,0.9491247720201695,4.205128205128205
parkinsons,195,22,variance,11,3,0.5401709401709401,0.9732433648223122,4.205128205128205
parkinsons,195,22,variance,11,5,0.596923076923077,0.9705470999588647,4.205128205128205
parkinsons,195,22,variance,11,10,0.665128205128205,0.9654081851296336,4.205128205128205
parkinsons,195,22,variance,11,20,0.738974358974359,0.9649068661834619,4.205128205128205
parkinsons,195,22,variance,11,30,0.762905982905983,0.9605111053940485,4.205128205128205
parkinsons,195,22,variance,11,50,0.8102564102564103,0.9600248900332582,4.205128205128205
parkinsons,195,22,variance,12,3,0.5692307692307692,0.9758434547908232,4.205128205128205
parkinsons,195,22,variance,12,5,0.6235897435897435,0.9732894556423968,4.205128205128205
parkinsons,195,22,variance,12,10,0.6871794871794872,0.9685593886150989,4.205128205128205
parkinsons,195,22,variance,12,20,0.7635897435897435,0.9683703530512041,4.205128205128205
parkinsons,195,22,variance,12,30,0.7825641025641024,0.9653145813680931,4.205128205128205
parkinsons,195,22,variance,12,50,0.8262564102564103,0.9645488681471945,4.205128205128205
parkinsons,195,22,variance,13,3,0.5846153846153846,0.9769050832208727,4.205128205128205
parkinsons,195,22,variance,13,5,0.6430769230769231,0.974073769367887,4.205128205128205
parkinsons,195,22,variance,13,10,0.6974358974358974,0.9697621598457253,4.205128205128205
parkinsons,195,22,variance,13,20,0.7671794871794871,0.9705588028992285,4.205128205128205
parkinsons,195,22,variance,13,30,0.7894017094017094,0.968176542892262,4.205128205128205
parkinsons,195,22,variance,13,50,0.8311794871794871,0.9677777062546937,4.205128205128205
parkinsons,195,22,variance,14,3,0.6273504273504275,0.9746828609986504,4.205128205128205
parkinsons,195,22,variance,14,5,0.6533333333333333,0.9726861373920197,4.205128205128205
parkinsons,195,22,variance,14,10,0.7184615384615383,0.9707963716877366,4.205128205128205
parkinsons,195,22,variance,14,20,0.7774358974358974,0.9717184942716858,4.205128205128205
parkinsons,195,22,variance,14,30,0.8032478632478632,0.9707652288254295,4.205128205128205
parkinsons,195,22,variance,14,50,0.8387692307692308,0.9681665057397275,4.205128205128205
parkinsons,195,22,variance,15,3,0.7076923076923077,0.9817633828160144,4.205128205128205
parkinsons,195,22,variance,15,5,0.7487179487179486,0.9803976415741121,4.205128205128205
parkinsons,195,22,variance,15,10,0.7943589743589744,0.9785529605028213,4.205128205128205
parkinsons,195,22,variance,15,20,0.8474358974358974,0.9812797131946068,4.205128205128205
parkinsons,195,22,variance,15,30,0.868034188034188,0.9790606866192151,4.205128205128205
parkinsons,195,22,variance,15,50,0.8851282051282052,0.9754953331187641,4.205128205128205
parkinsons,195,22,variance,16,3,0.7350427350427351,0.9822582096266307,4.205128205128205
parkinsons,195,22,variance,16,5,0.7702564102564102,0.9821417797888387,4.205128205128205
parkinsons,195,22,variance,16,10,0.8143589743589744,0.9803899721448468,4.205128205128205
parkinsons,195,22,variance,16,20,0.8623076923076924,0.982214948172395,4.205128205128205
parkinsons,195,22,variance,16,30,0.8788034188034188,0.980204099133865,4.205128205128205
parkinsons,195,22,variance,16,50,0.8958974358974359,0.9769432464327862,4.205128205128205
parkinsons,195,22,variance,17,3,0.7863247863247862,0.9842375168690958,4.205128205128205
parkinsons,195,22,variance,17,5,0.801025641025641,0.9817304264363088,4.205128205128205
parkinsons,195,22,variance,17,10,0.8302564102564104,0.9821898435826012,4.205128205128205
parkinsons,195,22,variance,17,20,0.8748717948717949,0.983320084171148,4.205128205128205
parkinsons,195,22,variance,17,30,0.8914529914529915,0.9809461738558729,4.205128205128205
parkinsons,195,22,variance,17,50,0.9035897435897435,0.9769320888316704,4.205128205128205
parkinsons,195,22,variance,18,3,0.8017094017094019,0.9844444444444445,4.205128205128205
parkinsons,195,22,variance,18,5,0.8153846153846154,0.9823666529548882,4.205128205128205
parkinsons,195,22,variance,18,10,0.8487179487179488,0.9829269337904435,4.205128205128205
parkinsons,195,22,variance,18,20,0.8887179487179487,0.9832546177227028,4.205128205128205
parkinsons,195,22,variance,18,30,0.8994871794871797,0.9816779578652488,4.205128205128205
parkinsons,195,22,variance,18,50,0.910051282051282,0.9770230661946143,4.205128205128205
parkinsons,195,22,variance,19,3,0.894017094017094,0.9993792172739541,4.205128205128205
parkinsons,195,22,variance,19,5,0.9066666666666667,0.9992595639654464,4.205128205128205
parkinsons,195,22,variance,19,10,0.9164102564102566,0.9989286479537176,4.205128205128205
parkinsons,195,22,variance,19,20,0.9374358974358975,0.9986049411581327,4.205128205128205
parkinsons,195,22,variance,19,30,0.945811965811966,0.9982002687019409,4.205128205128205
parkinsons,195,22,variance,19,50,0.9496410256410257,0.9970277867181633,4.205128205128205
parkinsons,195,22,variance,20,3,0.9162393162393162,0.9992622582096267,4.205128205128205
parkinsons,195,22,variance,20,5,0.9251282051282051,0.999232140408611,4.205128205128205
parkinsons,195,22,variance,20,10,0.9220512820512823,0.9988543675451753,4.205128205128205
parkinsons,195,22,variance,20,20,0.9446153846153845,0.9986361156573923,4.205128205128205
parkinsons,195,22,variance,20,30,0.9492307692307693,0.9981213732384301,4.205128205128205
parkinsons,195,22,variance,20,50,0.9546666666666668,0.9971324965132496,4.205128205128205
parkinsons,195,22,variance,21,3,0.9538461538461539,0.999685110211426,4.205128205128205
parkinsons,195,22,variance,21,5,0.9528205128205128,0.9997531879884821,4.205128205128205
parkinsons,195,22,variance,21,10,0.956923076923077,0.9995628883651168,4.205128205128205
parkinsons,195,22,variance,21,20,0.9676923076923076,0.9995713506351804,4.205128205128205
parkinsons,195,22,variance,21,30,0.9712820512820514,0.9994443015178801,4.205128205128205
parkinsons,195,22,variance,21,50,0.9756923076923076,0.9991159746808282,4.205128205128205
parkinsons,195,22,variance,22,3,1.0,1.0,4.205128205128205
parkinsons,195,22,variance,22,5,1.0,1.0,4.205128205128205
parkinsons,195,22,variance,22,10,1.0,1.0,4.205128205128205
parkinsons,195,22,variance,22,20,1.0,1.0,4.205128205128205
parkinsons,195,22,variance,22,30,1.0,1.0,4.205128205128205
parkinsons,195,22,variance,22,50,1.0,1.0,4.205128205128205
heart,270,13,pai,1,3,0.023456790123456788,0.5813510365711623,1.614814814814815
heart,270,13,pai,1,5,0.035555555555555556,0.5605004240882103,1.614814814814815
heart,270,13,pai,1,10,0.06481481481481481,0.5731892599869024,1.614814814814815
heart,270,13,pai,1,20,0.11222222222222224,0.5842217582927396,1.614814814814815
heart,270,13,pai,1,30,0.16382716049382717,0.597604553328384,1.614814814814815
heart,270,13,pai,1,50,0.24370370370370376,0.6151545272779206,1.614814814814815
heart,270,13,pai,2,3,0.044444444444444446,0.6261029583042161,1.614814814814815
heart,270,13,pai,2,5,0.06000000000000001,0.6328413910093299,1.614814814814815
heart,270,13,pai,2,10,0.09703703703703703,0.6512522738848868,1.614814814814815
heart,270,13,pai,2,20,0.1551851851851852,0.6585919740199491,1.614814814814815
heart,270,13,pai,2,30,0.22037037037037038,0.6760823778492673,1.614814814814815
heart,270,13,pai,2,50,0.3162962962962963,0.6924730077120822,1.614814814814815
heart,270,13,pai,3,3,0.06790123456790123,0.7029955741905427,1.614814814814815
heart,270,13,pai,3,5,0.09185185185185185,0.7022985581000848,1.614814814814815
heart,270,13,pai,3,10,0.14148148148148149,0.7120119333478863,1.614814814814815
heart,270,13,pai,3,20,0.2207407407407407,0.7247892986932654,1.614814814814815
heart,270,13,pai,3,30,0.2814814814814815,0.7297962550523798,1.614814814814815
heart,270,13,pai,3,50,0.37637037037037036,0.7375645053794153,1.614814814814815
heart,270,13,pai,4,3,0.11975308641975307,0.7848218029350105,1.614814814814815
heart,270,13,pai,4,5,0.1488888888888889,0.7820243143907266,1.614814814814815
heart,270,13,pai,4,10,0.2288888888888889,0.7883402459433894,1.614814814814815
heart,270,13,pai,4,20,0.3061111111111111,0.7847769272403928,1.614814814814815
heart,270,13,pai,4,30,0.3593827160493827,0.7801726745305068,1.614814814814815
heart,270,13,pai,4,50,0.4352592592592593,0.7753853184804341,1.614814814814815
heart,270,13,pai,5,3,0.1382716049382716,0.8420125786163521,1.614814814814815
heart,270,13,pai,5,5,0.20444444444444446,0.8491235510319479,1.614814814814815
heart,270,13,pai,5,10,0.2814814814814815,0.8483111402168376,1.614814814814815
heart,270,13,pai,5,20,0.3651851851851852,0.8406866156344236,1.614814814814815
heart,270,13,pai,5,30,0.42666666666666664,0.8381715197008441,1.614814814814815
heart,270,13,pai,5,50,0.494962962962963,0.8225086165857374,1.614814814814815
heart,270,13,pai,6,3,0.14074074074074075,0.8650687165152574,1.614814814814815
heart,270,13,pai,6,5,0.21925925925925926,0.8687814532089342,1.614814814814815
heart,270,13,pai,6,10,0.3025925925925926,0.8619922869824638,1.614814814814815
heart,270,13,pai,6,20,0.39814814814814814,0.8588022887187814,1.614814814814815
heart,270,13,pai,6,30,0.45333333333333337,0.8574423272567296,1.614814814814815
heart,270,13,pai,6,50,0.532962962962963,0.8524855755498428,1.614814814814815
heart,270,13,pai,7,3,0.2074074074074074,0.916240391334731,1.614814814814815
heart,270,13,pai,7,5,0.28962962962962957,0.9109216850438224,1.614814814814815
heart,270,13,pai,7,10,0.36814814814814817,0.900052390307793,1.614814814814815
heart,270,13,pai,7,20,0.46277777777777784,0.8946323358849455,1.614814814814815
heart,270,13,pai,7,30,0.5159259259259259,0.8905848387362864,1.614814814814815
heart,270,13,pai,7,50,0.5919259259259259,0.883273350471294,1.614814814814815
heart,270,13,pai,8,3,0.26666666666666666,0.9474213836477987,1.614814814814815
heart,270,13,pai,8,5,0.35555555555555557,0.942377721232683,1.614814814814815
heart,270,13,pai,8,10,0.432962962962963,0.9322462344466274,1.614814814814815
heart,270,13,pai,8,20,0.5203703703703704,0.9231052346709967,1.614814814814815
heart,270,13,pai,8,30,0.5753086419753086,0.9212015727680167,1.614814814814815
heart,270,13,pai,8,50,0.648962962962963,0.91608911739503,1.614814814814815
heart,270,13,pai,9,3,0.2790123456790123,0.9548427672955975,1.614814814814815
heart,270,13,pai,9,5,0.37851851851851853,0.9544387899349731,1.614814814814815
heart,270,13,pai,9,10,0.48,0.9520293967838173,1.614814814814815
heart,270,13,pai,9,20,0.5724074074074075,0.9467679579370603,1.614814814814815
heart,270,13,pai,9,30,0.6224691358024691,0.9420330501251065,1.614814814814815
heart,270,13,pai,9,50,0.6897777777777778,0.9389637246500999,1.614814814814815
heart,270,13,pai,10,3,0.37160493827160485,0.9739948753785231,1.614814814814815
heart,270,13,pai,10,5,0.4696296296296297,0.9728696635566865,1.614814814814815
heart,270,13,pai,10,10,0.5633333333333335,0.9700283780833879,1.614814814814815
heart,270,13,pai,10,20,0.6487037037037037,0.9654496249903348,1.614814814814815
heart,270,13,pai,10,30,0.6911111111111111,0.9629068712364927,1.614814814814815
heart,270,13,pai,10,50,0.7507407407407408,0.9592470722650671,1.614814814814815
heart,270,13,pai,11,3,0.4987654320987654,0.9879385045422782,1.614814814814815
heart,270,13,pai,11,5,0.5881481481481482,0.9862086513994911,1.614814814814815
heart,270,13,pai,11,10,0.6674074074074073,0.9802415775303791,1.614814814814815
heart,270,13,pai,11,20,0.7416666666666667,0.976723884636202,1.614814814814815
heart,270,13,pai,11,30,0.7775308641975309,0.9750919739338447,1.614814814814815
heart,270,13,pai,11,50,0.8194074074074075,0.9711876606683805,1.614814814814815
heart,270,13,pai,12,3,0.6851851851851851,0.9953505706964827,1.614814814814815
heart,270,13,pai,12,5,0.7696296296296297,0.9944218264065592,1.614814814814815
heart,270,13,pai,12,10,0.7985185185185185,0.9920308520701449,1.614814814814815
heart,270,13,pai,12,20,0.8387037037037036,0.9897386530580685,1.614814814814815
heart,270,13,pai,12,30,0.8619753086419754,0.9881217520415738,1.614814814814815
heart,270,13,pai,12,50,0.8875555555555555,0.9856738074835761,1.614814814814815
heart,270,13,pai,13,3,1.0,1.0,1.614814814814815
heart,270,13,pai,13,5,1.0,1.0,1.614814814814815
heart,270,13,pai,13,10,1.0,1.0,1.614814814814815
heart,270,13,pai,13,20,1.0,1.0,1.614814814814815
heart,270,13,pai,13,30,1.0,1.0,1.614814814814815
heart,270,13,pai,13,50,1.0,1.0,1.614814814814815
heart,270,13,nrs,1,3,0.018518518518518517,0.6045050081528069,1.614814814814815
heart,270,13,nrs,1,5,0.03481481481481482,0.5634011874469889,1.614814814814815
heart,270,13,nrs,1,10,0.05185185185185186,0.6011889689296369,1.614814814814815
heart,270,13,nrs,1,20,0.13074074074074074,0.6230990489445605,1.614814814814815
heart,270,13,nrs,1,30,0.1819753086419753,0.6272820259011795,1.614814814814815
heart,270,13,nrs,1,50,0.2914074074074074,0.6669732457393125,1.614814814814815
heart,270,13,nrs,2,3,0.03580246913580247,0.7294945259725134,1.614814814814815
heart,270,13,nrs,2,5,0.05037037037037038,0.7179558948261238,1.614814814814815
heart,270,13,nrs,2,10,0.09703703703703703,0.6890547915302336,1.614814814814815
heart,270,13,nrs,2,20,0.18592592592592594,0.7151063171731231,1.614814814814815
heart,270,13,nrs,2,30,0.261358024691358,0.7335087574582749,1.614814814814815
heart,270,13,nrs,2,50,0.36807407407407405,0.7325427020851185,1.614814814814815
heart,270,13,nrs,3,3,0.04444444444444444,0.7572653156300955,1.614814814814815
heart,270,13,nrs,3,5,0.08296296296296296,0.7506785411365564,1.614814814814815
heart,270,13,nrs,3,10,0.1274074074074074,0.7513512333551626,1.614814814814815
heart,270,13,nrs,3,20,0.22166666666666665,0.7582502126343462,1.614814814814815
heart,270,13,nrs,3,30,0.3118518518518518,0.7734372680029695,1.614814814814815
heart,270,13,nrs,3,50,0.43266666666666664,0.7836701894696754,1.614814814814815
heart,270,13,nrs,4,3,0.06419753086419751,0.7927230375029117,1.614814814814815
heart,270,13,nrs,4,5,0.10962962962962962,0.8107661860333616,1.614814814814815
heart,270,13,nrs,4,10,0.17407407407407408,0.7974605253583642,1.614814814814815
heart,270,13,nrs,4,20,0.287962962962963,0.8078435011211629,1.614814814814815
heart,270,13,nrs,4,30,0.37777777777777777,0.8164194781269762,1.614814814814815
heart,270,13,nrs,4,50,0.4902222222222223,0.8221094925259449,1.614814814814815
heart,270,13,nrs,5,3,0.11358024691358024,0.8425203820172373,1.614814814814815
heart,270,13,nrs,5,5,0.15333333333333332,0.834147582697201,1.614814814814815
heart,270,13,nrs,5,10,0.2174074074074074,0.8359193771374518,1.614814814814815
heart,270,13,nrs,5,20,0.33555555555555555,0.8382602644398052,1.614814814814815
heart,270,13,nrs,5,30,0.4171604938271605,0.8454084522532926,1.614814814814815
heart,270,13,nrs,5,50,0.5163703703703705,0.8464572027039894,1.614814814814815
heart,270,13,nrs,6,3,0.13086419753086417,0.8774796179827626,1.614814814814815
heart,270,13,nrs,6,5,0.1733333333333333,0.8728187729714447,1.614814814814815
heart,270,13,nrs,6,10,0.2674074074074074,0.8733246016153678,1.614814814814815
heart,270,13,nrs,6,20,0.38796296296296295,0.8742441815510709,1.614814814814815
heart,270,13,nrs,6,30,0.46604938271604934,0.8744716654293492,1.614814814814815
heart,270,13,nrs,6,50,0.5603703703703704,0.8749701989907646,1.614814814814815
heart,270,13,nrs,7,3,0.15432098765432098,0.9057488935476357,1.614814814814815
heart,270,13,nrs,7,5,0.21999999999999997,0.9063132598247102,1.614814814814815
heart,270,13,nrs,7,10,0.3211111111111111,0.90676708142327,1.614814814814815
heart,270,13,nrs,7,20,0.4461111111111112,0.9080893837470038,1.614814814814815
heart,270,13,nrs,7,30,0.5125925925925926,0.9049767659270258,1.614814814814815
heart,270,13,nrs,7,50,0.6063703703703704,0.9029218318575645,1.614814814814815
heart,270,13,nrs,8,3,0.20617283950617285,0.9298206382483112,1.614814814814815
heart,270,13,nrs,8,5,0.26888888888888884,0.9272208085948543,1.614814814814815
heart,270,13,nrs,8,10,0.38185185185185183,0.926921341773994,1.614814814814815
heart,270,13,nrs,8,20,0.4874074074074074,0.9236805072295677,1.614814814814815
heart,270,13,nrs,8,30,0.5535802469135802,0.9203541477632049,1.614814814814815
heart,270,13,nrs,8,50,0.6394814814814814,0.9157612110825478,1.614814814814815
heart,270,13,nrs,9,3,0.24074074074074073,0.9508362450500816,1.614814814814815
heart,270,13,nrs,9,5,0.2948148148148148,0.9489595702572802,1.614814814814815
heart,270,13,nrs,9,10,0.4151851851851852,0.9442028669140653,1.614814814814815
heart,270,13,nrs,9,20,0.5211111111111111,0.9382842341297456,1.614814814814815
heart,270,13,nrs,9,30,0.597037037037037,0.9356853364128791,1.614814814814815
heart,270,13,nrs,9,50,0.674962962962963,0.9323008664191184,1.614814814814815
heart,270,13,nrs,10,3,0.2530864197530863,0.9604705334265082,1.614814814814815
heart,270,13,nrs,10,5,0.3237037037037037,0.9580491942324003,1.614814814814815
heart,270,13,nrs,10,10,0.4577777777777778,0.9579931601542604,1.614814814814815
heart,270,13,nrs,10,20,0.5737037037037037,0.954285161988711,1.614814814814815
heart,270,13,nrs,10,30,0.6414814814814814,0.9519387390359922,1.614814814814815
heart,270,13,nrs,10,50,0.7119259259259259,0.9476020184709131,1.614814814814815
heart,270,13,nrs,11,3,0.45432098765432094,0.9797437689261589,1.614814814814815
heart,270,13,nrs,11,5,0.5407407407407407,0.9754679106587504,1.614814814814815
heart,270,13,nrs,11,10,0.6203703703703703,0.96882194571782,1.614814814814815
heart,270,13,nrs,11,20,0.7027777777777777,0.9651867316167942,1.614814814814815
heart,270,13,nrs,11,30,0.7460493827160494,0.9620143528829498,1.614814814814815
heart,270,13,nrs,11,50,0.7904444444444445,0.9588083404741502,1.614814814814815
heart,270,13,nrs,12,3,0.7135802469135802,0.9852038201723736,1.614814814814815
heart,270,13,nrs,12,5,0.7362962962962963,0.9838111393836585,1.614814814814815
heart,270,13,nrs,12,10,0.7840740740740741,0.9824259623080841,1.614814814814815
heart,270,13,nrs,12,20,0.8235185185185185,0.9794053970463157,1.614814814814815
heart,270,13,nrs,12,30,0.8403703703703705,0.9766212983584921,1.614814814814815
heart,270,13,nrs,12,50,0.8610370370370372,0.9741346282014662,1.614814814814815
heart,270,13,nrs,13,3,1.0,1.0,1.614814814814815
heart,270,13,nrs,13,5,1.0,1.0,1.614814814814815
heart,270,13,nrs,13,10,1.0,1.0,1.614814814814815
heart,270,13,nrs,13,20,1.0,1.0,1.614814814814815
heart,270,13,nrs,13,30,1.0,1.0,1.614814814814815
heart,270,13,nrs,13,50,1.0,1.0,1.614814814814815
heart,270,13,relieff,1,3,0.025925925925925925,0.561295131609597,1.614814814814815
heart,270,13,relieff,1,5,0.0362962962962963,0.4854170200735086,1.614814814814815
heart,270,13,relieff,1,10,0.06777777777777777,0.5883125955031652,1.614814814814815
heart,270,13,relieff,1,20,0.11722222222222224,0.5900278357689632,1.614814814814815
heart,270,13,relieff,1,30,0.17308641975308642,0.6158486623223075,1.614814814814815
heart,270,13,relieff,1,50,0.2656296296296296,0.6300036180139008,1.614814814814815
heart,270,13,relieff,2,3,0.040740740740740744,0.6586116934544608,1.614814814814815
heart,270,13,relieff,2,5,0.05703703703703704,0.7152332485156913,1.614814814814815
heart,270,13,relieff,2,10,0.0974074074074074,0.6872385941934076,1.614814814814815
heart,270,13,relieff,2,20,0.17407407407407408,0.6994533364261966,1.614814814814815
heart,270,13,relieff,2,30,0.25555555555555554,0.7160763287415106,1.614814814814815
heart,270,13,relieff,2,50,0.3528148148148148,0.7205008092925831,1.614814814814815
heart,270,13,relieff,3,3,0.04444444444444444,0.7572653156300955,1.614814814814815
heart,270,13,relieff,3,5,0.08296296296296296,0.7506785411365564,1.614814814814815
heart,270,13,relieff,3,10,0.1274074074074074,0.7513512333551626,1.614814814814815
heart,270,13,relieff,3,20,0.22166666666666665,0.7582502126343462,1.614814814814815
heart,270,13,relieff,3,30,0.3118518518518518,0.7734372680029695,1.614814814814815
heart,270,13,relieff,3,50,0.43266666666666664,0.7836701894696754,1.614814814814815
heart,270,13,relieff,4,3,0.06419753086419751,0.7927230375029117,1.614814814814815
heart,270,13,relieff,4,5,0.10962962962962962,0.8107661860333616,1.614814814814815
heart,270,13,relieff,4,10,0.17407407407407408,0.7974605253583642,1.614814814814815
heart,270,13,relieff,4,20,0.287962962962963,0.8078435011211629,1.614814814814815
heart,270,13,relieff,4,30,0.37777777777777777,0.8164194781269762,1.614814814814815
heart,270,13,relieff,4,50,0.4902222222222223,0.8221094925259449,1.614814814814815
heart,270,13,relieff,5,3,0.10864197530864196,0.8564174237130212,1.614814814814815
heart,270,13,relieff,5,5,0.16148148148148145,0.8611252473847893,1.614814814814815
heart,270,13,relieff,5,10,0.22629629629629633,0.8603143418467584,1.614814814814815
heart,270,13,relieff,5,20,0.3651851851851852,0.862949818294286,1.614814814814815
heart,270,13,relieff,5,30,0.4509876543209877,0.8677879512771867,1.614814814814815
heart,270,13,relieff,5,50,0.536962962962963,0.8636580024754832,1.614814814814815
heart,270,13,relieff,6,3,0.11604938271604937,0.8740880503144655,1.614814814814815
heart,270,13,relieff,6,5,0.15925925925925927,0.8672094995759118,1.614814814814815
heart,270,13,relieff,6,10,0.25851851851851854,0.8730277232045405,1.614814814814815
heart,270,13,relieff,6,20,0.39759259259259255,0.8791950823474832,1.614814814814815
heart,270,13,relieff,6,30,0.46888888888888886,0.8779515521460585,1.614814814814815
heart,270,13,relieff,6,50,0.560962962962963,0.8743425687898696,1.614814814814815
heart,270,13,relieff,7,3,0.18271604938271604,0.9098346144887025,1.614814814814815
heart,270,13,relieff,7,5,0.23777777777777778,0.901436245405711,1.614814814814815
heart,270,13,relieff,7,10,0.34629629629629627,0.9031477843265663,1.614814814814815
heart,270,13,relieff,7,20,0.45814814814814814,0.8974885950668832,1.614814814814815
heart,270,13,relieff,7,30,0.5183950617283951,0.8933437817921857,1.614814814814815
heart,270,13,relieff,7,50,0.5985185185185184,0.889077787298867,1.614814814814815
heart,270,13,relieff,8,3,0.22222222222222218,0.9328954111344049,1.614814814814815
heart,270,13,relieff,8,5,0.29555555555555557,0.9335849590048063,1.614814814814815
heart,270,13,relieff,8,10,0.4025925925925926,0.9264702030124427,1.614814814814815
heart,270,13,relieff,8,20,0.504074074074074,0.917446068197634,1.614814814814815
heart,270,13,relieff,8,30,0.5645679012345678,0.9157689240836977,1.614814814814815
heart,270,13,relieff,8,50,0.6391851851851852,0.9113544701513854,1.614814814814815
heart,270,13,relieff,9,3,0.28765432098765437,0.9544700675518285,1.614814814814815
heart,270,13,relieff,9,5,0.3792592592592593,0.9505795872208086,1.614814814814815
heart,270,13,relieff,9,10,0.48037037037037034,0.943306410536273,1.614814814814815
heart,270,13,relieff,9,20,0.5731481481481482,0.9336805072295677,1.614814814814815
heart,270,13,relieff,9,30,0.6266666666666666,0.9316401330803706,1.614814814814815
heart,270,13,relieff,9,50,0.6874814814814814,0.9253855089022184,1.614814814814815
heart,270,13,relieff,10,3,0.37037037037037035,0.9703191241556022,1.614814814814815
heart,270,13,relieff,10,5,0.43925925925925924,0.9648657054000566,1.614814814814815
heart,270,13,relieff,10,10,0.5414814814814815,0.9590598850323802,1.614814814814815
heart,270,13,relieff,10,20,0.63,0.9543570710585324,1.614814814814815
heart,270,13,relieff,10,30,0.6770370370370371,0.950851549396464,1.614814814814815
heart,270,13,relieff,10,50,0.734074074074074,0.9444273064838618,1.614814814814815
heart,270,13,relieff,11,3,0.45432098765432094,0.9797437689261589,1.614814814814815
heart,270,13,relieff,11,5,0.5407407407407407,0.9754679106587504,1.614814814814815
heart,270,13,relieff,11,10,0.6203703703703703,0.96882194571782,1.614814814814815
heart,270,13,relieff,11,20,0.7027777777777777,0.9651867316167942,1.614814814814815
heart,270,13,relieff,11,30,0.7460493827160494,0.9620143528829498,1.614814814814815
heart,270,13,relieff,11,50,0.7904444444444445,0.9588083404741502,1.614814814814815
heart,270,13,relieff,12,3,0.7135802469135802,0.9852038201723736,1.614814814814815
heart,270,13,relieff,12,5,0.7362962962962963,0.9838111393836585,1.614814814814815
heart,270,13,relieff,12,10,0.7840740740740741,0.9824259623080841,1.614814814814815
heart,270,13,relieff,12,20,0.8235185185185185,0.9794053970463157,1.614814814814815
heart,270,13,relieff,12,30,0.8403703703703705,0.9766212983584921,1.614814814814815
heart,270,13,relieff,12,50,0.8610370370370372,0.9741346282014662,1.614814814814815
heart,270,13,relieff,13,3,1.0,1.0,1.614814814814815
heart,270,13,relieff,13,5,1.0,1.0,1.614814814814815
heart,270,13,relieff,13,10,1.0,1.0,1.614814814814815
heart,270,13,relieff,13,20,1.0,1.0,1.614814814814815
heart,270,13,relieff,13,30,1.0,1.0,1.614814814814815
heart,270,13,relieff,13,50,1.0,1.0,1.614814814814815
heart,270,13,mutual_info,1,3,0.018518518518518517,0.6045050081528069,1.614814814814815
heart,270,13,mutual_info,1,5,0.03481481481481482,0.5634011874469889,1.614814814814815
heart,270,13,mutual_info,1,10,0.05185185185185186,0.6011889689296369,1.614814814814815
heart,270,13,mutual_info,1,20,0.13074074074074074,0.6230990489445605,1.614814814814815
heart,270,13,mutual_info,1,30,0.1819753086419753,0.6272820259011795,1.614814814814815
heart,270,13,mutual_info,1,50,0.2914074074074074,0.6669732457393125,1.614814814814815
heart,270,13,mutual_info,2,3,0.03580246913580247,0.6785883997204751,1.614814814814815
heart,270,13,mutual_info,2,5,0.06962962962962964,0.6723664122137405,1.614814814814815
heart,270,13,mutual_info,2,10,0.11222222222222224,0.6896296296296296,1.614814814814815
heart,270,13,mutual_info,2,20,0.1775925925925926,0.6959514420474755,1.614814814814815
heart,270,13,mutual_info,2,30,0.2469135802469136,0.7102862327806649,1.614814814814815
heart,270,13,mutual_info,2,50,0.3722962962962963,0.7352127963439017,1.614814814814815
heart,270,13,mutual_info,3,3,0.06666666666666667,0.7310505474027487,1.614814814814815
heart,270,13,mutual_info,3,5,0.09555555555555555,0.733652813118462,1.614814814814815
heart,270,13,mutual_info,3,10,0.1511111111111111,0.7457163646947537,1.614814814814815
heart,270,13,mutual_info,3,20,0.23944444444444446,0.753287713600866,1.614814814814815
heart,270,13,mutual_info,3,30,0.3048148148148148,0.759740438285353,1.614814814814815
heart,270,13,mutual_info,3,50,0.43192592592592594,0.7823223840807388,1.614814814814815
heart,270,13,mutual_info,4,3,0.07777777777777777,0.7943116701607268,1.614814814814815
heart,270,13,mutual_info,4,5,0.1037037037037037,0.787232117613797,1.614814814814815
heart,270,13,mutual_info,4,10,0.18370370370370373,0.7918358437022484,1.614814814814815
heart,270,13,mutual_info,4,20,0.2859259259259259,0.7992213716848373,1.614814814814815
heart,270,13,mutual_info,4,30,0.3585185185185185,0.8079441282410844,1.614814814814815
heart,270,13,mutual_info,4,50,0.4663703703703704,0.8130374178806056,1.614814814814815
heart,270,13,mutual_info,5,3,0.07530864197530862,0.8305008152806894,1.614814814814815
heart,270,13,mutual_info,5,5,0.12222222222222222,0.8330817076618603,1.614814814814815
heart,270,13,mutual_info,5,10,0.2125925925925926,0.8361100196463654,1.614814814814815
heart,270,13,mutual_info,5,20,0.3229629629629629,0.8350212634346246,1.614814814814815
heart,270,13,mutual_info,5,30,0.4,0.838863867579532,1.614814814814815
heart,270,13,mutual_info,5,50,0.5114074074074075,0.8462823955060459,1.614814814814815
heart,270,13,mutual_info,6,3,0.09382716049382714,0.8627859305846727,1.614814814814815
heart,270,13,mutual_info,6,5,0.1511111111111111,0.8580576759966073,1.614814814814815
heart,270,13,mutual_info,6,10,0.25148148148148153,0.856181328676417,1.614814814814815
heart,270,13,mutual_info,6,20,0.362962962962963,0.858793010129127,1.614814814814815
heart,270,13,mutual_info,6,30,0.44209876543209875,0.862025901179576,1.614814814814815
heart,270,13,mutual_info,6,50,0.542888888888889,0.8630939731505284,1.614814814814815
heart,270,13,mutual_info,7,3,0.13209876543209878,0.9034474726298626,1.614814814814815
heart,270,13,mutual_info,7,5,0.18962962962962962,0.8917217981340119,1.614814814814815
heart,270,13,mutual_info,7,10,0.29444444444444445,0.8863028450847704,1.614814814814815
heart,270,13,mutual_info,7,20,0.40166666666666667,0.8829243021727364,1.614814814814815
heart,270,13,mutual_info,7,30,0.47728395061728396,0.8847029063213177,1.614814814814815
heart,270,13,mutual_info,7,50,0.5797037037037036,0.8853847472150814,1.614814814814815
heart,270,13,mutual_info,8,3,0.18888888888888888,0.9310272536687632,1.614814814814815
heart,270,13,mutual_info,8,5,0.25407407407407406,0.9253972292903591,1.614814814814815
heart,270,13,mutual_info,8,10,0.3588888888888889,0.9200509350214655,1.614814814814815
heart,270,13,mutual_info,8,20,0.4844444444444445,0.918804608366195,1.614814814814815
heart,270,13,mutual_info,8,30,0.5538271604938272,0.9159278506420303,1.614814814814815
heart,270,13,mutual_info,8,50,0.6385185185185185,0.9123378082452632,1.614814814814815
heart,270,13,mutual_info,9,3,0.2185185185185185,0.9481248544141626,1.614814814814815
heart,270,13,mutual_info,9,5,0.2962962962962963,0.9445122985581,1.614814814814815
heart,270,13,mutual_info,9,10,0.40481481481481485,0.9419806446918431,1.614814814814815
heart,270,13,mutual_info,9,20,0.5320370370370371,0.9399744838784505,1.614814814814815
heart,270,13,mutual_info,9,30,0.6039506172839506,0.9379048090406665,1.614814814814815
heart,270,13,mutual_info,9,50,0.6759999999999999,0.9318449966676188,1.614814814814815
heart,270,13,mutual_info,10,3,0.2802469135802469,0.9657628697880271,1.614814814814815
heart,270,13,mutual_info,10,5,0.35333333333333333,0.9649561775515973,1.614814814814815
heart,270,13,mutual_info,10,10,0.4644444444444445,0.9608542530742924,1.614814814814815
heart,270,13,mutual_info,10,20,0.5790740740740742,0.958868785277971,1.614814814814815
heart,270,13,mutual_info,10,30,0.6485185185185184,0.9562501031097913,1.614814814814815
heart,270,13,mutual_info,10,50,0.7145925925925926,0.9515395601256784,1.614814814814815
heart,270,13,mutual_info,11,3,0.3617283950617284,0.983340321453529,1.614814814814815
heart,270,13,mutual_info,11,5,0.44074074074074077,0.983635849590048,1.614814814814815
heart,270,13,mutual_info,11,10,0.5481481481481482,0.9807349195954304,1.614814814814815
heart,270,13,mutual_info,11,20,0.6485185185185186,0.9787009974483879,1.614814814814815
heart,270,13,mutual_info,11,30,0.7109876543209876,0.9764629217190465,1.614814814814815
heart,270,13,mutual_info,11,50,0.770888888888889,0.9740790250404646,1.614814814814815
heart,270,13,mutual_info,12,3,0.4604938271604938,0.9920521779641277,1.614814814814815
heart,270,13,mutual_info,12,5,0.5207407407407408,0.9913768730562623,1.614814814814815
heart,270,13,mutual_info,12,10,0.6011111111111112,0.9901025976860948,1.614814814814815
heart,270,13,mutual_info,12,20,0.6979629629629629,0.9892430217273641,1.614814814814815
heart,270,13,mutual_info,12,30,0.7575308641975309,0.989148450603536,1.614814814814815
heart,270,13,mutual_info,12,50,0.8057777777777778,0.988094449204989,1.614814814814815
heart,270,13,mutual_info,13,3,1.0,1.0,1.614814814814815
heart,270,13,mutual_info,13,5,1.0,1.0,1.614814814814815
heart,270,13,mutual_info,13,10,1.0,1.0,1.614814814814815
heart,270,13,mutual_info,13,20,1.0,1.0,1.614814814814815
heart,270,13,mutual_info,13,30,1.0,1.0,1.614814814814815
heart,270,13,mutual_info,13,50,1.0,1.0,1.614814814814815
heart,270,13,variance,1,3,0.018518518518518517,0.6045050081528069,1.614814814814815
heart,270,13,variance,1,5,0.03481481481481482,0.5634011874469889,1.614814814814815
heart,270,13,variance,1,10,0.05185185185185186,0.6011889689296369,1.614814814814815
heart,270,13,variance,1,20,0.13074074074074074,0.6230990489445605,1.614814814814815
heart,270,13,variance,1,30,0.1819753086419753,0.6272820259011795,1.614814814814815
heart,270,13,variance,1,50,0.2914074074074074,0.6669732457393125,1.614814814814815
heart,270,13,variance,2,3,0.014814814814814815,0.6667179128814349,1.614814814814815
heart,270,13,variance,2,5,0.03555555555555556,0.6502290076335877,1.614814814814815
heart,270,13,variance,2,10,0.06999999999999999,0.6627097431419632,1.614814814814815
heart,270,13,variance,2,20,0.17185185185185184,0.6933905513028686,1.614814814814815
heart,270,13,variance,2,30,0.25160493827160496,0.7213214550853749,1.614814814814815
heart,270,13,variance,2,50,0.3774074074074074,0.7424354946205846,1.614814814814815
heart,270,13,variance,3,3,0.05185185185185185,0.756533892382949,1.614814814814815
heart,270,13,variance,3,5,0.08148148148148149,0.7414164546225614,1.614814814814815
heart,270,13,variance,3,10,0.1388888888888889,0.7494069708215092,1.614814814814815
heart,270,13,variance,3,20,0.23740740740740737,0.7671862676873116,1.614814814814815
heart,270,13,variance,3,30,0.31432098765432104,0.7821265363358905,1.614814814814815
heart,270,13,variance,3,50,0.43992592592592594,0.7947287441683328,1.614814814814815
heart,270,13,variance,4,3,0.0765432098765432,0.7968879571395294,1.614814814814815
heart,270,13,variance,4,5,0.11703703703703702,0.8026180378852135,1.614814814814815
heart,270,13,variance,4,10,0.18666666666666668,0.816181328676417,1.614814814814815
heart,270,13,variance,4,20,0.29203703703703704,0.8117219515966907,1.614814814814815
heart,270,13,variance,4,30,0.3662962962962963,0.8157711237592455,1.614814814814815
heart,270,13,variance,4,50,0.4684444444444444,0.8187135104255927,1.614814814814815
heart,270,13,variance,5,3,0.11111111111111109,0.8608711856510598,1.614814814814815
heart,270,13,variance,5,5,0.1496296296296296,0.8529686174724342,1.614814814814815
heart,270,13,variance,5,10,0.2466666666666667,0.8577865094957433,1.614814814814815
heart,270,13,variance,5,20,0.3618518518518518,0.8614219438645326,1.614814814814815
heart,270,13,variance,5,30,0.431358024691358,0.8572894498061536,1.614814814814815
heart,270,13,variance,5,50,0.5324444444444444,0.8609593449490622,1.614814814814815
heart,270,13,variance,6,3,0.13333333333333333,0.8738737479617983,1.614814814814815
heart,270,13,variance,6,5,0.18592592592592594,0.8770851003675431,1.614814814814815
heart,270,13,variance,6,10,0.2825925925925926,0.8759557592956414,1.614814814814815
heart,270,13,variance,6,20,0.3909259259259259,0.875230031701848,1.614814814814815
heart,270,13,variance,6,30,0.4661728395061729,0.8748852044323463,1.614814814814815
heart,270,13,variance,6,50,0.5658518518518518,0.8794835761211083,1.614814814814815
heart,270,13,variance,7,3,0.16296296296296298,0.9111111111111111,1.614814814814815
heart,270,13,variance,7,5,0.21777777777777776,0.9082301385354821,1.614814814814815
heart,270,13,variance,7,10,0.30888888888888894,0.9027184748599287,1.614814814814815
heart,270,13,variance,7,20,0.42166666666666663,0.8981543338745844,1.614814814814815
heart,270,13,variance,7,30,0.49666666666666665,0.8990728367565785,1.614814814814815
heart,270,13,variance,7,50,0.5982962962962963,0.9023707512139388,1.614814814814815
heart,270,13,variance,8,3,0.1814814814814815,0.9205870020964361,1.614814814814815
heart,270,13,variance,8,5,0.22666666666666666,0.9200989539157478,1.614814814814815
heart,270,13,variance,8,10,0.3340740740740741,0.9115695263043003,1.614814814814815
heart,270,13,variance,8,20,0.445,0.9084164540323204,1.614814814814815
heart,270,13,variance,8,30,0.522716049382716,0.9092320382743545,1.614814814814815
heart,270,13,variance,8,50,0.6173333333333334,0.9109770541749976,1.614814814814815
heart,270,13,variance,9,3,0.19012345679012344,0.9432191940368041,1.614814814814815
heart,270,13,variance,9,5,0.25333333333333335,0.9355781735934408,1.614814814814815
heart,270,13,variance,9,10,0.37111111111111106,0.9284915957214582,1.614814814814815
heart,270,13,variance,9,20,0.48944444444444446,0.925863295445759,1.614814814814815
heart,270,13,variance,9,30,0.5707407407407408,0.9255288844895377,1.614814814814815
heart,270,13,variance,9,50,0.6597037037037037,0.9273217176044939,1.614814814814815
heart,270,13,variance,10,3,0.2382716049382716,0.960959701840205,1.614814814814815
heart,270,13,variance,10,5,0.3103703703703704,0.9590472151540854,1.614814814814815
heart,270,13,variance,10,10,0.43925925925925924,0.9529389507385578,1.614814814814815
heart,270,13,variance,10,20,0.5594444444444445,0.9506603262970695,1.614814814814815
heart,270,13,variance,10,30,0.6311111111111111,0.9490021721796035,1.614814814814815
heart,270,13,variance,10,50,0.7132592592592591,0.9514454917642579,1.614814814814815
heart,270,13,variance,11,3,0.3234567901234568,0.9822361984626136,1.614814814814815
heart,270,13,variance,11,5,0.3925925925925926,0.9802742437093582,1.614814814814815
heart,270,13,variance,11,10,0.4892592592592592,0.9767576220621407,1.614814814814815
heart,270,13,variance,11,20,0.6135185185185186,0.9743872264749092,1.614814814814815
heart,270,13,variance,11,30,0.685679012345679,0.9732711924991064,1.614814814814815
heart,270,13,variance,11,50,0.7594074074074075,0.9733245739312577,1.614814814814815
heart,270,13,variance,12,3,0.4604938271604938,0.9920521779641277,1.614814814814815
heart,270,13,variance,12,5,0.5207407407407408,0.9913768730562623,1.614814814814815
heart,270,13,variance,12,10,0.6011111111111112,0.9901025976860948,1.614814814814815
heart,270,13,variance,12,20,0.6979629629629629,0.9892430217273641,1.614814814814815
heart,270,13,variance,12,30,0.7575308641975309,0.989148450603536,1.614814814814815
heart,270,13,variance,12,50,0.8057777777777778,0.988094449204989,1.614814814814815
heart,270,13,variance,13,3,1.0,1.0,1.614814814814815
heart,270,13,variance,13,5,1.0,1.0,1.614814814814815
heart,270,13,variance,13,10,1.0,1.0,1.614814814814815
heart,270,13,variance,13,20,1.0,1.0,1.614814814814815
heart,270,13,variance,13,30,1.0,1.0,1.614814814814815
heart,270,13,variance,13,50,1.0,1.0,1.614814814814815
