dataset,n,d,n_resample,seed,method,attribute_j,importance_score,pai_bound,n_pts_dgm_H0,n_pts_dgm_H1,thresh,maxdim,time_method_sec
iris,150,4,120,0,pai,0,0.39511725306510925,8.724086671942894,120,20,2.0,1,0.749484667
iris,150,4,120,0,pai,1,0.7920213639736176,11.04944478041503,120,20,2.0,1,0.749484667
iris,150,4,120,0,pai,2,0.3553190231323242,6.70681637580517,120,20,2.0,1,0.749484667
iris,150,4,120,0,pai,3,0.29557666182518005,6.3183448459344405,120,20,2.0,1,0.749484667
iris,150,4,120,0,nrs,0,-0.05833333333333335,-1.0,-1,-1,2.0,1,0.0028429580000000065
iris,150,4,120,0,nrs,1,-0.050000000000000044,-1.0,-1,-1,2.0,1,0.0028429580000000065
iris,150,4,120,0,nrs,2,0.16666666666666663,-1.0,-1,-1,2.0,1,0.0028429580000000065
iris,150,4,120,0,nrs,3,0.23333333333333328,-1.0,-1,-1,2.0,1,0.0028429580000000065
iris,150,4,120,0,relieff,0,0.13561342592592585,-1.0,-1,-1,2.0,1,0.01852200000000015
iris,150,4,120,0,relieff,1,0.1205381944444443,-1.0,-1,-1,2.0,1,0.01852200000000015
iris,150,4,120,0,relieff,2,0.35760593220339,-1.0,-1,-1,2.0,1,0.01852200000000015
iris,150,4,120,0,relieff,3,0.3725694444444445,-1.0,-1,-1,2.0,1,0.01852200000000015
iris,150,4,120,0,mutual_info,0,0.4822844956807695,-1.0,-1,-1,2.0,1,0.0033474169999998526
iris,150,4,120,0,mutual_info,1,0.2649008167626008,-1.0,-1,-1,2.0,1,0.0033474169999998526
iris,150,4,120,0,mutual_info,2,1.0039808948126705,-1.0,-1,-1,2.0,1,0.0033474169999998526
iris,150,4,120,0,mutual_info,3,1.0129527746962506,-1.0,-1,-1,2.0,1,0.0033474169999998526
iris,150,4,120,0,variance,0,0.9997553057862024,-1.0,-1,-1,2.0,1,1.620799999990652e-05
iris,150,4,120,0,variance,1,1.0225851617036108,-1.0,-1,-1,2.0,1,1.620799999990652e-05
iris,150,4,120,0,variance,2,0.9857840715440795,-1.0,-1,-1,2.0,1,1.620799999990652e-05
iris,150,4,120,0,variance,3,0.9785429256038861,-1.0,-1,-1,2.0,1,1.620799999990652e-05
iris,150,4,120,1,pai,0,0.415982723236084,8.48175093105559,120,28,2.0,1,0.8018265419999999
iris,150,4,120,1,pai,1,0.8783227801322937,10.128657715380445,120,28,2.0,1,0.8018265419999999
iris,150,4,120,1,pai,2,0.5662312507629395,6.479466668150758,120,28,2.0,1,0.8018265419999999
iris,150,4,120,1,pai,3,0.4098343998193741,6.3183448459344405,120,28,2.0,1,0.8018265419999999
iris,150,4,120,1,nrs,0,-0.050000000000000044,-1.0,-1,-1,2.0,1,0.0027242080000000612
iris,150,4,120,1,nrs,1,-0.07500000000000007,-1.0,-1,-1,2.0,1,0.0027242080000000612
iris,150,4,120,1,nrs,2,0.05833333333333335,-1.0,-1,-1,2.0,1,0.0027242080000000612
iris,150,4,120,1,nrs,3,0.21666666666666667,-1.0,-1,-1,2.0,1,0.0027242080000000612
iris,150,4,120,1,relieff,0,0.15198809523809526,-1.0,-1,-1,2.0,1,0.01642374999999996
iris,150,4,120,1,relieff,1,0.12236742424242422,-1.0,-1,-1,2.0,1,0.01642374999999996
iris,150,4,120,1,relieff,2,0.37668859649122804,-1.0,-1,-1,2.0,1,0.01642374999999996
iris,150,4,120,1,relieff,3,0.3962673611111111,-1.0,-1,-1,2.0,1,0.01642374999999996
iris,150,4,120,1,mutual_info,0,0.48298079584902465,-1.0,-1,-1,2.0,1,0.003241124999999734
iris,150,4,120,1,mutual_info,1,0.2562294018924056,-1.0,-1,-1,2.0,1,0.003241124999999734
iris,150,4,120,1,mutual_info,2,0.9556418419296324,-1.0,-1,-1,2.0,1,0.003241124999999734
iris,150,4,120,1,mutual_info,3,1.0287042649345222,-1.0,-1,-1,2.0,1,0.003241124999999734
iris,150,4,120,1,variance,0,1.010292450367857,-1.0,-1,-1,2.0,1,1.5333999999977976e-05
iris,150,4,120,1,variance,1,1.029396655471923,-1.0,-1,-1,2.0,1,1.5333999999977976e-05
iris,150,4,120,1,variance,2,1.02857015791081,-1.0,-1,-1,2.0,1,1.5333999999977976e-05
iris,150,4,120,1,variance,3,1.0332867204087024,-1.0,-1,-1,2.0,1,1.5333999999977976e-05
iris,150,4,120,2,pai,0,0.3741486370563507,8.724086671942894,119,28,2.0,1,0.7580761250000001
iris,150,4,120,2,pai,1,0.7688062787055969,9.668264182863147,119,28,2.0,1,0.7580761250000001
iris,150,4,120,2,pai,2,0.4077731966972351,6.593141521977964,119,28,2.0,1,0.7580761250000001
iris,150,4,120,2,pai,3,0.2695658802986145,6.3183448459344405,119,28,2.0,1,0.7580761250000001
iris,150,4,120,2,nrs,0,-0.10833333333333339,-1.0,-1,-1,2.0,1,0.002696124999999938
iris,150,4,120,2,nrs,1,-0.10833333333333339,-1.0,-1,-1,2.0,1,0.002696124999999938
iris,150,4,120,2,nrs,2,0.08333333333333326,-1.0,-1,-1,2.0,1,0.002696124999999938
iris,150,4,120,2,nrs,3,0.19166666666666665,-1.0,-1,-1,2.0,1,0.002696124999999938
iris,150,4,120,2,relieff,0,0.13880787037037032,-1.0,-1,-1,2.0,1,0.017149625000000057
iris,150,4,120,2,relieff,1,0.11458333333333334,-1.0,-1,-1,2.0,1,0.017149625000000057
iris,150,4,120,2,relieff,2,0.3610344827586207,-1.0,-1,-1,2.0,1,0.017149625000000057
iris,150,4,120,2,relieff,3,0.39470486111111147,-1.0,-1,-1,2.0,1,0.017149625000000057
iris,150,4,120,2,mutual_info,0,0.49281213764278253,-1.0,-1,-1,2.0,1,0.003339666000000019
iris,150,4,120,2,mutual_info,1,0.24465935287185991,-1.0,-1,-1,2.0,1,0.003339666000000019
iris,150,4,120,2,mutual_info,2,0.9777082510382833,-1.0,-1,-1,2.0,1,0.003339666000000019
iris,150,4,120,2,mutual_info,3,1.0130131594664131,-1.0,-1,-1,2.0,1,0.003339666000000019
iris,150,4,120,2,variance,0,1.034220485799579,-1.0,-1,-1,2.0,1,1.591699999980989e-05
iris,150,4,120,2,variance,1,0.9499439477725142,-1.0,-1,-1,2.0,1,1.591699999980989e-05
iris,150,4,120,2,variance,2,0.9887280827195757,-1.0,-1,-1,2.0,1,1.591699999980989e-05
iris,150,4,120,2,variance,3,1.0198871490409676,-1.0,-1,-1,2.0,1,1.591699999980989e-05
iris,150,4,120,3,pai,0,0.4079439043998718,8.239415190168287,119,27,2.0,1,0.736637167
iris,150,4,120,3,pai,1,0.7833875417709351,10.128657715380445,119,27,2.0,1,0.736637167
iris,150,4,120,3,pai,2,0.45718860626220703,6.70681637580517,119,27,2.0,1,0.736637167
iris,150,4,120,3,pai,3,0.2810434103012085,6.3183448459344405,119,27,2.0,1,0.736637167
iris,150,4,120,3,nrs,0,-0.06666666666666665,-1.0,-1,-1,2.0,1,0.0025532500000000624
iris,150,4,120,3,nrs,1,-0.125,-1.0,-1,-1,2.0,1,0.0025532500000000624
iris,150,4,120,3,nrs,2,0.09166666666666667,-1.0,-1,-1,2.0,1,0.0025532500000000624
iris,150,4,120,3,nrs,3,0.19166666666666665,-1.0,-1,-1,2.0,1,0.0025532500000000624
iris,150,4,120,3,relieff,0,0.16167892156862743,-1.0,-1,-1,2.0,1,0.01656600000000008
iris,150,4,120,3,relieff,1,0.0987878787878787,-1.0,-1,-1,2.0,1,0.01656600000000008
iris,150,4,120,3,relieff,2,0.37382768361581925,-1.0,-1,-1,2.0,1,0.01656600000000008
iris,150,4,120,3,relieff,3,0.4023437500000001,-1.0,-1,-1,2.0,1,0.01656600000000008
iris,150,4,120,3,mutual_info,0,0.5346116767574265,-1.0,-1,-1,2.0,1,0.003166500000000738
iris,150,4,120,3,mutual_info,1,0.2499354602804713,-1.0,-1,-1,2.0,1,0.003166500000000738
iris,150,4,120,3,mutual_info,2,1.0144587538005236,-1.0,-1,-1,2.0,1,0.003166500000000738
iris,150,4,120,3,mutual_info,3,0.9980601908583839,-1.0,-1,-1,2.0,1,0.003166500000000738
iris,150,4,120,3,variance,0,1.0128709156457474,-1.0,-1,-1,2.0,1,1.5250000000577302e-05
iris,150,4,120,3,variance,1,0.8693394315644702,-1.0,-1,-1,2.0,1,1.5250000000577302e-05
iris,150,4,120,3,variance,2,1.0158444828418463,-1.0,-1,-1,2.0,1,1.5250000000577302e-05
iris,150,4,120,3,variance,3,1.0385197247081157,-1.0,-1,-1,2.0,1,1.5250000000577302e-05
iris,150,4,120,4,pai,0,0.420514851808548,8.239415190168287,119,26,2.0,1,0.7620621659999998
iris,150,4,120,4,pai,1,0.9683578908443451,11.04944478041503,119,26,2.0,1,0.7620621659999998
iris,150,4,120,4,pai,2,0.6460844874382019,6.70681637580517,119,26,2.0,1,0.7620621659999998
iris,150,4,120,4,pai,3,0.47211840748786926,6.3183448459344405,119,26,2.0,1,0.7620621659999998
iris,150,4,120,4,nrs,0,-0.05833333333333335,-1.0,-1,-1,2.0,1,0.0027065420000003115
iris,150,4,120,4,nrs,1,-0.06666666666666676,-1.0,-1,-1,2.0,1,0.0027065420000003115
iris,150,4,120,4,nrs,2,0.10833333333333328,-1.0,-1,-1,2.0,1,0.0027065420000003115
iris,150,4,120,4,nrs,3,0.17499999999999993,-1.0,-1,-1,2.0,1,0.0027065420000003115
iris,150,4,120,4,relieff,0,0.1369362745098039,-1.0,-1,-1,2.0,1,0.01700045800000005
iris,150,4,120,4,relieff,1,0.1217187499999999,-1.0,-1,-1,2.0,1,0.01700045800000005
iris,150,4,120,4,relieff,2,0.356087570621469,-1.0,-1,-1,2.0,1,0.01700045800000005
iris,150,4,120,4,relieff,3,0.3739236111111112,-1.0,-1,-1,2.0,1,0.01700045800000005
iris,150,4,120,4,mutual_info,0,0.46658593018204875,-1.0,-1,-1,2.0,1,0.0032752079999998074
iris,150,4,120,4,mutual_info,1,0.3212480283462491,-1.0,-1,-1,2.0,1,0.0032752079999998074
iris,150,4,120,4,mutual_info,2,0.9710317216661275,-1.0,-1,-1,2.0,1,0.0032752079999998074
iris,150,4,120,4,mutual_info,3,0.9774354450779279,-1.0,-1,-1,2.0,1,0.0032752079999998074
iris,150,4,120,4,variance,0,0.8707198903769924,-1.0,-1,-1,2.0,1,1.312500000061334e-05
iris,150,4,120,4,variance,1,0.9945112092679307,-1.0,-1,-1,2.0,1,1.312500000061334e-05
iris,150,4,120,4,variance,2,0.9608022646043772,-1.0,-1,-1,2.0,1,1.312500000061334e-05
iris,150,4,120,4,variance,3,0.9992451189751027,-1.0,-1,-1,2.0,1,1.312500000061334e-05
wine,178,13,142,0,pai,0,0.8103549480438232,8.449212360759972,142,10,2.0,1,1.5985169589999995
wine,178,13,142,0,pai,1,0.7196694612503052,9.08435103343124,142,10,2.0,1,1.5985169589999995
wine,178,13,142,0,pai,2,0.7659730315208435,13.670975008054915,142,10,2.0,1,1.5985169589999995
wine,178,13,142,0,pai,3,0.7709345817565918,11.65105770081952,142,10,2.0,1,1.5985169589999995
wine,178,13,142,0,pai,4,0.8285449147224426,12.919254675572796,142,10,2.0,1,1.5985169589999995
wine,178,13,142,0,pai,5,0.7761573195457458,9.293522980061404,142,10,2.0,1,1.5985169589999995
wine,178,13,142,0,pai,6,0.6550849080085754,9.517604527760017,142,10,2.0,1,1.5985169589999995
wine,178,13,142,0,pai,7,0.76874840259552,8.541274427390503,142,10,2.0,1,1.5985169589999995
wine,178,13,142,0,pai,8,0.7828665971755981,11.10821338550227,142,10,2.0,1,1.5985169589999995
wine,178,13,142,0,pai,9,0.7009578943252563,10.13944040062521,142,10,2.0,1,1.5985169589999995
wine,178,13,142,0,pai,10,0.6851407289505005,8.511437108470803,142,10,2.0,1,1.5985169589999995
wine,178,13,142,0,pai,11,0.7018797993659973,7.711937771798713,142,10,2.0,1,1.5985169589999995
wine,178,13,142,0,pai,12,0.7468962073326111,8.929320443051298,142,10,2.0,1,1.5985169589999995
wine,178,13,142,0,nrs,0,0.035211267605633756,-1.0,-1,-1,2.0,1,0.008927332999999926
wine,178,13,142,0,nrs,1,-0.04929577464788737,-1.0,-1,-1,2.0,1,0.008927332999999926
wine,178,13,142,0,nrs,2,-0.007042253521126751,-1.0,-1,-1,2.0,1,0.008927332999999926
wine,178,13,142,0,nrs,3,0.0,-1.0,-1,-1,2.0,1,0.008927332999999926
wine,178,13,142,0,nrs,4,-0.007042253521126751,-1.0,-1,-1,2.0,1,0.008927332999999926
wine,178,13,142,0,nrs,5,-0.014084507042253502,-1.0,-1,-1,2.0,1,0.008927332999999926
wine,178,13,142,0,nrs,6,0.04225352112676062,-1.0,-1,-1,2.0,1,0.008927332999999926
wine,178,13,142,0,nrs,7,-0.05633802816901412,-1.0,-1,-1,2.0,1,0.008927332999999926
wine,178,13,142,0,nrs,8,0.021126760563380254,-1.0,-1,-1,2.0,1,0.008927332999999926
wine,178,13,142,0,nrs,9,0.021126760563380254,-1.0,-1,-1,2.0,1,0.008927332999999926
wine,178,13,142,0,nrs,10,-0.028169014084507005,-1.0,-1,-1,2.0,1,0.008927332999999926
wine,178,13,142,0,nrs,11,0.014084507042253502,-1.0,-1,-1,2.0,1,0.008927332999999926
wine,178,13,142,0,nrs,12,0.11971830985915488,-1.0,-1,-1,2.0,1,0.008927332999999926
wine,178,13,142,0,relieff,0,0.11776212832550872,-1.0,-1,-1,2.0,1,0.039849000000000245
wine,178,13,142,0,relieff,1,0.08013694817124087,-1.0,-1,-1,2.0,1,0.039849000000000245
wine,178,13,142,0,relieff,2,0.030134819612864343,-1.0,-1,-1,2.0,1,0.039849000000000245
wine,178,13,142,0,relieff,3,0.0525827646290112,-1.0,-1,-1,2.0,1,0.039849000000000245
wine,178,13,142,0,relieff,4,0.03690293937538272,-1.0,-1,-1,2.0,1,0.039849000000000245
wine,178,13,142,0,relieff,5,0.11824429334628465,-1.0,-1,-1,2.0,1,0.039849000000000245
wine,178,13,142,0,relieff,6,0.18599572116241753,-1.0,-1,-1,2.0,1,0.039849000000000245
wine,178,13,142,0,relieff,7,0.07806271591815041,-1.0,-1,-1,2.0,1,0.039849000000000245
wine,178,13,142,0,relieff,8,0.06406451326254056,-1.0,-1,-1,2.0,1,0.039849000000000245
wine,178,13,142,0,relieff,9,0.10136608917584004,-1.0,-1,-1,2.0,1,0.039849000000000245
wine,178,13,142,0,relieff,10,0.1351604472193989,-1.0,-1,-1,2.0,1,0.039849000000000245
wine,178,13,142,0,relieff,11,0.20201465201465207,-1.0,-1,-1,2.0,1,0.039849000000000245
wine,178,13,142,0,relieff,12,0.1679336360531234,-1.0,-1,-1,2.0,1,0.039849000000000245
wine,178,13,142,0,mutual_info,0,0.4818375236505341,-1.0,-1,-1,2.0,1,0.009589250000000327
wine,178,13,142,0,mutual_info,1,0.2860341116395122,-1.0,-1,-1,2.0,1,0.009589250000000327
wine,178,13,142,0,mutual_info,2,0.05855441599915823,-1.0,-1,-1,2.0,1,0.009589250000000327
wine,178,13,142,0,mutual_info,3,0.22273057304655475,-1.0,-1,-1,2.0,1,0.009589250000000327
wine,178,13,142,0,mutual_info,4,0.1731167646473828,-1.0,-1,-1,2.0,1,0.009589250000000327
wine,178,13,142,0,mutual_info,5,0.3848597665482447,-1.0,-1,-1,2.0,1,0.009589250000000327
wine,178,13,142,0,mutual_info,6,0.6646315738419042,-1.0,-1,-1,2.0,1,0.009589250000000327
wine,178,13,142,0,mutual_info,7,0.1473139385693023,-1.0,-1,-1,2.0,1,0.009589250000000327
wine,178,13,142,0,mutual_info,8,0.23250035963109816,-1.0,-1,-1,2.0,1,0.009589250000000327
wine,178,13,142,0,mutual_info,9,0.5282441397919544,-1.0,-1,-1,2.0,1,0.009589250000000327
wine,178,13,142,0,mutual_info,10,0.367821417079935,-1.0,-1,-1,2.0,1,0.009589250000000327
wine,178,13,142,0,mutual_info,11,0.5414780060262909,-1.0,-1,-1,2.0,1,0.009589250000000327
wine,178,13,142,0,mutual_info,12,0.5472144549852442,-1.0,-1,-1,2.0,1,0.009589250000000327
wine,178,13,142,0,variance,0,0.985601217952927,-1.0,-1,-1,2.0,1,1.629200000063946e-05
wine,178,13,142,0,variance,1,1.0308540864720908,-1.0,-1,-1,2.0,1,1.629200000063946e-05
wine,178,13,142,0,variance,2,0.9811242655255406,-1.0,-1,-1,2.0,1,1.629200000063946e-05
wine,178,13,142,0,variance,3,0.92062920695787,-1.0,-1,-1,2.0,1,1.629200000063946e-05
wine,178,13,142,0,variance,4,1.0519198627745152,-1.0,-1,-1,2.0,1,1.629200000063946e-05
wine,178,13,142,0,variance,5,1.0485350021918851,-1.0,-1,-1,2.0,1,1.629200000063946e-05
wine,178,13,142,0,variance,6,1.0341261306272902,-1.0,-1,-1,2.0,1,1.629200000063946e-05
wine,178,13,142,0,variance,7,1.018809199986087,-1.0,-1,-1,2.0,1,1.629200000063946e-05
wine,178,13,142,0,variance,8,1.0637056843324901,-1.0,-1,-1,2.0,1,1.629200000063946e-05
wine,178,13,142,0,variance,9,0.9461815308923356,-1.0,-1,-1,2.0,1,1.629200000063946e-05
wine,178,13,142,0,variance,10,0.9157734588981259,-1.0,-1,-1,2.0,1,1.629200000063946e-05
wine,178,13,142,0,variance,11,1.0185029438545867,-1.0,-1,-1,2.0,1,1.629200000063946e-05
wine,178,13,142,0,variance,12,1.071151973965399,-1.0,-1,-1,2.0,1,1.629200000063946e-05
wine,178,13,142,1,pai,0,0.6813144683837891,8.25156996635623,142,16,2.0,1,2.1088190420000004
wine,178,13,142,1,pai,1,0.7565755248069763,9.08435103343124,142,16,2.0,1,2.1088190420000004
wine,178,13,142,1,pai,2,0.7532930970191956,11.404663643083245,142,16,2.0,1,2.1088190420000004
wine,178,13,142,1,pai,3,0.7164977788925171,11.65105770081952,142,16,2.0,1,2.1088190420000004
wine,178,13,142,1,pai,4,0.7733102440834045,12.919254675572796,142,16,2.0,1,2.1088190420000004
wine,178,13,142,1,pai,5,0.6853256225585938,8.908963408472655,142,16,2.0,1,2.1088190420000004
wine,178,13,142,1,pai,6,0.6612496972084045,6.947449718575879,142,16,2.0,1,2.1088190420000004
wine,178,13,142,1,pai,7,0.728350818157196,8.541274427390503,142,16,2.0,1,2.1088190420000004
wine,178,13,142,1,pai,8,0.7767016291618347,11.073171702898161,142,16,2.0,1,2.1088190420000004
wine,178,13,142,1,pai,9,0.7000954151153564,10.13944040062521,142,16,2.0,1,2.1088190420000004
wine,178,13,142,1,pai,10,0.7189328670501709,8.511437108470803,142,16,2.0,1,2.1088190420000004
wine,178,13,142,1,pai,11,0.7332409024238586,7.485946921343073,142,16,2.0,1,2.1088190420000004
wine,178,13,142,1,pai,12,0.7196547389030457,8.929320443051298,142,16,2.0,1,2.1088190420000004
wine,178,13,142,1,nrs,0,0.06338028169014076,-1.0,-1,-1,2.0,1,0.009038250000001469
wine,178,13,142,1,nrs,1,0.014084507042253502,-1.0,-1,-1,2.0,1,0.009038250000001469
wine,178,13,142,1,nrs,2,-0.014084507042253613,-1.0,-1,-1,2.0,1,0.009038250000001469
wine,178,13,142,1,nrs,3,0.007042253521126751,-1.0,-1,-1,2.0,1,0.009038250000001469
wine,178,13,142,1,nrs,4,-0.03521126760563387,-1.0,-1,-1,2.0,1,0.009038250000001469
wine,178,13,142,1,nrs,5,-0.014084507042253613,-1.0,-1,-1,2.0,1,0.009038250000001469
wine,178,13,142,1,nrs,6,0.007042253521126751,-1.0,-1,-1,2.0,1,0.009038250000001469
wine,178,13,142,1,nrs,7,-0.03521126760563387,-1.0,-1,-1,2.0,1,0.009038250000001469
wine,178,13,142,1,nrs,8,0.0,-1.0,-1,-1,2.0,1,0.009038250000001469
wine,178,13,142,1,nrs,9,0.021126760563380254,-1.0,-1,-1,2.0,1,0.009038250000001469
wine,178,13,142,1,nrs,10,-0.014084507042253613,-1.0,-1,-1,2.0,1,0.009038250000001469
wine,178,13,142,1,nrs,11,0.007042253521126751,-1.0,-1,-1,2.0,1,0.009038250000001469
wine,178,13,142,1,nrs,12,0.09154929577464788,-1.0,-1,-1,2.0,1,0.009038250000001469
wine,178,13,142,1,relieff,0,0.14501665682719073,-1.0,-1,-1,2.0,1,0.040493958000000774
wine,178,13,142,1,relieff,1,0.07505427823860152,-1.0,-1,-1,2.0,1,0.040493958000000774
wine,178,13,142,1,relieff,2,0.04272526182737449,-1.0,-1,-1,2.0,1,0.040493958000000774
wine,178,13,142,1,relieff,3,0.05682989690721647,-1.0,-1,-1,2.0,1,0.040493958000000774
wine,178,13,142,1,relieff,4,0.03875918554807105,-1.0,-1,-1,2.0,1,0.040493958000000774
wine,178,13,142,1,relieff,5,0.12595374404701598,-1.0,-1,-1,2.0,1,0.040493958000000774
wine,178,13,142,1,relieff,6,0.2440690385085076,-1.0,-1,-1,2.0,1,0.040493958000000774
wine,178,13,142,1,relieff,7,0.07409646558596862,-1.0,-1,-1,2.0,1,0.040493958000000774
wine,178,13,142,1,relieff,8,0.059472499554287725,-1.0,-1,-1,2.0,1,0.040493958000000774
wine,178,13,142,1,relieff,9,0.1373810268350719,-1.0,-1,-1,2.0,1,0.040493958000000774
wine,178,13,142,1,relieff,10,0.14632859009728474,-1.0,-1,-1,2.0,1,0.040493958000000774
wine,178,13,142,1,relieff,11,0.23559261227743813,-1.0,-1,-1,2.0,1,0.040493958000000774
wine,178,13,142,1,relieff,12,0.15841780354021412,-1.0,-1,-1,2.0,1,0.040493958000000774
wine,178,13,142,1,mutual_info,0,0.5496269494534722,-1.0,-1,-1,2.0,1,0.009635125000000855
wine,178,13,142,1,mutual_info,1,0.24447164114519881,-1.0,-1,-1,2.0,1,0.009635125000000855
wine,178,13,142,1,mutual_info,2,0.05923179280911084,-1.0,-1,-1,2.0,1,0.009635125000000855
wine,178,13,142,1,mutual_info,3,0.2259372716369772,-1.0,-1,-1,2.0,1,0.009635125000000855
wine,178,13,142,1,mutual_info,4,0.21564674088168134,-1.0,-1,-1,2.0,1,0.009635125000000855
wine,178,13,142,1,mutual_info,5,0.355112080666782,-1.0,-1,-1,2.0,1,0.009635125000000855
wine,178,13,142,1,mutual_info,6,0.6699690477792766,-1.0,-1,-1,2.0,1,0.009635125000000855
wine,178,13,142,1,mutual_info,7,0.19708598395126864,-1.0,-1,-1,2.0,1,0.009635125000000855
wine,178,13,142,1,mutual_info,8,0.2501136869819547,-1.0,-1,-1,2.0,1,0.009635125000000855
wine,178,13,142,1,mutual_info,9,0.637406986778271,-1.0,-1,-1,2.0,1,0.009635125000000855
wine,178,13,142,1,mutual_info,10,0.44715455918684754,-1.0,-1,-1,2.0,1,0.009635125000000855
wine,178,13,142,1,mutual_info,11,0.578414024156565,-1.0,-1,-1,2.0,1,0.009635125000000855
wine,178,13,142,1,mutual_info,12,0.5370023484678177,-1.0,-1,-1,2.0,1,0.009635125000000855
wine,178,13,142,1,variance,0,1.022549364732198,-1.0,-1,-1,2.0,1,1.7041999999634072e-05
wine,178,13,142,1,variance,1,0.9302627859595094,-1.0,-1,-1,2.0,1,1.7041999999634072e-05
wine,178,13,142,1,variance,2,0.9629473937966156,-1.0,-1,-1,2.0,1,1.7041999999634072e-05
wine,178,13,142,1,variance,3,0.87664482547001,-1.0,-1,-1,2.0,1,1.7041999999634072e-05
wine,178,13,142,1,variance,4,1.0424248166964014,-1.0,-1,-1,2.0,1,1.7041999999634072e-05
wine,178,13,142,1,variance,5,1.0189726588780854,-1.0,-1,-1,2.0,1,1.7041999999634072e-05
wine,178,13,142,1,variance,6,0.9100811782642827,-1.0,-1,-1,2.0,1,1.7041999999634072e-05
wine,178,13,142,1,variance,7,0.8830578544741033,-1.0,-1,-1,2.0,1,1.7041999999634072e-05
wine,178,13,142,1,variance,8,0.9678285785039462,-1.0,-1,-1,2.0,1,1.7041999999634072e-05
wine,178,13,142,1,variance,9,1.0935149151574157,-1.0,-1,-1,2.0,1,1.7041999999634072e-05
wine,178,13,142,1,variance,10,0.9607455934527246,-1.0,-1,-1,2.0,1,1.7041999999634072e-05
wine,178,13,142,1,variance,11,0.9639181315345627,-1.0,-1,-1,2.0,1,1.7041999999634072e-05
wine,178,13,142,1,variance,12,1.0732835308699993,-1.0,-1,-1,2.0,1,1.7041999999634072e-05
wine,178,13,142,2,pai,0,0.7922925353050232,9.388013734177749,142,9,2.0,1,1.5424640000000007
wine,178,13,142,2,pai,1,0.8533267974853516,9.08435103343124,142,9,2.0,1,1.5424640000000007
wine,178,13,142,2,pai,2,0.7974239587783813,13.597868189830024,142,9,2.0,1,1.5424640000000007
wine,178,13,142,2,pai,3,0.8427520990371704,11.65105770081952,142,9,2.0,1,1.5424640000000007
wine,178,13,142,2,pai,4,0.8211715221405029,9.689441006679598,142,9,2.0,1,1.5424640000000007
wine,178,13,142,2,pai,5,0.816392719745636,9.197383087164216,142,9,2.0,1,1.5424640000000007
wine,178,13,142,2,pai,6,0.7061955332756042,7.2084810663836425,142,9,2.0,1,1.5424640000000007
wine,178,13,142,2,pai,7,0.7565505504608154,8.541274427390503,142,9,2.0,1,1.5424640000000007
wine,178,13,142,2,pai,8,0.8713549375534058,11.10821338550227,142,9,2.0,1,1.5424640000000007
wine,178,13,142,2,pai,9,0.7507470846176147,10.13944040062521,142,9,2.0,1,1.5424640000000007
wine,178,13,142,2,pai,10,0.746407687664032,10.792853240638234,142,9,2.0,1,1.5424640000000007
wine,178,13,142,2,pai,11,0.6845121383666992,7.485946921343073,142,9,2.0,1,1.5424640000000007
wine,178,13,142,2,pai,12,0.7755020260810852,8.852892593324754,142,9,2.0,1,1.5424640000000007
wine,178,13,142,2,nrs,0,0.07746478873239437,-1.0,-1,-1,2.0,1,0.008901333000000733
wine,178,13,142,2,nrs,1,-0.007042253521126751,-1.0,-1,-1,2.0,1,0.008901333000000733
wine,178,13,142,2,nrs,2,0.007042253521126751,-1.0,-1,-1,2.0,1,0.008901333000000733
wine,178,13,142,2,nrs,3,0.021126760563380254,-1.0,-1,-1,2.0,1,0.008901333000000733
wine,178,13,142,2,nrs,4,0.007042253521126751,-1.0,-1,-1,2.0,1,0.008901333000000733
wine,178,13,142,2,nrs,5,0.007042253521126751,-1.0,-1,-1,2.0,1,0.008901333000000733
wine,178,13,142,2,nrs,6,0.04225352112676051,-1.0,-1,-1,2.0,1,0.008901333000000733
wine,178,13,142,2,nrs,7,-0.03521126760563387,-1.0,-1,-1,2.0,1,0.008901333000000733
wine,178,13,142,2,nrs,8,0.04225352112676051,-1.0,-1,-1,2.0,1,0.008901333000000733
wine,178,13,142,2,nrs,9,0.04225352112676051,-1.0,-1,-1,2.0,1,0.008901333000000733
wine,178,13,142,2,nrs,10,0.0,-1.0,-1,-1,2.0,1,0.008901333000000733
wine,178,13,142,2,nrs,11,0.014084507042253502,-1.0,-1,-1,2.0,1,0.008901333000000733
wine,178,13,142,2,nrs,12,0.09859154929577463,-1.0,-1,-1,2.0,1,0.008901333000000733
wine,178,13,142,2,relieff,0,0.11221830985915496,-1.0,-1,-1,2.0,1,0.03970266700000025
wine,178,13,142,2,relieff,1,0.07932625396648665,-1.0,-1,-1,2.0,1,0.03970266700000025
wine,178,13,142,2,relieff,2,0.0295396032106618,-1.0,-1,-1,2.0,1,0.03970266700000025
wine,178,13,142,2,relieff,3,0.05107811819369827,-1.0,-1,-1,2.0,1,0.03970266700000025
wine,178,13,142,2,relieff,4,0.042156562563788524,-1.0,-1,-1,2.0,1,0.03970266700000025
wine,178,13,142,2,relieff,5,0.11049099474898177,-1.0,-1,-1,2.0,1,0.03970266700000025
wine,178,13,142,2,relieff,6,0.24039095296010038,-1.0,-1,-1,2.0,1,0.03970266700000025
wine,178,13,142,2,relieff,7,0.08020861015147485,-1.0,-1,-1,2.0,1,0.03970266700000025
wine,178,13,142,2,relieff,8,0.06754120940151952,-1.0,-1,-1,2.0,1,0.03970266700000025
wine,178,13,142,2,relieff,9,0.10615536232754895,-1.0,-1,-1,2.0,1,0.03970266700000025
wine,178,13,142,2,relieff,10,0.11014943318447273,-1.0,-1,-1,2.0,1,0.03970266700000025
wine,178,13,142,2,relieff,11,0.21824076534679776,-1.0,-1,-1,2.0,1,0.03970266700000025
wine,178,13,142,2,relieff,12,0.16310821765123112,-1.0,-1,-1,2.0,1,0.03970266700000025
wine,178,13,142,2,mutual_info,0,0.4627849338651795,-1.0,-1,-1,2.0,1,0.009630083999999428
wine,178,13,142,2,mutual_info,1,0.31633396336017117,-1.0,-1,-1,2.0,1,0.009630083999999428
wine,178,13,142,2,mutual_info,2,0.02593622779210447,-1.0,-1,-1,2.0,1,0.009630083999999428
wine,178,13,142,2,mutual_info,3,0.25783585407302745,-1.0,-1,-1,2.0,1,0.009630083999999428
wine,178,13,142,2,mutual_info,4,0.15264498473802202,-1.0,-1,-1,2.0,1,0.009630083999999428
wine,178,13,142,2,mutual_info,5,0.42111120718315775,-1.0,-1,-1,2.0,1,0.009630083999999428
wine,178,13,142,2,mutual_info,6,0.6674927420892256,-1.0,-1,-1,2.0,1,0.009630083999999428
wine,178,13,142,2,mutual_info,7,0.1441131570756271,-1.0,-1,-1,2.0,1,0.009630083999999428
wine,178,13,142,2,mutual_info,8,0.2489650316454941,-1.0,-1,-1,2.0,1,0.009630083999999428
wine,178,13,142,2,mutual_info,9,0.5385302936407732,-1.0,-1,-1,2.0,1,0.009630083999999428
wine,178,13,142,2,mutual_info,10,0.4400016636716859,-1.0,-1,-1,2.0,1,0.009630083999999428
wine,178,13,142,2,mutual_info,11,0.5477910041418903,-1.0,-1,-1,2.0,1,0.009630083999999428
wine,178,13,142,2,mutual_info,12,0.546804523983637,-1.0,-1,-1,2.0,1,0.009630083999999428
wine,178,13,142,2,variance,0,0.9850169659138122,-1.0,-1,-1,2.0,1,1.650000000097407e-05
wine,178,13,142,2,variance,1,1.0663661741296913,-1.0,-1,-1,2.0,1,1.650000000097407e-05
wine,178,13,142,2,variance,2,0.9111354669988248,-1.0,-1,-1,2.0,1,1.650000000097407e-05
wine,178,13,142,2,variance,3,1.031536053661115,-1.0,-1,-1,2.0,1,1.650000000097407e-05
wine,178,13,142,2,variance,4,0.8351643123582648,-1.0,-1,-1,2.0,1,1.650000000097407e-05
wine,178,13,142,2,variance,5,0.994953784147692,-1.0,-1,-1,2.0,1,1.650000000097407e-05
wine,178,13,142,2,variance,6,0.9747152295753034,-1.0,-1,-1,2.0,1,1.650000000097407e-05
wine,178,13,142,2,variance,7,1.0474762859926308,-1.0,-1,-1,2.0,1,1.650000000097407e-05
wine,178,13,142,2,variance,8,1.0428408568535408,-1.0,-1,-1,2.0,1,1.650000000097407e-05
wine,178,13,142,2,variance,9,1.0145604786297377,-1.0,-1,-1,2.0,1,1.650000000097407e-05
wine,178,13,142,2,variance,10,1.0328990084458254,-1.0,-1,-1,2.0,1,1.650000000097407e-05
wine,178,13,142,2,variance,11,1.014221323495227,-1.0,-1,-1,2.0,1,1.650000000097407e-05
wine,178,13,142,2,variance,12,0.9730097255635947,-1.0,-1,-1,2.0,1,1.650000000097407e-05
wine,178,13,142,3,pai,0,0.7682214379310608,9.388013734177749,142,16,2.0,1,1.7008760420000009
wine,178,13,142,3,pai,1,0.7316153049468994,8.815052089752449,142,16,2.0,1,1.7008760420000009
wine,178,13,142,3,pai,2,0.8177578449249268,13.670975008054915,142,16,2.0,1,1.7008760420000009
wine,178,13,142,3,pai,3,0.7953841090202332,11.65105770081952,142,16,2.0,1,1.7008760420000009
wine,178,13,142,3,pai,4,0.7823549509048462,12.919254675572796,142,16,2.0,1,1.7008760420000009
wine,178,13,142,3,pai,5,0.6885162591934204,9.293522980061404,142,16,2.0,1,1.7008760420000009
wine,178,13,142,3,pai,6,0.6651318669319153,9.517604527760017,142,16,2.0,1,1.7008760420000009
wine,178,13,142,3,pai,7,0.7783225774765015,8.541274427390503,142,16,2.0,1,1.7008760420000009
wine,178,13,142,3,pai,8,0.7714515328407288,10.021921224774918,142,16,2.0,1,1.7008760420000009
wine,178,13,142,3,pai,9,0.7519788146018982,9.741476016300329,142,16,2.0,1,1.7008760420000009
wine,178,13,142,3,pai,10,0.7251645922660828,10.792853240638234,142,16,2.0,1,1.7008760420000009
wine,178,13,142,3,pai,11,0.7419542670249939,7.711937771798713,142,16,2.0,1,1.7008760420000009
wine,178,13,142,3,pai,12,0.7470788955688477,8.929320443051298,142,16,2.0,1,1.7008760420000009
wine,178,13,142,3,nrs,0,0.04929577464788726,-1.0,-1,-1,2.0,1,0.009000750000000224
wine,178,13,142,3,nrs,1,-0.007042253521126751,-1.0,-1,-1,2.0,1,0.009000750000000224
wine,178,13,142,3,nrs,2,-0.028169014084507005,-1.0,-1,-1,2.0,1,0.009000750000000224
wine,178,13,142,3,nrs,3,0.0,-1.0,-1,-1,2.0,1,0.009000750000000224
wine,178,13,142,3,nrs,4,0.007042253521126751,-1.0,-1,-1,2.0,1,0.009000750000000224
wine,178,13,142,3,nrs,5,-0.007042253521126751,-1.0,-1,-1,2.0,1,0.009000750000000224
wine,178,13,142,3,nrs,6,0.04929577464788726,-1.0,-1,-1,2.0,1,0.009000750000000224
wine,178,13,142,3,nrs,7,-0.07042253521126762,-1.0,-1,-1,2.0,1,0.009000750000000224
wine,178,13,142,3,nrs,8,0.014084507042253502,-1.0,-1,-1,2.0,1,0.009000750000000224
wine,178,13,142,3,nrs,9,0.007042253521126751,-1.0,-1,-1,2.0,1,0.009000750000000224
wine,178,13,142,3,nrs,10,0.007042253521126751,-1.0,-1,-1,2.0,1,0.009000750000000224
wine,178,13,142,3,nrs,11,0.035211267605633756,-1.0,-1,-1,2.0,1,0.009000750000000224
wine,178,13,142,3,nrs,12,0.07042253521126762,-1.0,-1,-1,2.0,1,0.009000750000000224
wine,178,13,142,3,relieff,0,0.1196367679762787,-1.0,-1,-1,2.0,1,0.03975745800000041
wine,178,13,142,3,relieff,1,0.08861980436591026,-1.0,-1,-1,2.0,1,0.03975745800000041
wine,178,13,142,3,relieff,2,0.025583716200948993,-1.0,-1,-1,2.0,1,0.03975745800000041
wine,178,13,142,3,relieff,3,0.05807499636997244,-1.0,-1,-1,2.0,1,0.03975745800000041
wine,178,13,142,3,relieff,4,0.03547535211267606,-1.0,-1,-1,2.0,1,0.03975745800000041
wine,178,13,142,3,relieff,5,0.11866318601262751,-1.0,-1,-1,2.0,1,0.03975745800000041
wine,178,13,142,3,relieff,6,0.1951640221073276,-1.0,-1,-1,2.0,1,0.03975745800000041
wine,178,13,142,3,relieff,7,0.08410178049428645,-1.0,-1,-1,2.0,1,0.03975745800000041
wine,178,13,142,3,relieff,8,0.07027725795331428,-1.0,-1,-1,2.0,1,0.03975745800000041
wine,178,13,142,3,relieff,9,0.1121022316938934,-1.0,-1,-1,2.0,1,0.03975745800000041
wine,178,13,142,3,relieff,10,0.11571281346616283,-1.0,-1,-1,2.0,1,0.03975745800000041
wine,178,13,142,3,relieff,11,0.19000799669813745,-1.0,-1,-1,2.0,1,0.03975745800000041
wine,178,13,142,3,relieff,12,0.1580671977657672,-1.0,-1,-1,2.0,1,0.03975745800000041
wine,178,13,142,3,mutual_info,0,0.4828795312491929,-1.0,-1,-1,2.0,1,0.009616084000001024
wine,178,13,142,3,mutual_info,1,0.37505904081089914,-1.0,-1,-1,2.0,1,0.009616084000001024
wine,178,13,142,3,mutual_info,2,0.03604455641781268,-1.0,-1,-1,2.0,1,0.009616084000001024
wine,178,13,142,3,mutual_info,3,0.24647963136777395,-1.0,-1,-1,2.0,1,0.009616084000001024
wine,178,13,142,3,mutual_info,4,0.12694270783137784,-1.0,-1,-1,2.0,1,0.009616084000001024
wine,178,13,142,3,mutual_info,5,0.431717985325313,-1.0,-1,-1,2.0,1,0.009616084000001024
wine,178,13,142,3,mutual_info,6,0.7031727905767544,-1.0,-1,-1,2.0,1,0.009616084000001024
wine,178,13,142,3,mutual_info,7,0.1547598756387163,-1.0,-1,-1,2.0,1,0.009616084000001024
wine,178,13,142,3,mutual_info,8,0.23049547360327938,-1.0,-1,-1,2.0,1,0.009616084000001024
wine,178,13,142,3,mutual_info,9,0.5548774679025452,-1.0,-1,-1,2.0,1,0.009616084000001024
wine,178,13,142,3,mutual_info,10,0.44059062387129155,-1.0,-1,-1,2.0,1,0.009616084000001024
wine,178,13,142,3,mutual_info,11,0.4789721421227997,-1.0,-1,-1,2.0,1,0.009616084000001024
wine,178,13,142,3,mutual_info,12,0.5348154303623023,-1.0,-1,-1,2.0,1,0.009616084000001024
wine,178,13,142,3,variance,0,1.062973458127539,-1.0,-1,-1,2.0,1,1.5583999999790876e-05
wine,178,13,142,3,variance,1,0.9268491892533546,-1.0,-1,-1,2.0,1,1.5583999999790876e-05
wine,178,13,142,3,variance,2,0.9501857665964193,-1.0,-1,-1,2.0,1,1.5583999999790876e-05
wine,178,13,142,3,variance,3,1.0677484789757203,-1.0,-1,-1,2.0,1,1.5583999999790876e-05
wine,178,13,142,3,variance,4,0.8941861114255982,-1.0,-1,-1,2.0,1,1.5583999999790876e-05
wine,178,13,142,3,variance,5,1.055093730310392,-1.0,-1,-1,2.0,1,1.5583999999790876e-05
wine,178,13,142,3,variance,6,1.0772901046027308,-1.0,-1,-1,2.0,1,1.5583999999790876e-05
wine,178,13,142,3,variance,7,1.0173373343917131,-1.0,-1,-1,2.0,1,1.5583999999790876e-05
wine,178,13,142,3,variance,8,0.9469285071040476,-1.0,-1,-1,2.0,1,1.5583999999790876e-05
wine,178,13,142,3,variance,9,0.9904470709701724,-1.0,-1,-1,2.0,1,1.5583999999790876e-05
wine,178,13,142,3,variance,10,0.9978061976156314,-1.0,-1,-1,2.0,1,1.5583999999790876e-05
wine,178,13,142,3,variance,11,0.9514475248939345,-1.0,-1,-1,2.0,1,1.5583999999790876e-05
wine,178,13,142,3,variance,12,1.061183080412173,-1.0,-1,-1,2.0,1,1.5583999999790876e-05
wine,178,13,142,4,pai,0,0.7708724141120911,8.449212360759972,142,11,2.0,1,1.7469417919999994
wine,178,13,142,4,pai,1,0.7467648386955261,9.08435103343124,142,11,2.0,1,1.7469417919999994
wine,178,13,142,4,pai,2,0.7810788750648499,13.670975008054915,142,11,2.0,1,1.7469417919999994
wine,178,13,142,4,pai,3,0.763469398021698,11.65105770081952,142,11,2.0,1,1.7469417919999994
wine,178,13,142,4,pai,4,0.8286750912666321,11.37456118175431,142,11,2.0,1,1.7469417919999994
wine,178,13,142,4,pai,5,0.7316790223121643,8.075751003363703,142,11,2.0,1,1.7469417919999994
wine,178,13,142,4,pai,6,0.6502774357795715,9.517604527760017,142,11,2.0,1,1.7469417919999994
wine,178,13,142,4,pai,7,0.7740423083305359,8.541274427390503,142,11,2.0,1,1.7469417919999994
wine,178,13,142,4,pai,8,0.822054922580719,11.10821338550227,142,11,2.0,1,1.7469417919999994
wine,178,13,142,4,pai,9,0.6939514875411987,10.13944040062521,142,11,2.0,1,1.7469417919999994
wine,178,13,142,4,pai,10,0.6794824004173279,8.511437108470803,142,11,2.0,1,1.7469417919999994
wine,178,13,142,4,pai,11,0.7018797993659973,7.655440059184803,142,11,2.0,1,1.7469417919999994
wine,178,13,142,4,pai,12,0.7905491590499878,8.929320443051298,142,11,2.0,1,1.7469417919999994
wine,178,13,142,4,nrs,0,0.04929577464788726,-1.0,-1,-1,2.0,1,0.009032083000001023
wine,178,13,142,4,nrs,1,0.0,-1.0,-1,-1,2.0,1,0.009032083000001023
wine,178,13,142,4,nrs,2,0.014084507042253502,-1.0,-1,-1,2.0,1,0.009032083000001023
wine,178,13,142,4,nrs,3,0.0,-1.0,-1,-1,2.0,1,0.009032083000001023
wine,178,13,142,4,nrs,4,-0.028169014084507116,-1.0,-1,-1,2.0,1,0.009032083000001023
wine,178,13,142,4,nrs,5,0.007042253521126751,-1.0,-1,-1,2.0,1,0.009032083000001023
wine,178,13,142,4,nrs,6,0.028169014084507005,-1.0,-1,-1,2.0,1,0.009032083000001023
wine,178,13,142,4,nrs,7,-0.04225352112676062,-1.0,-1,-1,2.0,1,0.009032083000001023
wine,178,13,142,4,nrs,8,0.04225352112676051,-1.0,-1,-1,2.0,1,0.009032083000001023
wine,178,13,142,4,nrs,9,0.014084507042253502,-1.0,-1,-1,2.0,1,0.009032083000001023
wine,178,13,142,4,nrs,10,0.021126760563380254,-1.0,-1,-1,2.0,1,0.009032083000001023
wine,178,13,142,4,nrs,11,0.014084507042253502,-1.0,-1,-1,2.0,1,0.009032083000001023
wine,178,13,142,4,nrs,12,0.09859154929577463,-1.0,-1,-1,2.0,1,0.009032083000001023
wine,178,13,142,4,relieff,0,0.1170105427888971,-1.0,-1,-1,2.0,1,0.039991791000000276
wine,178,13,142,4,relieff,1,0.07329580248288145,-1.0,-1,-1,2.0,1,0.039991791000000276
wine,178,13,142,4,relieff,2,0.03782857573246966,-1.0,-1,-1,2.0,1,0.039991791000000276
wine,178,13,142,4,relieff,3,0.05926201539131699,-1.0,-1,-1,2.0,1,0.039991791000000276
wine,178,13,142,4,relieff,4,0.038388975830290405,-1.0,-1,-1,2.0,1,0.039991791000000276
wine,178,13,142,4,relieff,5,0.12708752515090552,-1.0,-1,-1,2.0,1,0.039991791000000276
wine,178,13,142,4,relieff,6,0.18349527545016936,-1.0,-1,-1,2.0,1,0.039991791000000276
wine,178,13,142,4,relieff,7,0.07842811586500131,-1.0,-1,-1,2.0,1,0.039991791000000276
wine,178,13,142,4,relieff,8,0.05947149775625362,-1.0,-1,-1,2.0,1,0.039991791000000276
wine,178,13,142,4,relieff,9,0.11310387951857909,-1.0,-1,-1,2.0,1,0.039991791000000276
wine,178,13,142,4,relieff,10,0.14311311165964863,-1.0,-1,-1,2.0,1,0.039991791000000276
wine,178,13,142,4,relieff,11,0.19322540408502678,-1.0,-1,-1,2.0,1,0.039991791000000276
wine,178,13,142,4,relieff,12,0.16093834763215523,-1.0,-1,-1,2.0,1,0.039991791000000276
wine,178,13,142,4,mutual_info,0,0.44080959647268014,-1.0,-1,-1,2.0,1,0.010396916999999561
wine,178,13,142,4,mutual_info,1,0.2520905097548549,-1.0,-1,-1,2.0,1,0.010396916999999561
wine,178,13,142,4,mutual_info,2,0.03928413227798533,-1.0,-1,-1,2.0,1,0.010396916999999561
wine,178,13,142,4,mutual_info,3,0.22919014441600027,-1.0,-1,-1,2.0,1,0.010396916999999561
wine,178,13,142,4,mutual_info,4,0.13349900280653348,-1.0,-1,-1,2.0,1,0.010396916999999561
wine,178,13,142,4,mutual_info,5,0.3952927557507244,-1.0,-1,-1,2.0,1,0.010396916999999561
wine,178,13,142,4,mutual_info,6,0.6788076003931709,-1.0,-1,-1,2.0,1,0.010396916999999561
wine,178,13,142,4,mutual_info,7,0.11143942272741647,-1.0,-1,-1,2.0,1,0.010396916999999561
wine,178,13,142,4,mutual_info,8,0.25410923222268167,-1.0,-1,-1,2.0,1,0.010396916999999561
wine,178,13,142,4,mutual_info,9,0.5789755733483428,-1.0,-1,-1,2.0,1,0.010396916999999561
wine,178,13,142,4,mutual_info,10,0.5119739367534755,-1.0,-1,-1,2.0,1,0.010396916999999561
wine,178,13,142,4,mutual_info,11,0.523287621344491,-1.0,-1,-1,2.0,1,0.010396916999999561
wine,178,13,142,4,mutual_info,12,0.48478077935316066,-1.0,-1,-1,2.0,1,0.010396916999999561
wine,178,13,142,4,variance,0,0.9845370070295031,-1.0,-1,-1,2.0,1,1.879199999876846e-05
wine,178,13,142,4,variance,1,0.9255855544424324,-1.0,-1,-1,2.0,1,1.879199999876846e-05
wine,178,13,142,4,variance,2,1.0571769690236057,-1.0,-1,-1,2.0,1,1.879199999876846e-05
wine,178,13,142,4,variance,3,1.0183868801177662,-1.0,-1,-1,2.0,1,1.879199999876846e-05
wine,178,13,142,4,variance,4,0.9426649766948992,-1.0,-1,-1,2.0,1,1.879199999876846e-05
wine,178,13,142,4,variance,5,0.9352712300088186,-1.0,-1,-1,2.0,1,1.879199999876846e-05
wine,178,13,142,4,variance,6,0.9708290216284076,-1.0,-1,-1,2.0,1,1.879199999876846e-05
wine,178,13,142,4,variance,7,1.0380249189118922,-1.0,-1,-1,2.0,1,1.879199999876846e-05
wine,178,13,142,4,variance,8,0.9717949582935904,-1.0,-1,-1,2.0,1,1.879199999876846e-05
wine,178,13,142,4,variance,9,1.0318408061526767,-1.0,-1,-1,2.0,1,1.879199999876846e-05
wine,178,13,142,4,variance,10,1.0095134491432285,-1.0,-1,-1,2.0,1,1.879199999876846e-05
wine,178,13,142,4,variance,11,1.0045857483870861,-1.0,-1,-1,2.0,1,1.879199999876846e-05
wine,178,13,142,4,variance,12,0.9835676199253293,-1.0,-1,-1,2.0,1,1.879199999876846e-05
wdbc,569,30,455,0,pai,0,0.6591660976409912,12.001871901061723,455,66,2.0,1,24.148486167
wdbc,569,30,455,0,pai,1,0.8554374575614929,13.762274985883181,455,66,2.0,1,24.148486167
wdbc,569,30,455,0,pai,2,0.6577141880989075,11.921267753087099,455,66,2.0,1,24.148486167
wdbc,569,30,455,0,pai,3,0.6140932440757751,13.398567412864992,455,66,2.0,1,24.148486167
wdbc,569,30,455,0,pai,4,0.7577981948852539,13.897187504328253,455,66,2.0,1,24.148486167
wdbc,569,30,455,0,pai,5,0.622205376625061,12.087253568176031,455,66,2.0,1,24.148486167
wdbc,569,30,455,0,pai,6,0.5830997228622437,10.716923332649333,455,66,2.0,1,24.148486167
wdbc,569,30,455,0,pai,7,0.5784000158309937,10.379498488888508,455,66,2.0,1,24.148486167
wdbc,569,30,455,0,pai,8,0.7201839089393616,14.457735856596557,455,66,2.0,1,24.148486167
wdbc,569,30,455,0,pai,9,0.7063971161842346,13.382182302927358,455,66,2.0,1,24.148486167
wdbc,569,30,455,0,pai,10,0.6678709983825684,19.93366694077609,455,66,2.0,1,24.148486167
wdbc,569,30,455,0,pai,11,0.6932653784751892,12.830314303922691,455,66,2.0,1,24.148486167
wdbc,569,30,455,0,pai,12,0.6042687296867371,21.012069300698627,455,66,2.0,1,24.148486167
wdbc,569,30,455,0,pai,13,0.5398585796356201,22.828885915290893,455,66,2.0,1,24.148486167
wdbc,569,30,455,0,pai,14,0.7311421632766724,18.976102706042703,455,66,2.0,1,24.148486167
wdbc,569,30,455,0,pai,15,0.6629599332809448,14.798208692723067,455,66,2.0,1,24.148486167
wdbc,569,30,455,0,pai,16,0.6500095129013062,26.26036216809569,455,66,2.0,1,24.148486167
wdbc,569,30,455,0,pai,17,0.7523914575576782,17.12609649138077,455,66,2.0,1,24.148486167
wdbc,569,30,455,0,pai,18,0.7373791933059692,17.209614182090178,455,66,2.0,1,24.148486167
wdbc,569,30,455,0,pai,19,0.6598086357116699,21.897121494477645,455,66,2.0,1,24.148486167
wdbc,569,30,455,0,pai,20,0.5971581935882568,10.436959511980357,455,66,2.0,1,24.148486167
wdbc,569,30,455,0,pai,21,0.7018170356750488,12.219798110638472,455,66,2.0,1,24.148486167
wdbc,569,30,455,0,pai,22,0.5844426155090332,10.656777270505618,455,66,2.0,1,24.148486167
wdbc,569,30,455,0,pai,23,0.5759174823760986,10.719048547361103,455,66,2.0,1,24.148486167
wdbc,569,30,455,0,pai,24,0.7295286059379578,11.775197133683932,455,66,2.0,1,24.148486167
wdbc,569,30,455,0,pai,25,0.6794024109840393,11.382193492084408,455,66,2.0,1,24.148486167
wdbc,569,30,455,0,pai,26,0.6282313466072083,12.012998912351401,455,66,2.0,1,24.148486167
wdbc,569,30,455,0,pai,27,0.670210599899292,8.861879678236832,455,66,2.0,1,24.148486167
wdbc,569,30,455,0,pai,28,0.7498899698257446,16.41400208321087,455,66,2.0,1,24.148486167
wdbc,569,30,455,0,pai,29,0.7596459984779358,13.073699656212549,455,66,2.0,1,24.148486167
wdbc,569,30,455,0,nrs,0,0.008791208791208871,-1.0,-1,-1,2.0,1,0.05924133300000278
wdbc,569,30,455,0,nrs,1,0.0,-1.0,-1,-1,2.0,1,0.05924133300000278
wdbc,569,30,455,0,nrs,2,0.008791208791208871,-1.0,-1,-1,2.0,1,0.05924133300000278
wdbc,569,30,455,0,nrs,3,0.00659340659340657,-1.0,-1,-1,2.0,1,0.05924133300000278
wdbc,569,30,455,0,nrs,4,-0.00879120879120876,-1.0,-1,-1,2.0,1,0.05924133300000278
wdbc,569,30,455,0,nrs,5,-0.00219780219780219,-1.0,-1,-1,2.0,1,0.05924133300000278
wdbc,569,30,455,0,nrs,6,0.00439560439560438,-1.0,-1,-1,2.0,1,0.05924133300000278
wdbc,569,30,455,0,nrs,7,-0.00219780219780219,-1.0,-1,-1,2.0,1,0.05924133300000278
wdbc,569,30,455,0,nrs,8,0.008791208791208871,-1.0,-1,-1,2.0,1,0.05924133300000278
wdbc,569,30,455,0,nrs,9,0.00219780219780219,-1.0,-1,-1,2.0,1,0.05924133300000278
wdbc,569,30,455,0,nrs,10,0.0,-1.0,-1,-1,2.0,1,0.05924133300000278
wdbc,569,30,455,0,nrs,11,-0.00879120879120876,-1.0,-1,-1,2.0,1,0.05924133300000278
wdbc,569,30,455,0,nrs,12,0.00219780219780219,-1.0,-1,-1,2.0,1,0.05924133300000278
wdbc,569,30,455,0,nrs,13,0.00439560439560438,-1.0,-1,-1,2.0,1,0.05924133300000278
wdbc,569,30,455,0,nrs,14,-0.00219780219780219,-1.0,-1,-1,2.0,1,0.05924133300000278
wdbc,569,30,455,0,nrs,15,0.0,-1.0,-1,-1,2.0,1,0.05924133300000278
wdbc,569,30,455,0,nrs,16,-0.00219780219780219,-1.0,-1,-1,2.0,1,0.05924133300000278
wdbc,569,30,455,0,nrs,17,-0.00439560439560438,-1.0,-1,-1,2.0,1,0.05924133300000278
wdbc,569,30,455,0,nrs,18,0.00219780219780219,-1.0,-1,-1,2.0,1,0.05924133300000278
wdbc,569,30,455,0,nrs,19,0.00659340659340657,-1.0,-1,-1,2.0,1,0.05924133300000278
wdbc,569,30,455,0,nrs,20,0.00219780219780219,-1.0,-1,-1,2.0,1,0.05924133300000278
wdbc,569,30,455,0,nrs,21,0.0,-1.0,-1,-1,2.0,1,0.05924133300000278
wdbc,569,30,455,0,nrs,22,0.00659340659340657,-1.0,-1,-1,2.0,1,0.05924133300000278
wdbc,569,30,455,0,nrs,23,0.00439560439560438,-1.0,-1,-1,2.0,1,0.05924133300000278
wdbc,569,30,455,0,nrs,24,0.00219780219780219,-1.0,-1,-1,2.0,1,0.05924133300000278
wdbc,569,30,455,0,nrs,25,-0.00219780219780219,-1.0,-1,-1,2.0,1,0.05924133300000278
wdbc,569,30,455,0,nrs,26,0.00439560439560438,-1.0,-1,-1,2.0,1,0.05924133300000278
wdbc,569,30,455,0,nrs,27,0.00439560439560438,-1.0,-1,-1,2.0,1,0.05924133300000278
wdbc,569,30,455,0,nrs,28,-0.00439560439560438,-1.0,-1,-1,2.0,1,0.05924133300000278
wdbc,569,30,455,0,nrs,29,0.00439560439560438,-1.0,-1,-1,2.0,1,0.05924133300000278
wdbc,569,30,455,0,relieff,0,0.08260501295287608,-1.0,-1,-1,2.0,1,0.15972591700000294
wdbc,569,30,455,0,relieff,1,0.05969400231152005,-1.0,-1,-1,2.0,1,0.15972591700000294
wdbc,569,30,455,0,relieff,2,0.08224565842560455,-1.0,-1,-1,2.0,1,0.15972591700000294
wdbc,569,30,455,0,relieff,3,0.06982060690317955,-1.0,-1,-1,2.0,1,0.15972591700000294
wdbc,569,30,455,0,relieff,4,0.0230304865147143,-1.0,-1,-1,2.0,1,0.15972591700000294
wdbc,569,30,455,0,relieff,5,0.024446603882163607,-1.0,-1,-1,2.0,1,0.15972591700000294
wdbc,569,30,455,0,relieff,6,0.05819144401989759,-1.0,-1,-1,2.0,1,0.15972591700000294
wdbc,569,30,455,0,relieff,7,0.07564146440041068,-1.0,-1,-1,2.0,1,0.15972591700000294
wdbc,569,30,455,0,relieff,8,0.010720390720390724,-1.0,-1,-1,2.0,1,0.15972591700000294
wdbc,569,30,455,0,relieff,9,0.027631914695474023,-1.0,-1,-1,2.0,1,0.15972591700000294
wdbc,569,30,455,0,relieff,10,0.031024005507438446,-1.0,-1,-1,2.0,1,0.15972591700000294
wdbc,569,30,455,0,relieff,11,0.024950077356322025,-1.0,-1,-1,2.0,1,0.15972591700000294
wdbc,569,30,455,0,relieff,12,0.024914193755168186,-1.0,-1,-1,2.0,1,0.15972591700000294
wdbc,569,30,455,0,relieff,13,0.026942388256811188,-1.0,-1,-1,2.0,1,0.15972591700000294
wdbc,569,30,455,0,relieff,14,0.017710688987785595,-1.0,-1,-1,2.0,1,0.15972591700000294
wdbc,569,30,455,0,relieff,15,0.013034868868630234,-1.0,-1,-1,2.0,1,0.15972591700000294
wdbc,569,30,455,0,relieff,16,0.008654547286047287,-1.0,-1,-1,2.0,1,0.15972591700000294
wdbc,569,30,455,0,relieff,17,0.015301911575827104,-1.0,-1,-1,2.0,1,0.15972591700000294
wdbc,569,30,455,0,relieff,18,0.017313057854511125,-1.0,-1,-1,2.0,1,0.15972591700000294
wdbc,569,30,455,0,relieff,19,0.009195991880374782,-1.0,-1,-1,2.0,1,0.15972591700000294
wdbc,569,30,455,0,relieff,20,0.11760293040293043,-1.0,-1,-1,2.0,1,0.15972591700000294
wdbc,569,30,455,0,relieff,21,0.09049485695541133,-1.0,-1,-1,2.0,1,0.15972591700000294
wdbc,569,30,455,0,relieff,22,0.11076093787145268,-1.0,-1,-1,2.0,1,0.15972591700000294
wdbc,569,30,455,0,relieff,23,0.10298600638406456,-1.0,-1,-1,2.0,1,0.15972591700000294
wdbc,569,30,455,0,relieff,24,0.04144232507868873,-1.0,-1,-1,2.0,1,0.15972591700000294
wdbc,569,30,455,0,relieff,25,0.03397329094119946,-1.0,-1,-1,2.0,1,0.15972591700000294
wdbc,569,30,455,0,relieff,26,0.05546045413053402,-1.0,-1,-1,2.0,1,0.15972591700000294
wdbc,569,30,455,0,relieff,27,0.1025432151353801,-1.0,-1,-1,2.0,1,0.15972591700000294
wdbc,569,30,455,0,relieff,28,0.017454873137900933,-1.0,-1,-1,2.0,1,0.15972591700000294
wdbc,569,30,455,0,relieff,29,0.016221349013821024,-1.0,-1,-1,2.0,1,0.15972591700000294
wdbc,569,30,455,0,mutual_info,0,0.36243912707425485,-1.0,-1,-1,2.0,1,0.022500457999996115
wdbc,569,30,455,0,mutual_info,1,0.09042689962573802,-1.0,-1,-1,2.0,1,0.022500457999996115
wdbc,569,30,455,0,mutual_info,2,0.4109453072184366,-1.0,-1,-1,2.0,1,0.022500457999996115
wdbc,569,30,455,0,mutual_info,3,0.3429169754518109,-1.0,-1,-1,2.0,1,0.022500457999996115
wdbc,569,30,455,0,mutual_info,4,0.10229592800967713,-1.0,-1,-1,2.0,1,0.022500457999996115
wdbc,569,30,455,0,mutual_info,5,0.21202442463982174,-1.0,-1,-1,2.0,1,0.022500457999996115
wdbc,569,30,455,0,mutual_info,6,0.3530685091322088,-1.0,-1,-1,2.0,1,0.022500457999996115
wdbc,569,30,455,0,mutual_info,7,0.4245590367161123,-1.0,-1,-1,2.0,1,0.022500457999996115
wdbc,569,30,455,0,mutual_info,8,0.060989375413259994,-1.0,-1,-1,2.0,1,0.022500457999996115
wdbc,569,30,455,0,mutual_info,9,0.006509717720579289,-1.0,-1,-1,2.0,1,0.022500457999996115
wdbc,569,30,455,0,mutual_info,10,0.2286441536981576,-1.0,-1,-1,2.0,1,0.022500457999996115
wdbc,569,30,455,0,mutual_info,11,0.0,-1.0,-1,-1,2.0,1,0.022500457999996115
wdbc,569,30,455,0,mutual_info,12,0.2438847494292533,-1.0,-1,-1,2.0,1,0.022500457999996115
wdbc,569,30,455,0,mutual_info,13,0.34378385119086086,-1.0,-1,-1,2.0,1,0.022500457999996115
wdbc,569,30,455,0,mutual_info,14,0.02432900023240836,-1.0,-1,-1,2.0,1,0.022500457999996115
wdbc,569,30,455,0,mutual_info,15,0.057424919846386535,-1.0,-1,-1,2.0,1,0.022500457999996115
wdbc,569,30,455,0,mutual_info,16,0.12417054787860282,-1.0,-1,-1,2.0,1,0.022500457999996115
wdbc,569,30,455,0,mutual_info,17,0.11056348177682973,-1.0,-1,-1,2.0,1,0.022500457999996115
wdbc,569,30,455,0,mutual_info,18,0.03396758549446077,-1.0,-1,-1,2.0,1,0.022500457999996115
wdbc,569,30,455,0,mutual_info,19,0.056654269380561395,-1.0,-1,-1,2.0,1,0.022500457999996115
wdbc,569,30,455,0,mutual_info,20,0.454503213701801,-1.0,-1,-1,2.0,1,0.022500457999996115
wdbc,569,30,455,0,mutual_info,21,0.13527334260523793,-1.0,-1,-1,2.0,1,0.022500457999996115
wdbc,569,30,455,0,mutual_info,22,0.4724349525102256,-1.0,-1,-1,2.0,1,0.022500457999996115
wdbc,569,30,455,0,mutual_info,23,0.4646275432294824,-1.0,-1,-1,2.0,1,0.022500457999996115
wdbc,569,30,455,0,mutual_info,24,0.1079524705178474,-1.0,-1,-1,2.0,1,0.022500457999996115
wdbc,569,30,455,0,mutual_info,25,0.24634105107735405,-1.0,-1,-1,2.0,1,0.022500457999996115
wdbc,569,30,455,0,mutual_info,26,0.31598593915044115,-1.0,-1,-1,2.0,1,0.022500457999996115
wdbc,569,30,455,0,mutual_info,27,0.4423688529828802,-1.0,-1,-1,2.0,1,0.022500457999996115
wdbc,569,30,455,0,mutual_info,28,0.09766370991896545,-1.0,-1,-1,2.0,1,0.022500457999996115
wdbc,569,30,455,0,mutual_info,29,0.07927088506420765,-1.0,-1,-1,2.0,1,0.022500457999996115
wdbc,569,30,455,0,variance,0,0.9542983199610764,-1.0,-1,-1,2.0,1,3.0332999997995103e-05
wdbc,569,30,455,0,variance,1,1.025548842316383,-1.0,-1,-1,2.0,1,3.0332999997995103e-05
wdbc,569,30,455,0,variance,2,0.9553870323407594,-1.0,-1,-1,2.0,1,3.0332999997995103e-05
wdbc,569,30,455,0,variance,3,0.9149517929834148,-1.0,-1,-1,2.0,1,3.0332999997995103e-05
wdbc,569,30,455,0,variance,4,0.9946350785730241,-1.0,-1,-1,2.0,1,3.0332999997995103e-05
wdbc,569,30,455,0,variance,5,0.9999512518667751,-1.0,-1,-1,2.0,1,3.0332999997995103e-05
wdbc,569,30,455,0,variance,6,1.012931651944779,-1.0,-1,-1,2.0,1,3.0332999997995103e-05
wdbc,569,30,455,0,variance,7,0.9780462086240302,-1.0,-1,-1,2.0,1,3.0332999997995103e-05
wdbc,569,30,455,0,variance,8,1.0255629350899231,-1.0,-1,-1,2.0,1,3.0332999997995103e-05
wdbc,569,30,455,0,variance,9,1.0403200729744342,-1.0,-1,-1,2.0,1,3.0332999997995103e-05
wdbc,569,30,455,0,variance,10,0.9364871635126288,-1.0,-1,-1,2.0,1,3.0332999997995103e-05
wdbc,569,30,455,0,variance,11,0.9606152568773003,-1.0,-1,-1,2.0,1,3.0332999997995103e-05
wdbc,569,30,455,0,variance,12,0.9361614830974851,-1.0,-1,-1,2.0,1,3.0332999997995103e-05
wdbc,569,30,455,0,variance,13,0.804821367917765,-1.0,-1,-1,2.0,1,3.0332999997995103e-05
wdbc,569,30,455,0,variance,14,1.0332818484997486,-1.0,-1,-1,2.0,1,3.0332999997995103e-05
wdbc,569,30,455,0,variance,15,1.007616744919237,-1.0,-1,-1,2.0,1,3.0332999997995103e-05
wdbc,569,30,455,0,variance,16,1.1275273880588053,-1.0,-1,-1,2.0,1,3.0332999997995103e-05
wdbc,569,30,455,0,variance,17,1.031241651417466,-1.0,-1,-1,2.0,1,3.0332999997995103e-05
wdbc,569,30,455,0,variance,18,1.0104191078675664,-1.0,-1,-1,2.0,1,3.0332999997995103e-05
wdbc,569,30,455,0,variance,19,1.0882049536161804,-1.0,-1,-1,2.0,1,3.0332999997995103e-05
wdbc,569,30,455,0,variance,20,0.9255726169144296,-1.0,-1,-1,2.0,1,3.0332999997995103e-05
wdbc,569,30,455,0,variance,21,0.986669520135759,-1.0,-1,-1,2.0,1,3.0332999997995103e-05
wdbc,569,30,455,0,variance,22,0.9193696619995588,-1.0,-1,-1,2.0,1,3.0332999997995103e-05
wdbc,569,30,455,0,variance,23,0.858864439840802,-1.0,-1,-1,2.0,1,3.0332999997995103e-05
wdbc,569,30,455,0,variance,24,0.9703713819552832,-1.0,-1,-1,2.0,1,3.0332999997995103e-05
wdbc,569,30,455,0,variance,25,0.954493318900133,-1.0,-1,-1,2.0,1,3.0332999997995103e-05
wdbc,569,30,455,0,variance,26,1.0026079350335755,-1.0,-1,-1,2.0,1,3.0332999997995103e-05
wdbc,569,30,455,0,variance,27,0.9817576038710982,-1.0,-1,-1,2.0,1,3.0332999997995103e-05
wdbc,569,30,455,0,variance,28,1.0170739573061818,-1.0,-1,-1,2.0,1,3.0332999997995103e-05
wdbc,569,30,455,0,variance,29,0.937106987052648,-1.0,-1,-1,2.0,1,3.0332999997995103e-05
wdbc,569,30,455,1,pai,0,0.6025719046592712,12.001871901061723,455,66,2.0,1,23.195066708
wdbc,569,30,455,1,pai,1,0.7152032852172852,10.904636554590562,455,66,2.0,1,23.195066708
wdbc,569,30,455,1,pai,2,0.6210777759552002,11.921267753087099,455,66,2.0,1,23.195066708
wdbc,569,30,455,1,pai,3,0.5814142227172852,13.398567412864992,455,66,2.0,1,23.195066708
wdbc,569,30,455,1,pai,4,0.733575701713562,15.765992009979932,455,66,2.0,1,23.195066708
wdbc,569,30,455,1,pai,5,0.6350588798522949,12.203236622169817,455,66,2.0,1,23.195066708
wdbc,569,30,455,1,pai,6,0.542047917842865,10.716923332649333,455,66,2.0,1,23.195066708
wdbc,569,30,455,1,pai,7,0.553207516670227,10.379498488888508,455,66,2.0,1,23.195066708
wdbc,569,30,455,1,pai,8,0.7346949577331543,12.435113214032294,455,66,2.0,1,23.195066708
wdbc,569,30,455,1,pai,9,0.7103992104530334,13.461568130148112,455,66,2.0,1,23.195066708
wdbc,569,30,455,1,pai,10,0.6130387187004089,19.93366694077609,455,66,2.0,1,23.195066708
wdbc,569,30,455,1,pai,11,0.7163915634155273,16.412192025909818,455,66,2.0,1,23.195066708
wdbc,569,30,455,1,pai,12,0.5778907537460327,21.012069300698627,455,66,2.0,1,23.195066708
wdbc,569,30,455,1,pai,13,0.05287599563598633,22.828885915290893,455,66,2.0,1,23.195066708
wdbc,569,30,455,1,pai,14,0.7251487374305725,19.612128493259956,455,66,2.0,1,23.195066708
wdbc,569,30,455,1,pai,15,0.6449205875396729,11.556615405650456,455,66,2.0,1,23.195066708
wdbc,569,30,455,1,pai,16,0.5864555239677429,26.26036216809569,455,66,2.0,1,23.195066708
wdbc,569,30,455,1,pai,17,0.752941370010376,17.12609649138077,455,66,2.0,1,23.195066708
wdbc,569,30,455,1,pai,18,0.71116703748703,17.209614182090178,455,66,2.0,1,23.195066708
wdbc,569,30,455,1,pai,19,0.6633625030517578,21.897121494477645,455,66,2.0,1,23.195066708
wdbc,569,30,455,1,pai,20,0.5652865767478943,10.436959511980357,455,66,2.0,1,23.195066708
wdbc,569,30,455,1,pai,21,0.7033931016921997,10.767231490877075,455,66,2.0,1,23.195066708
wdbc,569,30,455,1,pai,22,0.5657768845558167,10.656777270505618,455,66,2.0,1,23.195066708
wdbc,569,30,455,1,pai,23,0.545001745223999,11.415181980966949,455,66,2.0,1,23.195066708
wdbc,569,30,455,1,pai,24,0.7583712935447693,12.90791656609549,455,66,2.0,1,23.195066708
wdbc,569,30,455,1,pai,25,0.6613042950630188,13.113511344607627,455,66,2.0,1,23.195066708
wdbc,569,30,455,1,pai,26,0.6231961846351624,12.012998912351401,455,66,2.0,1,23.195066708
wdbc,569,30,455,1,pai,27,0.6458150148391724,8.861879678236832,455,66,2.0,1,23.195066708
wdbc,569,30,455,1,pai,28,0.7292941808700562,16.41400208321087,455,66,2.0,1,23.195066708
wdbc,569,30,455,1,pai,29,0.6797306537628174,16.897391061259455,455,66,2.0,1,23.195066708
wdbc,569,30,455,1,nrs,0,0.013186813186813251,-1.0,-1,-1,2.0,1,0.04705483299999713
wdbc,569,30,455,1,nrs,1,0.00439560439560438,-1.0,-1,-1,2.0,1,0.04705483299999713
wdbc,569,30,455,1,nrs,2,0.010989010989011061,-1.0,-1,-1,2.0,1,0.04705483299999713
wdbc,569,30,455,1,nrs,3,0.010989010989011061,-1.0,-1,-1,2.0,1,0.04705483299999713
wdbc,569,30,455,1,nrs,4,-0.01318681318681314,-1.0,-1,-1,2.0,1,0.04705483299999713
wdbc,569,30,455,1,nrs,5,0.00219780219780219,-1.0,-1,-1,2.0,1,0.04705483299999713
wdbc,569,30,455,1,nrs,6,-0.00219780219780219,-1.0,-1,-1,2.0,1,0.04705483299999713
wdbc,569,30,455,1,nrs,7,0.008791208791208871,-1.0,-1,-1,2.0,1,0.04705483299999713
wdbc,569,30,455,1,nrs,8,0.0,-1.0,-1,-1,2.0,1,0.04705483299999713
wdbc,569,30,455,1,nrs,9,-0.00439560439560438,-1.0,-1,-1,2.0,1,0.04705483299999713
wdbc,569,30,455,1,nrs,10,0.006593406593406681,-1.0,-1,-1,2.0,1,0.04705483299999713
wdbc,569,30,455,1,nrs,11,-0.00219780219780219,-1.0,-1,-1,2.0,1,0.04705483299999713
wdbc,569,30,455,1,nrs,12,0.00439560439560438,-1.0,-1,-1,2.0,1,0.04705483299999713
wdbc,569,30,455,1,nrs,13,0.006593406593406681,-1.0,-1,-1,2.0,1,0.04705483299999713
wdbc,569,30,455,1,nrs,14,-0.00879120879120876,-1.0,-1,-1,2.0,1,0.04705483299999713
wdbc,569,30,455,1,nrs,15,0.00219780219780219,-1.0,-1,-1,2.0,1,0.04705483299999713
wdbc,569,30,455,1,nrs,16,-0.01098901098901095,-1.0,-1,-1,2.0,1,0.04705483299999713
wdbc,569,30,455,1,nrs,17,0.0,-1.0,-1,-1,2.0,1,0.04705483299999713
wdbc,569,30,455,1,nrs,18,-0.01538461538461533,-1.0,-1,-1,2.0,1,0.04705483299999713
wdbc,569,30,455,1,nrs,19,0.00439560439560438,-1.0,-1,-1,2.0,1,0.04705483299999713
wdbc,569,30,455,1,nrs,20,0.008791208791208871,-1.0,-1,-1,2.0,1,0.04705483299999713
wdbc,569,30,455,1,nrs,21,0.015384615384615441,-1.0,-1,-1,2.0,1,0.04705483299999713
wdbc,569,30,455,1,nrs,22,0.006593406593406681,-1.0,-1,-1,2.0,1,0.04705483299999713
wdbc,569,30,455,1,nrs,23,0.013186813186813251,-1.0,-1,-1,2.0,1,0.04705483299999713
wdbc,569,30,455,1,nrs,24,0.008791208791208871,-1.0,-1,-1,2.0,1,0.04705483299999713
wdbc,569,30,455,1,nrs,25,-0.00439560439560438,-1.0,-1,-1,2.0,1,0.04705483299999713
wdbc,569,30,455,1,nrs,26,0.00219780219780219,-1.0,-1,-1,2.0,1,0.04705483299999713
wdbc,569,30,455,1,nrs,27,0.006593406593406681,-1.0,-1,-1,2.0,1,0.04705483299999713
wdbc,569,30,455,1,nrs,28,0.0,-1.0,-1,-1,2.0,1,0.04705483299999713
wdbc,569,30,455,1,nrs,29,0.00439560439560438,-1.0,-1,-1,2.0,1,0.04705483299999713
wdbc,569,30,455,1,relieff,0,0.08449409930312954,-1.0,-1,-1,2.0,1,0.1621612920000004
wdbc,569,30,455,1,relieff,1,0.07138270180523693,-1.0,-1,-1,2.0,1,0.1621612920000004
wdbc,569,30,455,1,relieff,2,0.08476238570357848,-1.0,-1,-1,2.0,1,0.1621612920000004
wdbc,569,30,455,1,relieff,3,0.07210759013858142,-1.0,-1,-1,2.0,1,0.1621612920000004
wdbc,569,30,455,1,relieff,4,0.022924999528773127,-1.0,-1,-1,2.0,1,0.1621612920000004
wdbc,569,30,455,1,relieff,5,0.02945043340309835,-1.0,-1,-1,2.0,1,0.1621612920000004
wdbc,569,30,455,1,relieff,6,0.06755101444946801,-1.0,-1,-1,2.0,1,0.1621612920000004
wdbc,569,30,455,1,relieff,7,0.08405513949271406,-1.0,-1,-1,2.0,1,0.1621612920000004
wdbc,569,30,455,1,relieff,8,0.011865937937576213,-1.0,-1,-1,2.0,1,0.1621612920000004
wdbc,569,30,455,1,relieff,9,0.0263416406676727,-1.0,-1,-1,2.0,1,0.1621612920000004
wdbc,569,30,455,1,relieff,10,0.027841255250272073,-1.0,-1,-1,2.0,1,0.1621612920000004
wdbc,569,30,455,1,relieff,11,0.014683747347746117,-1.0,-1,-1,2.0,1,0.1621612920000004
wdbc,569,30,455,1,relieff,12,0.022648574814903795,-1.0,-1,-1,2.0,1,0.1621612920000004
wdbc,569,30,455,1,relieff,13,0.025619057136680556,-1.0,-1,-1,2.0,1,0.1621612920000004
wdbc,569,30,455,1,relieff,14,0.014050491100496202,-1.0,-1,-1,2.0,1,0.1621612920000004
wdbc,569,30,455,1,relieff,15,0.014360841503063035,-1.0,-1,-1,2.0,1,0.1621612920000004
wdbc,569,30,455,1,relieff,16,0.010180359917859929,-1.0,-1,-1,2.0,1,0.1621612920000004
wdbc,569,30,455,1,relieff,17,0.015784254010812074,-1.0,-1,-1,2.0,1,0.1621612920000004
wdbc,569,30,455,1,relieff,18,0.017317733766205653,-1.0,-1,-1,2.0,1,0.1621612920000004
wdbc,569,30,455,1,relieff,19,0.00844581037027453,-1.0,-1,-1,2.0,1,0.1621612920000004
wdbc,569,30,455,1,relieff,20,0.11963915925344501,-1.0,-1,-1,2.0,1,0.1621612920000004
wdbc,569,30,455,1,relieff,21,0.0944719889910453,-1.0,-1,-1,2.0,1,0.1621612920000004
wdbc,569,30,455,1,relieff,22,0.11319956582072974,-1.0,-1,-1,2.0,1,0.1621612920000004
wdbc,569,30,455,1,relieff,23,0.09899078991724056,-1.0,-1,-1,2.0,1,0.1621612920000004
wdbc,569,30,455,1,relieff,24,0.047121816579128284,-1.0,-1,-1,2.0,1,0.1621612920000004
wdbc,569,30,455,1,relieff,25,0.03225951896382957,-1.0,-1,-1,2.0,1,0.1621612920000004
wdbc,569,30,455,1,relieff,26,0.06218383263701158,-1.0,-1,-1,2.0,1,0.1621612920000004
wdbc,569,30,455,1,relieff,27,0.11441763830671046,-1.0,-1,-1,2.0,1,0.1621612920000004
wdbc,569,30,455,1,relieff,28,0.015786700978894945,-1.0,-1,-1,2.0,1,0.1621612920000004
wdbc,569,30,455,1,relieff,29,0.014985836674148361,-1.0,-1,-1,2.0,1,0.1621612920000004
wdbc,569,30,455,1,mutual_info,0,0.35586376543364495,-1.0,-1,-1,2.0,1,0.022862500000002228
wdbc,569,30,455,1,mutual_info,1,0.08455104436020422,-1.0,-1,-1,2.0,1,0.022862500000002228
wdbc,569,30,455,1,mutual_info,2,0.38293151595726815,-1.0,-1,-1,2.0,1,0.022862500000002228
wdbc,569,30,455,1,mutual_info,3,0.3642734836829502,-1.0,-1,-1,2.0,1,0.022862500000002228
wdbc,569,30,455,1,mutual_info,4,0.09742648068246429,-1.0,-1,-1,2.0,1,0.022862500000002228
wdbc,569,30,455,1,mutual_info,5,0.21796650551956098,-1.0,-1,-1,2.0,1,0.022862500000002228
wdbc,569,30,455,1,mutual_info,6,0.3644232605429072,-1.0,-1,-1,2.0,1,0.022862500000002228
wdbc,569,30,455,1,mutual_info,7,0.43206245303178914,-1.0,-1,-1,2.0,1,0.022862500000002228
wdbc,569,30,455,1,mutual_info,8,0.07389149793485417,-1.0,-1,-1,2.0,1,0.022862500000002228
wdbc,569,30,455,1,mutual_info,9,0.012225991886923637,-1.0,-1,-1,2.0,1,0.022862500000002228
wdbc,569,30,455,1,mutual_info,10,0.2511680597569008,-1.0,-1,-1,2.0,1,0.022862500000002228
wdbc,569,30,455,1,mutual_info,11,0.005611747285199975,-1.0,-1,-1,2.0,1,0.022862500000002228
wdbc,569,30,455,1,mutual_info,12,0.2391000130546279,-1.0,-1,-1,2.0,1,0.022862500000002228
wdbc,569,30,455,1,mutual_info,13,0.3300376474875377,-1.0,-1,-1,2.0,1,0.022862500000002228
wdbc,569,30,455,1,mutual_info,14,0.0008928524384168579,-1.0,-1,-1,2.0,1,0.022862500000002228
wdbc,569,30,455,1,mutual_info,15,0.0742357020020663,-1.0,-1,-1,2.0,1,0.022862500000002228
wdbc,569,30,455,1,mutual_info,16,0.1359419303969338,-1.0,-1,-1,2.0,1,0.022862500000002228
wdbc,569,30,455,1,mutual_info,17,0.1585218191390252,-1.0,-1,-1,2.0,1,0.022862500000002228
wdbc,569,30,455,1,mutual_info,18,0.03830085826861729,-1.0,-1,-1,2.0,1,0.022862500000002228
wdbc,569,30,455,1,mutual_info,19,0.04674536539278806,-1.0,-1,-1,2.0,1,0.022862500000002228
wdbc,569,30,455,1,mutual_info,20,0.4307354041214986,-1.0,-1,-1,2.0,1,0.022862500000002228
wdbc,569,30,455,1,mutual_info,21,0.1390383737238976,-1.0,-1,-1,2.0,1,0.022862500000002228
wdbc,569,30,455,1,mutual_info,22,0.4690299879194282,-1.0,-1,-1,2.0,1,0.022862500000002228
wdbc,569,30,455,1,mutual_info,23,0.45550272175551476,-1.0,-1,-1,2.0,1,0.022862500000002228
wdbc,569,30,455,1,mutual_info,24,0.1077576608711881,-1.0,-1,-1,2.0,1,0.022862500000002228
wdbc,569,30,455,1,mutual_info,25,0.22528859348960384,-1.0,-1,-1,2.0,1,0.022862500000002228
wdbc,569,30,455,1,mutual_info,26,0.313666852693387,-1.0,-1,-1,2.0,1,0.022862500000002228
wdbc,569,30,455,1,mutual_info,27,0.42966600301347624,-1.0,-1,-1,2.0,1,0.022862500000002228
wdbc,569,30,455,1,mutual_info,28,0.09449438364819951,-1.0,-1,-1,2.0,1,0.022862500000002228
wdbc,569,30,455,1,mutual_info,29,0.06803410012793587,-1.0,-1,-1,2.0,1,0.022862500000002228
wdbc,569,30,455,1,variance,0,1.0212932200324585,-1.0,-1,-1,2.0,1,2.979199999941784e-05
wdbc,569,30,455,1,variance,1,0.9300926453460455,-1.0,-1,-1,2.0,1,2.979199999941784e-05
wdbc,569,30,455,1,variance,2,1.0216233201021026,-1.0,-1,-1,2.0,1,2.979199999941784e-05
wdbc,569,30,455,1,variance,3,1.0061378785778508,-1.0,-1,-1,2.0,1,2.979199999941784e-05
wdbc,569,30,455,1,variance,4,1.044060999421571,-1.0,-1,-1,2.0,1,2.979199999941784e-05
wdbc,569,30,455,1,variance,5,1.0167855561490073,-1.0,-1,-1,2.0,1,2.979199999941784e-05
wdbc,569,30,455,1,variance,6,1.043791231989228,-1.0,-1,-1,2.0,1,2.979199999941784e-05
wdbc,569,30,455,1,variance,7,1.0042406016501448,-1.0,-1,-1,2.0,1,2.979199999941784e-05
wdbc,569,30,455,1,variance,8,0.9516170164179891,-1.0,-1,-1,2.0,1,2.979199999941784e-05
wdbc,569,30,455,1,variance,9,0.9877649626663717,-1.0,-1,-1,2.0,1,2.979199999941784e-05
wdbc,569,30,455,1,variance,10,0.9389746143905027,-1.0,-1,-1,2.0,1,2.979199999941784e-05
wdbc,569,30,455,1,variance,11,0.9446764837764708,-1.0,-1,-1,2.0,1,2.979199999941784e-05
wdbc,569,30,455,1,variance,12,0.9507101361119815,-1.0,-1,-1,2.0,1,2.979199999941784e-05
wdbc,569,30,455,1,variance,13,0.8569023125193413,-1.0,-1,-1,2.0,1,2.979199999941784e-05
wdbc,569,30,455,1,variance,14,0.9919467791948527,-1.0,-1,-1,2.0,1,2.979199999941784e-05
wdbc,569,30,455,1,variance,15,0.954829170830263,-1.0,-1,-1,2.0,1,2.979199999941784e-05
wdbc,569,30,455,1,variance,16,1.1338862139953574,-1.0,-1,-1,2.0,1,2.979199999941784e-05
wdbc,569,30,455,1,variance,17,1.0295809980367556,-1.0,-1,-1,2.0,1,2.979199999941784e-05
wdbc,569,30,455,1,variance,18,1.0778432750213105,-1.0,-1,-1,2.0,1,2.979199999941784e-05
wdbc,569,30,455,1,variance,19,0.9695663973528342,-1.0,-1,-1,2.0,1,2.979199999941784e-05
wdbc,569,30,455,1,variance,20,1.0073922893648715,-1.0,-1,-1,2.0,1,2.979199999941784e-05
wdbc,569,30,455,1,variance,21,0.9322291505039526,-1.0,-1,-1,2.0,1,2.979199999941784e-05
wdbc,569,30,455,1,variance,22,1.0112167450012384,-1.0,-1,-1,2.0,1,2.979199999941784e-05
wdbc,569,30,455,1,variance,23,0.9904732742222172,-1.0,-1,-1,2.0,1,2.979199999941784e-05
wdbc,569,30,455,1,variance,24,0.9873863650505941,-1.0,-1,-1,2.0,1,2.979199999941784e-05
wdbc,569,30,455,1,variance,25,0.98927791691072,-1.0,-1,-1,2.0,1,2.979199999941784e-05
wdbc,569,30,455,1,variance,26,1.0412047887499032,-1.0,-1,-1,2.0,1,2.979199999941784e-05
wdbc,569,30,455,1,variance,27,1.0022951755178122,-1.0,-1,-1,2.0,1,2.979199999941784e-05
wdbc,569,30,455,1,variance,28,1.0084722546592846,-1.0,-1,-1,2.0,1,2.979199999941784e-05
wdbc,569,30,455,1,variance,29,0.9609466931621552,-1.0,-1,-1,2.0,1,2.979199999941784e-05
wdbc,569,30,455,2,pai,0,0.6770316958427429,12.001871901061723,455,58,2.0,1,22.342568000000007
wdbc,569,30,455,2,pai,1,0.7807717323303223,11.216463549536172,455,58,2.0,1,22.342568000000007
wdbc,569,30,455,2,pai,2,0.675936222076416,11.921267753087099,455,58,2.0,1,22.342568000000007
wdbc,569,30,455,2,pai,3,0.6458761096000671,13.398567412864992,455,58,2.0,1,22.342568000000007
wdbc,569,30,455,2,pai,4,0.7626813054084778,14.359762877014312,455,58,2.0,1,22.342568000000007
wdbc,569,30,455,2,pai,5,0.6520600914955139,12.357122634985103,455,58,2.0,1,22.342568000000007
wdbc,569,30,455,2,pai,6,0.6312839388847351,10.716923332649333,455,58,2.0,1,22.342568000000007
wdbc,569,30,455,2,pai,7,0.6366320252418518,10.379498488888508,455,58,2.0,1,22.342568000000007
wdbc,569,30,455,2,pai,8,0.7827528119087219,14.457735856596557,455,58,2.0,1,22.342568000000007
wdbc,569,30,455,2,pai,9,0.7291395664215088,13.461568130148112,455,58,2.0,1,22.342568000000007
wdbc,569,30,455,2,pai,10,0.6659906506538391,19.93366694077609,455,58,2.0,1,22.342568000000007
wdbc,569,30,455,2,pai,11,0.7817199230194092,16.419086532719437,455,58,2.0,1,22.342568000000007
wdbc,569,30,455,2,pai,12,0.601349949836731,21.012069300698627,455,58,2.0,1,22.342568000000007
wdbc,569,30,455,2,pai,13,0.5276396870613098,22.828885915290893,455,58,2.0,1,22.342568000000007
wdbc,569,30,455,2,pai,14,0.8106542825698853,19.612128493259956,455,58,2.0,1,22.342568000000007
wdbc,569,30,455,2,pai,15,0.6508488655090332,14.883160792660142,455,58,2.0,1,22.342568000000007
wdbc,569,30,455,2,pai,16,0.6610918045043945,26.26036216809569,455,58,2.0,1,22.342568000000007
wdbc,569,30,455,2,pai,17,0.7124713659286499,17.12609649138077,455,58,2.0,1,22.342568000000007
wdbc,569,30,455,2,pai,18,0.7075509428977966,17.209614182090178,455,58,2.0,1,22.342568000000007
wdbc,569,30,455,2,pai,19,0.6837096214294434,21.841518547189526,455,58,2.0,1,22.342568000000007
wdbc,569,30,455,2,pai,20,0.6547753810882568,10.436959511980357,455,58,2.0,1,22.342568000000007
wdbc,569,30,455,2,pai,21,0.7192217111587524,12.219798110638472,455,58,2.0,1,22.342568000000007
wdbc,569,30,455,2,pai,22,0.5649608969688416,10.656777270505618,455,58,2.0,1,22.342568000000007
wdbc,569,30,455,2,pai,23,0.5626587867736816,11.415181980966949,455,58,2.0,1,22.342568000000007
wdbc,569,30,455,2,pai,24,0.7470808625221252,13.27613805341194,455,58,2.0,1,22.342568000000007
wdbc,569,30,455,2,pai,25,0.6454290747642517,13.113511344607627,455,58,2.0,1,22.342568000000007
wdbc,569,30,455,2,pai,26,0.662194013595581,12.012998912351401,455,58,2.0,1,22.342568000000007
wdbc,569,30,455,2,pai,27,0.6655474901199341,8.861879678236832,455,58,2.0,1,22.342568000000007
wdbc,569,30,455,2,pai,28,0.7821021676063538,16.41400208321087,455,58,2.0,1,22.342568000000007
wdbc,569,30,455,2,pai,29,0.7058796882629395,16.897391061259455,455,58,2.0,1,22.342568000000007
wdbc,569,30,455,2,nrs,0,0.0,-1.0,-1,-1,2.0,1,0.046966083000000935
wdbc,569,30,455,2,nrs,1,-0.010989010989011061,-1.0,-1,-1,2.0,1,0.046966083000000935
wdbc,569,30,455,2,nrs,2,0.0,-1.0,-1,-1,2.0,1,0.046966083000000935
wdbc,569,30,455,2,nrs,3,0.0,-1.0,-1,-1,2.0,1,0.046966083000000935
wdbc,569,30,455,2,nrs,4,-0.013186813186813251,-1.0,-1,-1,2.0,1,0.046966083000000935
wdbc,569,30,455,2,nrs,5,-0.006593406593406681,-1.0,-1,-1,2.0,1,0.046966083000000935
wdbc,569,30,455,2,nrs,6,0.00439560439560438,-1.0,-1,-1,2.0,1,0.046966083000000935
wdbc,569,30,455,2,nrs,7,0.0,-1.0,-1,-1,2.0,1,0.046966083000000935
wdbc,569,30,455,2,nrs,8,0.00879120879120876,-1.0,-1,-1,2.0,1,0.046966083000000935
wdbc,569,30,455,2,nrs,9,-0.006593406593406681,-1.0,-1,-1,2.0,1,0.046966083000000935
wdbc,569,30,455,2,nrs,10,0.0,-1.0,-1,-1,2.0,1,0.046966083000000935
wdbc,569,30,455,2,nrs,11,-0.010989010989011061,-1.0,-1,-1,2.0,1,0.046966083000000935
wdbc,569,30,455,2,nrs,12,0.00219780219780219,-1.0,-1,-1,2.0,1,0.046966083000000935
wdbc,569,30,455,2,nrs,13,0.0,-1.0,-1,-1,2.0,1,0.046966083000000935
wdbc,569,30,455,2,nrs,14,-0.015384615384615441,-1.0,-1,-1,2.0,1,0.046966083000000935
wdbc,569,30,455,2,nrs,15,0.00219780219780219,-1.0,-1,-1,2.0,1,0.046966083000000935
wdbc,569,30,455,2,nrs,16,0.00219780219780219,-1.0,-1,-1,2.0,1,0.046966083000000935
wdbc,569,30,455,2,nrs,17,-0.010989010989011061,-1.0,-1,-1,2.0,1,0.046966083000000935
wdbc,569,30,455,2,nrs,18,-0.004395604395604491,-1.0,-1,-1,2.0,1,0.046966083000000935
wdbc,569,30,455,2,nrs,19,0.0,-1.0,-1,-1,2.0,1,0.046966083000000935
wdbc,569,30,455,2,nrs,20,-0.004395604395604491,-1.0,-1,-1,2.0,1,0.046966083000000935
wdbc,569,30,455,2,nrs,21,0.00439560439560438,-1.0,-1,-1,2.0,1,0.046966083000000935
wdbc,569,30,455,2,nrs,22,-0.004395604395604491,-1.0,-1,-1,2.0,1,0.046966083000000935
wdbc,569,30,455,2,nrs,23,-0.002197802197802301,-1.0,-1,-1,2.0,1,0.046966083000000935
wdbc,569,30,455,2,nrs,24,0.00659340659340657,-1.0,-1,-1,2.0,1,0.046966083000000935
wdbc,569,30,455,2,nrs,25,0.00879120879120876,-1.0,-1,-1,2.0,1,0.046966083000000935
wdbc,569,30,455,2,nrs,26,0.00879120879120876,-1.0,-1,-1,2.0,1,0.046966083000000935
wdbc,569,30,455,2,nrs,27,0.00439560439560438,-1.0,-1,-1,2.0,1,0.046966083000000935
wdbc,569,30,455,2,nrs,28,0.00219780219780219,-1.0,-1,-1,2.0,1,0.046966083000000935
wdbc,569,30,455,2,nrs,29,-0.010989010989011061,-1.0,-1,-1,2.0,1,0.046966083000000935
wdbc,569,30,455,2,relieff,0,0.08095325470591695,-1.0,-1,-1,2.0,1,0.16161800000000426
wdbc,569,30,455,2,relieff,1,0.07445287492590393,-1.0,-1,-1,2.0,1,0.16161800000000426
wdbc,569,30,455,2,relieff,2,0.08108161757391248,-1.0,-1,-1,2.0,1,0.16161800000000426
wdbc,569,30,455,2,relieff,3,0.06919396035931807,-1.0,-1,-1,2.0,1,0.16161800000000426
wdbc,569,30,455,2,relieff,4,0.02529955919786427,-1.0,-1,-1,2.0,1,0.16161800000000426
wdbc,569,30,455,2,relieff,5,0.02948956141705053,-1.0,-1,-1,2.0,1,0.16161800000000426
wdbc,569,30,455,2,relieff,6,0.06143668934158627,-1.0,-1,-1,2.0,1,0.16161800000000426
wdbc,569,30,455,2,relieff,7,0.07840842745723456,-1.0,-1,-1,2.0,1,0.16161800000000426
wdbc,569,30,455,2,relieff,8,0.012025752025752037,-1.0,-1,-1,2.0,1,0.16161800000000426
wdbc,569,30,455,2,relieff,9,0.024318162881768614,-1.0,-1,-1,2.0,1,0.16161800000000426
wdbc,569,30,455,2,relieff,10,0.02976868360681507,-1.0,-1,-1,2.0,1,0.16161800000000426
wdbc,569,30,455,2,relieff,11,0.017983202706063385,-1.0,-1,-1,2.0,1,0.16161800000000426
wdbc,569,30,455,2,relieff,12,0.02351772827841244,-1.0,-1,-1,2.0,1,0.16161800000000426
wdbc,569,30,455,2,relieff,13,0.02538237521059353,-1.0,-1,-1,2.0,1,0.16161800000000426
wdbc,569,30,455,2,relieff,14,0.015862958810914093,-1.0,-1,-1,2.0,1,0.16161800000000426
wdbc,569,30,455,2,relieff,15,0.012291836201771012,-1.0,-1,-1,2.0,1,0.16161800000000426
wdbc,569,30,455,2,relieff,16,0.008946644189144188,-1.0,-1,-1,2.0,1,0.16161800000000426
wdbc,569,30,455,2,relieff,17,0.014650955787913552,-1.0,-1,-1,2.0,1,0.16161800000000426
wdbc,569,30,455,2,relieff,18,0.0166889968252044,-1.0,-1,-1,2.0,1,0.16161800000000426
wdbc,569,30,455,2,relieff,19,0.008786653587202228,-1.0,-1,-1,2.0,1,0.16161800000000426
wdbc,569,30,455,2,relieff,20,0.1185462323390895,-1.0,-1,-1,2.0,1,0.16161800000000426
wdbc,569,30,455,2,relieff,21,0.0900626771948733,-1.0,-1,-1,2.0,1,0.16161800000000426
wdbc,569,30,455,2,relieff,22,0.11215576642039823,-1.0,-1,-1,2.0,1,0.16161800000000426
wdbc,569,30,455,2,relieff,23,0.09766527854306593,-1.0,-1,-1,2.0,1,0.16161800000000426
wdbc,569,30,455,2,relieff,24,0.04358455254050582,-1.0,-1,-1,2.0,1,0.16161800000000426
wdbc,569,30,455,2,relieff,25,0.03653080278280384,-1.0,-1,-1,2.0,1,0.16161800000000426
wdbc,569,30,455,2,relieff,26,0.059932173752764835,-1.0,-1,-1,2.0,1,0.16161800000000426
wdbc,569,30,455,2,relieff,27,0.10700174313658843,-1.0,-1,-1,2.0,1,0.16161800000000426
wdbc,569,30,455,2,relieff,28,0.02458250206328264,-1.0,-1,-1,2.0,1,0.16161800000000426
wdbc,569,30,455,2,relieff,29,0.016790280426644082,-1.0,-1,-1,2.0,1,0.16161800000000426
wdbc,569,30,455,2,mutual_info,0,0.3773405443740414,-1.0,-1,-1,2.0,1,0.022970459000006826
wdbc,569,30,455,2,mutual_info,1,0.09885758514891307,-1.0,-1,-1,2.0,1,0.022970459000006826
wdbc,569,30,455,2,mutual_info,2,0.38205705357339803,-1.0,-1,-1,2.0,1,0.022970459000006826
wdbc,569,30,455,2,mutual_info,3,0.35270467414709517,-1.0,-1,-1,2.0,1,0.022970459000006826
wdbc,569,30,455,2,mutual_info,4,0.07899085403926964,-1.0,-1,-1,2.0,1,0.022970459000006826
wdbc,569,30,455,2,mutual_info,5,0.20475703355317076,-1.0,-1,-1,2.0,1,0.022970459000006826
wdbc,569,30,455,2,mutual_info,6,0.35847852108541356,-1.0,-1,-1,2.0,1,0.022970459000006826
wdbc,569,30,455,2,mutual_info,7,0.4254297343408746,-1.0,-1,-1,2.0,1,0.022970459000006826
wdbc,569,30,455,2,mutual_info,8,0.043459495076804355,-1.0,-1,-1,2.0,1,0.022970459000006826
wdbc,569,30,455,2,mutual_info,9,0.008687981808423562,-1.0,-1,-1,2.0,1,0.022970459000006826
wdbc,569,30,455,2,mutual_info,10,0.2279285297274709,-1.0,-1,-1,2.0,1,0.022970459000006826
wdbc,569,30,455,2,mutual_info,11,0.0016114188899083448,-1.0,-1,-1,2.0,1,0.022970459000006826
wdbc,569,30,455,2,mutual_info,12,0.2531216485693999,-1.0,-1,-1,2.0,1,0.022970459000006826
wdbc,569,30,455,2,mutual_info,13,0.3252130818627712,-1.0,-1,-1,2.0,1,0.022970459000006826
wdbc,569,30,455,2,mutual_info,14,0.029050403628505306,-1.0,-1,-1,2.0,1,0.022970459000006826
wdbc,569,30,455,2,mutual_info,15,0.0549767359849771,-1.0,-1,-1,2.0,1,0.022970459000006826
wdbc,569,30,455,2,mutual_info,16,0.12169841803933257,-1.0,-1,-1,2.0,1,0.022970459000006826
wdbc,569,30,455,2,mutual_info,17,0.11757304923423884,-1.0,-1,-1,2.0,1,0.022970459000006826
wdbc,569,30,455,2,mutual_info,18,0.028267787170846548,-1.0,-1,-1,2.0,1,0.022970459000006826
wdbc,569,30,455,2,mutual_info,19,0.029567571016134053,-1.0,-1,-1,2.0,1,0.022970459000006826
wdbc,569,30,455,2,mutual_info,20,0.4333833650400467,-1.0,-1,-1,2.0,1,0.022970459000006826
wdbc,569,30,455,2,mutual_info,21,0.12518333237496138,-1.0,-1,-1,2.0,1,0.022970459000006826
wdbc,569,30,455,2,mutual_info,22,0.4569844205945024,-1.0,-1,-1,2.0,1,0.022970459000006826
wdbc,569,30,455,2,mutual_info,23,0.44933044850868264,-1.0,-1,-1,2.0,1,0.022970459000006826
wdbc,569,30,455,2,mutual_info,24,0.09665151391145876,-1.0,-1,-1,2.0,1,0.022970459000006826
wdbc,569,30,455,2,mutual_info,25,0.22715533570850188,-1.0,-1,-1,2.0,1,0.022970459000006826
wdbc,569,30,455,2,mutual_info,26,0.32331481160933495,-1.0,-1,-1,2.0,1,0.022970459000006826
wdbc,569,30,455,2,mutual_info,27,0.4348579227391336,-1.0,-1,-1,2.0,1,0.022970459000006826
wdbc,569,30,455,2,mutual_info,28,0.10150796311770738,-1.0,-1,-1,2.0,1,0.022970459000006826
wdbc,569,30,455,2,mutual_info,29,0.044349727038673015,-1.0,-1,-1,2.0,1,0.022970459000006826
wdbc,569,30,455,2,variance,0,1.0287818600476746,-1.0,-1,-1,2.0,1,3.220899999689664e-05
wdbc,569,30,455,2,variance,1,0.9658734653818755,-1.0,-1,-1,2.0,1,3.220899999689664e-05
wdbc,569,30,455,2,variance,2,1.021854813483773,-1.0,-1,-1,2.0,1,3.220899999689664e-05
wdbc,569,30,455,2,variance,3,1.0126697043164432,-1.0,-1,-1,2.0,1,3.220899999689664e-05
wdbc,569,30,455,2,variance,4,1.023825953870455,-1.0,-1,-1,2.0,1,3.220899999689664e-05
wdbc,569,30,455,2,variance,5,1.0137802810220475,-1.0,-1,-1,2.0,1,3.220899999689664e-05
wdbc,569,30,455,2,variance,6,0.9822598665989132,-1.0,-1,-1,2.0,1,3.220899999689664e-05
wdbc,569,30,455,2,variance,7,0.9715072993148264,-1.0,-1,-1,2.0,1,3.220899999689664e-05
wdbc,569,30,455,2,variance,8,1.0111428348735858,-1.0,-1,-1,2.0,1,3.220899999689664e-05
wdbc,569,30,455,2,variance,9,1.064568324220292,-1.0,-1,-1,2.0,1,3.220899999689664e-05
wdbc,569,30,455,2,variance,10,0.8994186296981243,-1.0,-1,-1,2.0,1,3.220899999689664e-05
wdbc,569,30,455,2,variance,11,1.0453935051588918,-1.0,-1,-1,2.0,1,3.220899999689664e-05
wdbc,569,30,455,2,variance,12,0.9053984927533812,-1.0,-1,-1,2.0,1,3.220899999689664e-05
wdbc,569,30,455,2,variance,13,0.8365537984985592,-1.0,-1,-1,2.0,1,3.220899999689664e-05
wdbc,569,30,455,2,variance,14,1.0935338896116578,-1.0,-1,-1,2.0,1,3.220899999689664e-05
wdbc,569,30,455,2,variance,15,1.0558885576068486,-1.0,-1,-1,2.0,1,3.220899999689664e-05
wdbc,569,30,455,2,variance,16,1.109166915925636,-1.0,-1,-1,2.0,1,3.220899999689664e-05
wdbc,569,30,455,2,variance,17,1.0206057624750744,-1.0,-1,-1,2.0,1,3.220899999689664e-05
wdbc,569,30,455,2,variance,18,1.0265328335985657,-1.0,-1,-1,2.0,1,3.220899999689664e-05
wdbc,569,30,455,2,variance,19,1.118290978330781,-1.0,-1,-1,2.0,1,3.220899999689664e-05
wdbc,569,30,455,2,variance,20,1.028009307061434,-1.0,-1,-1,2.0,1,3.220899999689664e-05
wdbc,569,30,455,2,variance,21,1.0196026097451272,-1.0,-1,-1,2.0,1,3.220899999689664e-05
wdbc,569,30,455,2,variance,22,1.020497450441756,-1.0,-1,-1,2.0,1,3.220899999689664e-05
wdbc,569,30,455,2,variance,23,1.0067592720924219,-1.0,-1,-1,2.0,1,3.220899999689664e-05
wdbc,569,30,455,2,variance,24,1.0481050982254434,-1.0,-1,-1,2.0,1,3.220899999689664e-05
wdbc,569,30,455,2,variance,25,1.0401707860678866,-1.0,-1,-1,2.0,1,3.220899999689664e-05
wdbc,569,30,455,2,variance,26,1.0281048433562148,-1.0,-1,-1,2.0,1,3.220899999689664e-05
wdbc,569,30,455,2,variance,27,0.9886328292537323,-1.0,-1,-1,2.0,1,3.220899999689664e-05
wdbc,569,30,455,2,variance,28,0.9936365956423354,-1.0,-1,-1,2.0,1,3.220899999689664e-05
wdbc,569,30,455,2,variance,29,1.0428305238775284,-1.0,-1,-1,2.0,1,3.220899999689664e-05
wdbc,569,30,455,3,pai,0,0.6711852550506592,11.609932310369661,455,65,2.0,1,22.689269167000006
wdbc,569,30,455,3,pai,1,0.748817503452301,13.762274985883181,455,65,2.0,1,22.689269167000006
wdbc,569,30,455,3,pai,2,0.6589947938919067,11.78945911232323,455,65,2.0,1,22.689269167000006
wdbc,569,30,455,3,pai,3,0.6140932440757751,13.409943823319555,455,65,2.0,1,22.689269167000006
wdbc,569,30,455,3,pai,4,0.7609916925430298,13.104404480986299,455,65,2.0,1,22.689269167000006
wdbc,569,30,455,3,pai,5,0.6019277572631836,12.203236622169817,455,65,2.0,1,22.689269167000006
wdbc,569,30,455,3,pai,6,0.6053611040115356,10.716923332649333,455,65,2.0,1,22.689269167000006
wdbc,569,30,455,3,pai,7,0.5989958643913269,10.379498488888508,455,65,2.0,1,22.689269167000006
wdbc,569,30,455,3,pai,8,0.7128665447235107,14.457735856596557,455,65,2.0,1,22.689269167000006
wdbc,569,30,455,3,pai,9,0.7320921421051025,13.382182302927358,455,65,2.0,1,22.689269167000006
wdbc,569,30,455,3,pai,10,0.6659906506538391,17.580462007698774,455,65,2.0,1,22.689269167000006
wdbc,569,30,455,3,pai,11,0.720081627368927,16.419086532719437,455,65,2.0,1,22.689269167000006
wdbc,569,30,455,3,pai,12,0.5967296361923218,17.715165433605076,455,65,2.0,1,22.689269167000006
wdbc,569,30,455,3,pai,13,0.5493508577346802,23.55934267532819,455,65,2.0,1,22.689269167000006
wdbc,569,30,455,3,pai,14,0.7327905893325806,19.612128493259956,455,65,2.0,1,22.689269167000006
wdbc,569,30,455,3,pai,15,0.6742193102836609,14.798208692723067,455,65,2.0,1,22.689269167000006
wdbc,569,30,455,3,pai,16,0.6558235287666321,20.146207138049164,455,65,2.0,1,22.689269167000006
wdbc,569,30,455,3,pai,17,0.7382242679595947,13.268750644013519,455,65,2.0,1,22.689269167000006
wdbc,569,30,455,3,pai,18,0.7729793787002563,17.209614182090178,455,65,2.0,1,22.689269167000006
wdbc,569,30,455,3,pai,19,0.6810887455940247,16.53563567107128,455,65,2.0,1,22.689269167000006
wdbc,569,30,455,3,pai,20,0.5910059809684753,11.642179836578087,455,65,2.0,1,22.689269167000006
wdbc,569,30,455,3,pai,21,0.7397814393043518,12.219798110638472,455,65,2.0,1,22.689269167000006
wdbc,569,30,455,3,pai,22,0.5839903354644775,11.961396993374827,455,65,2.0,1,22.689269167000006
wdbc,569,30,455,3,pai,23,0.589364767074585,14.30519047805788,455,65,2.0,1,22.689269167000006
wdbc,569,30,455,3,pai,24,0.7132697701454163,13.27613805341194,455,65,2.0,1,22.689269167000006
wdbc,569,30,455,3,pai,25,0.6661903858184814,11.519345214969476,455,65,2.0,1,22.689269167000006
wdbc,569,30,455,3,pai,26,0.6715965867042542,12.012998912351401,455,65,2.0,1,22.689269167000006
wdbc,569,30,455,3,pai,27,0.6297662258148193,8.861879678236832,455,65,2.0,1,22.689269167000006
wdbc,569,30,455,3,pai,28,0.7189093828201294,16.41400208321087,455,65,2.0,1,22.689269167000006
wdbc,569,30,455,3,pai,29,0.6757066249847412,13.073699656212549,455,65,2.0,1,22.689269167000006
wdbc,569,30,455,3,nrs,0,0.004395604395604491,-1.0,-1,-1,2.0,1,0.0469125000000048
wdbc,569,30,455,3,nrs,1,-0.00219780219780219,-1.0,-1,-1,2.0,1,0.0469125000000048
wdbc,569,30,455,3,nrs,2,0.004395604395604491,-1.0,-1,-1,2.0,1,0.0469125000000048
wdbc,569,30,455,3,nrs,3,0.004395604395604491,-1.0,-1,-1,2.0,1,0.0469125000000048
wdbc,569,30,455,3,nrs,4,-0.01538461538461533,-1.0,-1,-1,2.0,1,0.0469125000000048
wdbc,569,30,455,3,nrs,5,-0.00219780219780219,-1.0,-1,-1,2.0,1,0.0469125000000048
wdbc,569,30,455,3,nrs,6,-0.00219780219780219,-1.0,-1,-1,2.0,1,0.0469125000000048
wdbc,569,30,455,3,nrs,7,0.00219780219780219,-1.0,-1,-1,2.0,1,0.0469125000000048
wdbc,569,30,455,3,nrs,8,-0.00879120879120876,-1.0,-1,-1,2.0,1,0.0469125000000048
wdbc,569,30,455,3,nrs,9,0.00219780219780219,-1.0,-1,-1,2.0,1,0.0469125000000048
wdbc,569,30,455,3,nrs,10,0.00219780219780219,-1.0,-1,-1,2.0,1,0.0469125000000048
wdbc,569,30,455,3,nrs,11,-0.00659340659340657,-1.0,-1,-1,2.0,1,0.0469125000000048
wdbc,569,30,455,3,nrs,12,0.0,-1.0,-1,-1,2.0,1,0.0469125000000048
wdbc,569,30,455,3,nrs,13,0.00219780219780219,-1.0,-1,-1,2.0,1,0.0469125000000048
wdbc,569,30,455,3,nrs,14,-0.01538461538461533,-1.0,-1,-1,2.0,1,0.0469125000000048
wdbc,569,30,455,3,nrs,15,0.0,-1.0,-1,-1,2.0,1,0.0469125000000048
wdbc,569,30,455,3,nrs,16,-0.00879120879120876,-1.0,-1,-1,2.0,1,0.0469125000000048
wdbc,569,30,455,3,nrs,17,-0.00879120879120876,-1.0,-1,-1,2.0,1,0.0469125000000048
wdbc,569,30,455,3,nrs,18,-0.01538461538461533,-1.0,-1,-1,2.0,1,0.0469125000000048
wdbc,569,30,455,3,nrs,19,0.00219780219780219,-1.0,-1,-1,2.0,1,0.0469125000000048
wdbc,569,30,455,3,nrs,20,0.010989010989011061,-1.0,-1,-1,2.0,1,0.0469125000000048
wdbc,569,30,455,3,nrs,21,0.0,-1.0,-1,-1,2.0,1,0.0469125000000048
wdbc,569,30,455,3,nrs,22,0.006593406593406681,-1.0,-1,-1,2.0,1,0.0469125000000048
wdbc,569,30,455,3,nrs,23,0.006593406593406681,-1.0,-1,-1,2.0,1,0.0469125000000048
wdbc,569,30,455,3,nrs,24,-0.00219780219780219,-1.0,-1,-1,2.0,1,0.0469125000000048
wdbc,569,30,455,3,nrs,25,-0.00219780219780219,-1.0,-1,-1,2.0,1,0.0469125000000048
wdbc,569,30,455,3,nrs,26,-0.00439560439560438,-1.0,-1,-1,2.0,1,0.0469125000000048
wdbc,569,30,455,3,nrs,27,0.0,-1.0,-1,-1,2.0,1,0.0469125000000048
wdbc,569,30,455,3,nrs,28,0.00219780219780219,-1.0,-1,-1,2.0,1,0.0469125000000048
wdbc,569,30,455,3,nrs,29,-0.00659340659340657,-1.0,-1,-1,2.0,1,0.0469125000000048
wdbc,569,30,455,3,relieff,0,0.09826738260027561,-1.0,-1,-1,2.0,1,0.16534058299998833
wdbc,569,30,455,3,relieff,1,0.054437709736999566,-1.0,-1,-1,2.0,1,0.16534058299998833
wdbc,569,30,455,3,relieff,2,0.09600582353849073,-1.0,-1,-1,2.0,1,0.16534058299998833
wdbc,569,30,455,3,relieff,3,0.08074573316397288,-1.0,-1,-1,2.0,1,0.16534058299998833
wdbc,569,30,455,3,relieff,4,0.026958059861285653,-1.0,-1,-1,2.0,1,0.16534058299998833
wdbc,569,30,455,3,relieff,5,0.027804491445937586,-1.0,-1,-1,2.0,1,0.16534058299998833
wdbc,569,30,455,3,relieff,6,0.06721738035160721,-1.0,-1,-1,2.0,1,0.16534058299998833
wdbc,569,30,455,3,relieff,7,0.08886127083651939,-1.0,-1,-1,2.0,1,0.16534058299998833
wdbc,569,30,455,3,relieff,8,0.007938283938283943,-1.0,-1,-1,2.0,1,0.16534058299998833
wdbc,569,30,455,3,relieff,9,0.02630559694542741,-1.0,-1,-1,2.0,1,0.16534058299998833
wdbc,569,30,455,3,relieff,10,0.03406409316407259,-1.0,-1,-1,2.0,1,0.16534058299998833
wdbc,569,30,455,3,relieff,11,0.020886061869530768,-1.0,-1,-1,2.0,1,0.16534058299998833
wdbc,569,30,455,3,relieff,12,0.028702490936660715,-1.0,-1,-1,2.0,1,0.16534058299998833
wdbc,569,30,455,3,relieff,13,0.025921457874883196,-1.0,-1,-1,2.0,1,0.16534058299998833
wdbc,569,30,455,3,relieff,14,0.017369764885147156,-1.0,-1,-1,2.0,1,0.16534058299998833
wdbc,569,30,455,3,relieff,15,0.011063821062763584,-1.0,-1,-1,2.0,1,0.16534058299998833
wdbc,569,30,455,3,relieff,16,0.011574345108479404,-1.0,-1,-1,2.0,1,0.16534058299998833
wdbc,569,30,455,3,relieff,17,0.022460941991993316,-1.0,-1,-1,2.0,1,0.16534058299998833
wdbc,569,30,455,3,relieff,18,0.019724380982893967,-1.0,-1,-1,2.0,1,0.16534058299998833
wdbc,569,30,455,3,relieff,19,0.011617704283089966,-1.0,-1,-1,2.0,1,0.16534058299998833
wdbc,569,30,455,3,relieff,20,0.11296191179862472,-1.0,-1,-1,2.0,1,0.16534058299998833
wdbc,569,30,455,3,relieff,21,0.08281608050797812,-1.0,-1,-1,2.0,1,0.16534058299998833
wdbc,569,30,455,3,relieff,22,0.1080859615507755,-1.0,-1,-1,2.0,1,0.16534058299998833
wdbc,569,30,455,3,relieff,23,0.08301338407954606,-1.0,-1,-1,2.0,1,0.16534058299998833
wdbc,569,30,455,3,relieff,24,0.04001127710696491,-1.0,-1,-1,2.0,1,0.16534058299998833
wdbc,569,30,455,3,relieff,25,0.04265804903394504,-1.0,-1,-1,2.0,1,0.16534058299998833
wdbc,569,30,455,3,relieff,26,0.06307896324123162,-1.0,-1,-1,2.0,1,0.16534058299998833
wdbc,569,30,455,3,relieff,27,0.11635653487406059,-1.0,-1,-1,2.0,1,0.16534058299998833
wdbc,569,30,455,3,relieff,28,0.02216076058772689,-1.0,-1,-1,2.0,1,0.16534058299998833
wdbc,569,30,455,3,relieff,29,0.025068956137114833,-1.0,-1,-1,2.0,1,0.16534058299998833
wdbc,569,30,455,3,mutual_info,0,0.37062979501868054,-1.0,-1,-1,2.0,1,0.023399999999995202
wdbc,569,30,455,3,mutual_info,1,0.09935853078659185,-1.0,-1,-1,2.0,1,0.023399999999995202
wdbc,569,30,455,3,mutual_info,2,0.4024074115384104,-1.0,-1,-1,2.0,1,0.023399999999995202
wdbc,569,30,455,3,mutual_info,3,0.3638891512999729,-1.0,-1,-1,2.0,1,0.023399999999995202
wdbc,569,30,455,3,mutual_info,4,0.08639955143668665,-1.0,-1,-1,2.0,1,0.023399999999995202
wdbc,569,30,455,3,mutual_info,5,0.2466681102683701,-1.0,-1,-1,2.0,1,0.023399999999995202
wdbc,569,30,455,3,mutual_info,6,0.39620395719673507,-1.0,-1,-1,2.0,1,0.023399999999995202
wdbc,569,30,455,3,mutual_info,7,0.4533929387485658,-1.0,-1,-1,2.0,1,0.023399999999995202
wdbc,569,30,455,3,mutual_info,8,0.06723254747645657,-1.0,-1,-1,2.0,1,0.023399999999995202
wdbc,569,30,455,3,mutual_info,9,0.005482637393283252,-1.0,-1,-1,2.0,1,0.023399999999995202
wdbc,569,30,455,3,mutual_info,10,0.24031965405495148,-1.0,-1,-1,2.0,1,0.023399999999995202
wdbc,569,30,455,3,mutual_info,11,0.0,-1.0,-1,-1,2.0,1,0.023399999999995202
wdbc,569,30,455,3,mutual_info,12,0.26828291654266234,-1.0,-1,-1,2.0,1,0.023399999999995202
wdbc,569,30,455,3,mutual_info,13,0.348079241191265,-1.0,-1,-1,2.0,1,0.023399999999995202
wdbc,569,30,455,3,mutual_info,14,0.026168446391208855,-1.0,-1,-1,2.0,1,0.023399999999995202
wdbc,569,30,455,3,mutual_info,15,0.07750210686049819,-1.0,-1,-1,2.0,1,0.023399999999995202
wdbc,569,30,455,3,mutual_info,16,0.12421558952712153,-1.0,-1,-1,2.0,1,0.023399999999995202
wdbc,569,30,455,3,mutual_info,17,0.15137033555211343,-1.0,-1,-1,2.0,1,0.023399999999995202
wdbc,569,30,455,3,mutual_info,18,0.005319610142310971,-1.0,-1,-1,2.0,1,0.023399999999995202
wdbc,569,30,455,3,mutual_info,19,0.02119864240132996,-1.0,-1,-1,2.0,1,0.023399999999995202
wdbc,569,30,455,3,mutual_info,20,0.46651880037420823,-1.0,-1,-1,2.0,1,0.023399999999995202
wdbc,569,30,455,3,mutual_info,21,0.11512944301901307,-1.0,-1,-1,2.0,1,0.023399999999995202
wdbc,569,30,455,3,mutual_info,22,0.4782939583666901,-1.0,-1,-1,2.0,1,0.023399999999995202
wdbc,569,30,455,3,mutual_info,23,0.45969161443102724,-1.0,-1,-1,2.0,1,0.023399999999995202
wdbc,569,30,455,3,mutual_info,24,0.08759399488111153,-1.0,-1,-1,2.0,1,0.023399999999995202
wdbc,569,30,455,3,mutual_info,25,0.25865995766877536,-1.0,-1,-1,2.0,1,0.023399999999995202
wdbc,569,30,455,3,mutual_info,26,0.32654694631463665,-1.0,-1,-1,2.0,1,0.023399999999995202
wdbc,569,30,455,3,mutual_info,27,0.44636352900051546,-1.0,-1,-1,2.0,1,0.023399999999995202
wdbc,569,30,455,3,mutual_info,28,0.07570213814039639,-1.0,-1,-1,2.0,1,0.023399999999995202
wdbc,569,30,455,3,mutual_info,29,0.062005685591851156,-1.0,-1,-1,2.0,1,0.023399999999995202
wdbc,569,30,455,3,variance,0,1.0193724966890203,-1.0,-1,-1,2.0,1,2.9791000002887813e-05
wdbc,569,30,455,3,variance,1,1.0364334913637152,-1.0,-1,-1,2.0,1,2.9791000002887813e-05
wdbc,569,30,455,3,variance,2,1.0237659334797582,-1.0,-1,-1,2.0,1,2.9791000002887813e-05
wdbc,569,30,455,3,variance,3,1.0048377586754897,-1.0,-1,-1,2.0,1,2.9791000002887813e-05
wdbc,569,30,455,3,variance,4,0.9854360378174231,-1.0,-1,-1,2.0,1,2.9791000002887813e-05
wdbc,569,30,455,3,variance,5,0.9564586748096459,-1.0,-1,-1,2.0,1,2.9791000002887813e-05
wdbc,569,30,455,3,variance,6,0.9794423391184915,-1.0,-1,-1,2.0,1,2.9791000002887813e-05
wdbc,569,30,455,3,variance,7,1.0221869633590988,-1.0,-1,-1,2.0,1,2.9791000002887813e-05
wdbc,569,30,455,3,variance,8,1.0090022077718994,-1.0,-1,-1,2.0,1,2.9791000002887813e-05
wdbc,569,30,455,3,variance,9,0.904916342265936,-1.0,-1,-1,2.0,1,2.9791000002887813e-05
wdbc,569,30,455,3,variance,10,0.879405417139376,-1.0,-1,-1,2.0,1,2.9791000002887813e-05
wdbc,569,30,455,3,variance,11,1.0754345986335883,-1.0,-1,-1,2.0,1,2.9791000002887813e-05
wdbc,569,30,455,3,variance,12,0.8664609238162887,-1.0,-1,-1,2.0,1,2.9791000002887813e-05
wdbc,569,30,455,3,variance,13,0.8447411245263177,-1.0,-1,-1,2.0,1,2.9791000002887813e-05
wdbc,569,30,455,3,variance,14,1.0562850627491367,-1.0,-1,-1,2.0,1,2.9791000002887813e-05
wdbc,569,30,455,3,variance,15,1.0109753375418935,-1.0,-1,-1,2.0,1,2.9791000002887813e-05
wdbc,569,30,455,3,variance,16,0.8094114217483898,-1.0,-1,-1,2.0,1,2.9791000002887813e-05
wdbc,569,30,455,3,variance,17,0.9831608387488416,-1.0,-1,-1,2.0,1,2.9791000002887813e-05
wdbc,569,30,455,3,variance,18,1.0673499558560755,-1.0,-1,-1,2.0,1,2.9791000002887813e-05
wdbc,569,30,455,3,variance,19,0.837884605362613,-1.0,-1,-1,2.0,1,2.9791000002887813e-05
wdbc,569,30,455,3,variance,20,1.0234107087252169,-1.0,-1,-1,2.0,1,2.9791000002887813e-05
wdbc,569,30,455,3,variance,21,1.0305189052836583,-1.0,-1,-1,2.0,1,2.9791000002887813e-05
wdbc,569,30,455,3,variance,22,1.0302579841964359,-1.0,-1,-1,2.0,1,2.9791000002887813e-05
wdbc,569,30,455,3,variance,23,1.0201968550243774,-1.0,-1,-1,2.0,1,2.9791000002887813e-05
wdbc,569,30,455,3,variance,24,1.0176619744399753,-1.0,-1,-1,2.0,1,2.9791000002887813e-05
wdbc,569,30,455,3,variance,25,0.9065662169517509,-1.0,-1,-1,2.0,1,2.9791000002887813e-05
wdbc,569,30,455,3,variance,26,0.9596340960125509,-1.0,-1,-1,2.0,1,2.9791000002887813e-05
wdbc,569,30,455,3,variance,27,1.015815725964683,-1.0,-1,-1,2.0,1,2.9791000002887813e-05
wdbc,569,30,455,3,variance,28,0.997225114672889,-1.0,-1,-1,2.0,1,2.9791000002887813e-05
wdbc,569,30,455,3,variance,29,0.8664451053861468,-1.0,-1,-1,2.0,1,2.9791000002887813e-05
wdbc,569,30,455,4,pai,0,0.6696635484695435,12.001871901061723,455,60,2.0,1,22.957746165999993
wdbc,569,30,455,4,pai,1,0.7817468643188477,13.762274985883181,455,60,2.0,1,22.957746165999993
wdbc,569,30,455,4,pai,2,0.6699380278587341,11.921267753087099,455,60,2.0,1,22.957746165999993
wdbc,569,30,455,4,pai,3,0.6437209844589233,13.409943823319555,455,60,2.0,1,22.957746165999993
wdbc,569,30,455,4,pai,4,0.7314202785491943,15.765992009979932,455,60,2.0,1,22.957746165999993
wdbc,569,30,455,4,pai,5,0.6552245616912842,11.068422035054137,455,60,2.0,1,22.957746165999993
wdbc,569,30,455,4,pai,6,0.5402622222900391,10.70687935576775,455,60,2.0,1,22.957746165999993
wdbc,569,30,455,4,pai,7,0.5374233722686768,9.68821976249136,455,60,2.0,1,22.957746165999993
wdbc,569,30,455,4,pai,8,0.7155419588088989,14.457735856596557,455,60,2.0,1,22.957746165999993
wdbc,569,30,455,4,pai,9,0.6982125639915466,13.461568130148112,455,60,2.0,1,22.957746165999993
wdbc,569,30,455,4,pai,10,0.685256838798523,19.93366694077609,455,60,2.0,1,22.957746165999993
wdbc,569,30,455,4,pai,11,0.7046555280685425,16.412192025909818,455,60,2.0,1,22.957746165999993
wdbc,569,30,455,4,pai,12,0.5929820537567139,21.012069300698627,455,60,2.0,1,22.957746165999993
wdbc,569,30,455,4,pai,13,0.5383859276771545,23.540597218715185,455,60,2.0,1,22.957746165999993
wdbc,569,30,455,4,pai,14,0.7523846626281738,19.612128493259956,455,60,2.0,1,22.957746165999993
wdbc,569,30,455,4,pai,15,0.6506556272506714,11.641567505587531,455,60,2.0,1,22.957746165999993
wdbc,569,30,455,4,pai,16,0.6177833080291748,26.26036216809569,455,60,2.0,1,22.957746165999993
wdbc,569,30,455,4,pai,17,0.7260023355484009,17.12609649138077,455,60,2.0,1,22.957746165999993
wdbc,569,30,455,4,pai,18,0.723701000213623,12.974288127540207,455,60,2.0,1,22.957746165999993
wdbc,569,30,455,4,pai,19,0.6863529086112976,21.897121494477645,455,60,2.0,1,22.957746165999993
wdbc,569,30,455,4,pai,20,0.5821371674537659,11.642179836578087,455,60,2.0,1,22.957746165999993
wdbc,569,30,455,4,pai,21,0.6975722908973694,12.219798110638472,455,60,2.0,1,22.957746165999993
wdbc,569,30,455,4,pai,22,0.6408460736274719,11.961396993374827,455,60,2.0,1,22.957746165999993
wdbc,569,30,455,4,pai,23,0.5565947890281677,14.30519047805788,455,60,2.0,1,22.957746165999993
wdbc,569,30,455,4,pai,24,0.6798252463340759,13.27613805341194,455,60,2.0,1,22.957746165999993
wdbc,569,30,455,4,pai,25,0.6065828204154968,11.585503745489177,455,60,2.0,1,22.957746165999993
wdbc,569,30,455,4,pai,26,0.6200238466262817,12.012998912351401,455,60,2.0,1,22.957746165999993
wdbc,569,30,455,4,pai,27,0.6338667869567871,8.861879678236832,455,60,2.0,1,22.957746165999993
wdbc,569,30,455,4,pai,28,0.7434130907058716,16.41400208321087,455,60,2.0,1,22.957746165999993
wdbc,569,30,455,4,pai,29,0.6716808676719666,13.073699656212549,455,60,2.0,1,22.957746165999993
wdbc,569,30,455,4,nrs,0,0.008791208791208871,-1.0,-1,-1,2.0,1,0.04689829200000872
wdbc,569,30,455,4,nrs,1,-0.00219780219780219,-1.0,-1,-1,2.0,1,0.04689829200000872
wdbc,569,30,455,4,nrs,2,0.00219780219780219,-1.0,-1,-1,2.0,1,0.04689829200000872
wdbc,569,30,455,4,nrs,3,0.00219780219780219,-1.0,-1,-1,2.0,1,0.04689829200000872
wdbc,569,30,455,4,nrs,4,-0.01098901098901095,-1.0,-1,-1,2.0,1,0.04689829200000872
wdbc,569,30,455,4,nrs,5,-0.00219780219780219,-1.0,-1,-1,2.0,1,0.04689829200000872
wdbc,569,30,455,4,nrs,6,-0.00219780219780219,-1.0,-1,-1,2.0,1,0.04689829200000872
wdbc,569,30,455,4,nrs,7,0.0,-1.0,-1,-1,2.0,1,0.04689829200000872
wdbc,569,30,455,4,nrs,8,0.00219780219780219,-1.0,-1,-1,2.0,1,0.04689829200000872
wdbc,569,30,455,4,nrs,9,-0.00659340659340657,-1.0,-1,-1,2.0,1,0.04689829200000872
wdbc,569,30,455,4,nrs,10,0.010989010989011061,-1.0,-1,-1,2.0,1,0.04689829200000872
wdbc,569,30,455,4,nrs,11,-0.00219780219780219,-1.0,-1,-1,2.0,1,0.04689829200000872
wdbc,569,30,455,4,nrs,12,0.008791208791208871,-1.0,-1,-1,2.0,1,0.04689829200000872
wdbc,569,30,455,4,nrs,13,0.00659340659340657,-1.0,-1,-1,2.0,1,0.04689829200000872
wdbc,569,30,455,4,nrs,14,-0.00219780219780219,-1.0,-1,-1,2.0,1,0.04689829200000872
wdbc,569,30,455,4,nrs,15,0.00659340659340657,-1.0,-1,-1,2.0,1,0.04689829200000872
wdbc,569,30,455,4,nrs,16,-0.00219780219780219,-1.0,-1,-1,2.0,1,0.04689829200000872
wdbc,569,30,455,4,nrs,17,-0.00439560439560438,-1.0,-1,-1,2.0,1,0.04689829200000872
wdbc,569,30,455,4,nrs,18,-0.01978021978021971,-1.0,-1,-1,2.0,1,0.04689829200000872
wdbc,569,30,455,4,nrs,19,0.0,-1.0,-1,-1,2.0,1,0.04689829200000872
wdbc,569,30,455,4,nrs,20,0.00219780219780219,-1.0,-1,-1,2.0,1,0.04689829200000872
wdbc,569,30,455,4,nrs,21,0.00659340659340657,-1.0,-1,-1,2.0,1,0.04689829200000872
wdbc,569,30,455,4,nrs,22,0.00219780219780219,-1.0,-1,-1,2.0,1,0.04689829200000872
wdbc,569,30,455,4,nrs,23,0.00219780219780219,-1.0,-1,-1,2.0,1,0.04689829200000872
wdbc,569,30,455,4,nrs,24,0.0,-1.0,-1,-1,2.0,1,0.04689829200000872
wdbc,569,30,455,4,nrs,25,0.0,-1.0,-1,-1,2.0,1,0.04689829200000872
wdbc,569,30,455,4,nrs,26,-0.00439560439560438,-1.0,-1,-1,2.0,1,0.04689829200000872
wdbc,569,30,455,4,nrs,27,-0.00439560439560438,-1.0,-1,-1,2.0,1,0.04689829200000872
wdbc,569,30,455,4,nrs,28,0.00659340659340657,-1.0,-1,-1,2.0,1,0.04689829200000872
wdbc,569,30,455,4,nrs,29,-0.00659340659340657,-1.0,-1,-1,2.0,1,0.04689829200000872
wdbc,569,30,455,4,relieff,0,0.08993461931130539,-1.0,-1,-1,2.0,1,0.16423779200002286
wdbc,569,30,455,4,relieff,1,0.06480803606268605,-1.0,-1,-1,2.0,1,0.16423779200002286
wdbc,569,30,455,4,relieff,2,0.08918260925033089,-1.0,-1,-1,2.0,1,0.16423779200002286
wdbc,569,30,455,4,relieff,3,0.07704088657895655,-1.0,-1,-1,2.0,1,0.16423779200002286
wdbc,569,30,455,4,relieff,4,0.021391141132948502,-1.0,-1,-1,2.0,1,0.16423779200002286
wdbc,569,30,455,4,relieff,5,0.02641036177711747,-1.0,-1,-1,2.0,1,0.16423779200002286
wdbc,569,30,455,4,relieff,6,0.0621079801764839,-1.0,-1,-1,2.0,1,0.16423779200002286
wdbc,569,30,455,4,relieff,7,0.0895527004411989,-1.0,-1,-1,2.0,1,0.16423779200002286
wdbc,569,30,455,4,relieff,8,0.009318681318681316,-1.0,-1,-1,2.0,1,0.16423779200002286
wdbc,569,30,455,4,relieff,9,0.028628317764796293,-1.0,-1,-1,2.0,1,0.16423779200002286
wdbc,569,30,455,4,relieff,10,0.032135672402918466,-1.0,-1,-1,2.0,1,0.16423779200002286
wdbc,569,30,455,4,relieff,11,0.022711772739409882,-1.0,-1,-1,2.0,1,0.16423779200002286
wdbc,569,30,455,4,relieff,12,0.02576113101429972,-1.0,-1,-1,2.0,1,0.16423779200002286
wdbc,569,30,455,4,relieff,13,0.026755891013870874,-1.0,-1,-1,2.0,1,0.16423779200002286
wdbc,569,30,455,4,relieff,14,0.015099641494583201,-1.0,-1,-1,2.0,1,0.16423779200002286
wdbc,569,30,455,4,relieff,15,0.014131151906817314,-1.0,-1,-1,2.0,1,0.16423779200002286
wdbc,569,30,455,4,relieff,16,0.009866381673881675,-1.0,-1,-1,2.0,1,0.16423779200002286
wdbc,569,30,455,4,relieff,17,0.02247842893987996,-1.0,-1,-1,2.0,1,0.16423779200002286
wdbc,569,30,455,4,relieff,18,0.02349360632275262,-1.0,-1,-1,2.0,1,0.16423779200002286
wdbc,569,30,455,4,relieff,19,0.006533455489137259,-1.0,-1,-1,2.0,1,0.16423779200002286
wdbc,569,30,455,4,relieff,20,0.10592731068291365,-1.0,-1,-1,2.0,1,0.16423779200002286
wdbc,569,30,455,4,relieff,21,0.09106879261463485,-1.0,-1,-1,2.0,1,0.16423779200002286
wdbc,569,30,455,4,relieff,22,0.09875810329418565,-1.0,-1,-1,2.0,1,0.16423779200002286
wdbc,569,30,455,4,relieff,23,0.07882422335823831,-1.0,-1,-1,2.0,1,0.16423779200002286
wdbc,569,30,455,4,relieff,24,0.039088832979079335,-1.0,-1,-1,2.0,1,0.16423779200002286
wdbc,569,30,455,4,relieff,25,0.030771902568390633,-1.0,-1,-1,2.0,1,0.16423779200002286
wdbc,569,30,455,4,relieff,26,0.055113935154302525,-1.0,-1,-1,2.0,1,0.16423779200002286
wdbc,569,30,455,4,relieff,27,0.10314431026018657,-1.0,-1,-1,2.0,1,0.16423779200002286
wdbc,569,30,455,4,relieff,28,0.023197665728712458,-1.0,-1,-1,2.0,1,0.16423779200002286
wdbc,569,30,455,4,relieff,29,0.022017800781788575,-1.0,-1,-1,2.0,1,0.16423779200002286
wdbc,569,30,455,4,mutual_info,0,0.3500393029827298,-1.0,-1,-1,2.0,1,0.023196124999998347
wdbc,569,30,455,4,mutual_info,1,0.07541526630863737,-1.0,-1,-1,2.0,1,0.023196124999998347
wdbc,569,30,455,4,mutual_info,2,0.3867927463030987,-1.0,-1,-1,2.0,1,0.023196124999998347
wdbc,569,30,455,4,mutual_info,3,0.3626165313484706,-1.0,-1,-1,2.0,1,0.023196124999998347
wdbc,569,30,455,4,mutual_info,4,0.0696115517857272,-1.0,-1,-1,2.0,1,0.023196124999998347
wdbc,569,30,455,4,mutual_info,5,0.1884137888495283,-1.0,-1,-1,2.0,1,0.023196124999998347
wdbc,569,30,455,4,mutual_info,6,0.36186000385653494,-1.0,-1,-1,2.0,1,0.023196124999998347
wdbc,569,30,455,4,mutual_info,7,0.43556992455588506,-1.0,-1,-1,2.0,1,0.023196124999998347
wdbc,569,30,455,4,mutual_info,8,0.05796203852642656,-1.0,-1,-1,2.0,1,0.023196124999998347
wdbc,569,30,455,4,mutual_info,9,0.03189518980483719,-1.0,-1,-1,2.0,1,0.023196124999998347
wdbc,569,30,455,4,mutual_info,10,0.22475226441522067,-1.0,-1,-1,2.0,1,0.023196124999998347
wdbc,569,30,455,4,mutual_info,11,0.021305101301572593,-1.0,-1,-1,2.0,1,0.023196124999998347
wdbc,569,30,455,4,mutual_info,12,0.23891783175150727,-1.0,-1,-1,2.0,1,0.023196124999998347
wdbc,569,30,455,4,mutual_info,13,0.3317528428179246,-1.0,-1,-1,2.0,1,0.023196124999998347
wdbc,569,30,455,4,mutual_info,14,0.0369069774529327,-1.0,-1,-1,2.0,1,0.023196124999998347
wdbc,569,30,455,4,mutual_info,15,0.04917513913190241,-1.0,-1,-1,2.0,1,0.023196124999998347
wdbc,569,30,455,4,mutual_info,16,0.10310166391146858,-1.0,-1,-1,2.0,1,0.023196124999998347
wdbc,569,30,455,4,mutual_info,17,0.1269215372041237,-1.0,-1,-1,2.0,1,0.023196124999998347
wdbc,569,30,455,4,mutual_info,18,0.04357270439747141,-1.0,-1,-1,2.0,1,0.023196124999998347
wdbc,569,30,455,4,mutual_info,19,0.034406756023578566,-1.0,-1,-1,2.0,1,0.023196124999998347
wdbc,569,30,455,4,mutual_info,20,0.4330548213154184,-1.0,-1,-1,2.0,1,0.023196124999998347
wdbc,569,30,455,4,mutual_info,21,0.10148525668239117,-1.0,-1,-1,2.0,1,0.023196124999998347
wdbc,569,30,455,4,mutual_info,22,0.44787060592315675,-1.0,-1,-1,2.0,1,0.023196124999998347
wdbc,569,30,455,4,mutual_info,23,0.43886390736605385,-1.0,-1,-1,2.0,1,0.023196124999998347
wdbc,569,30,455,4,mutual_info,24,0.0988137385738177,-1.0,-1,-1,2.0,1,0.023196124999998347
wdbc,569,30,455,4,mutual_info,25,0.20026807064778618,-1.0,-1,-1,2.0,1,0.023196124999998347
wdbc,569,30,455,4,mutual_info,26,0.30149666507549555,-1.0,-1,-1,2.0,1,0.023196124999998347
wdbc,569,30,455,4,mutual_info,27,0.4249328226672837,-1.0,-1,-1,2.0,1,0.023196124999998347
wdbc,569,30,455,4,mutual_info,28,0.09048166746284814,-1.0,-1,-1,2.0,1,0.023196124999998347
wdbc,569,30,455,4,mutual_info,29,0.1069991593339441,-1.0,-1,-1,2.0,1,0.023196124999998347
wdbc,569,30,455,4,variance,0,0.9669477159467429,-1.0,-1,-1,2.0,1,2.95419999929436e-05
wdbc,569,30,455,4,variance,1,0.9845581297011271,-1.0,-1,-1,2.0,1,2.95419999929436e-05
wdbc,569,30,455,4,variance,2,0.9614383660384395,-1.0,-1,-1,2.0,1,2.95419999929436e-05
wdbc,569,30,455,4,variance,3,0.9750314497774843,-1.0,-1,-1,2.0,1,2.95419999929436e-05
wdbc,569,30,455,4,variance,4,1.0109202125148837,-1.0,-1,-1,2.0,1,2.95419999929436e-05
wdbc,569,30,455,4,variance,5,0.9187627482941897,-1.0,-1,-1,2.0,1,2.95419999929436e-05
wdbc,569,30,455,4,variance,6,0.9424041718409816,-1.0,-1,-1,2.0,1,2.95419999929436e-05
wdbc,569,30,455,4,variance,7,0.9344254708024805,-1.0,-1,-1,2.0,1,2.95419999929436e-05
wdbc,569,30,455,4,variance,8,0.9741874438669775,-1.0,-1,-1,2.0,1,2.95419999929436e-05
wdbc,569,30,455,4,variance,9,0.9721118319678296,-1.0,-1,-1,2.0,1,2.95419999929436e-05
wdbc,569,30,455,4,variance,10,1.0223669314079684,-1.0,-1,-1,2.0,1,2.95419999929436e-05
wdbc,569,30,455,4,variance,11,0.9903511259650649,-1.0,-1,-1,2.0,1,2.95419999929436e-05
wdbc,569,30,455,4,variance,12,1.042103446460469,-1.0,-1,-1,2.0,1,2.95419999929436e-05
wdbc,569,30,455,4,variance,13,1.0578869438374192,-1.0,-1,-1,2.0,1,2.95419999929436e-05
wdbc,569,30,455,4,variance,14,0.962235601870314,-1.0,-1,-1,2.0,1,2.95419999929436e-05
wdbc,569,30,455,4,variance,15,0.9750955504607147,-1.0,-1,-1,2.0,1,2.95419999929436e-05
wdbc,569,30,455,4,variance,16,1.0982310341361845,-1.0,-1,-1,2.0,1,2.95419999929436e-05
wdbc,569,30,455,4,variance,17,1.0863441847064326,-1.0,-1,-1,2.0,1,2.95419999929436e-05
wdbc,569,30,455,4,variance,18,0.965067554311013,-1.0,-1,-1,2.0,1,2.95419999929436e-05
wdbc,569,30,455,4,variance,19,1.0553509227016171,-1.0,-1,-1,2.0,1,2.95419999929436e-05
wdbc,569,30,455,4,variance,20,0.9664438951920956,-1.0,-1,-1,2.0,1,2.95419999929436e-05
wdbc,569,30,455,4,variance,21,0.9638096742984602,-1.0,-1,-1,2.0,1,2.95419999929436e-05
wdbc,569,30,455,4,variance,22,0.9629863070313146,-1.0,-1,-1,2.0,1,2.95419999929436e-05
wdbc,569,30,455,4,variance,23,0.9767255950829676,-1.0,-1,-1,2.0,1,2.95419999929436e-05
wdbc,569,30,455,4,variance,24,0.9858599631955538,-1.0,-1,-1,2.0,1,2.95419999929436e-05
wdbc,569,30,455,4,variance,25,0.9043200489035672,-1.0,-1,-1,2.0,1,2.95419999929436e-05
wdbc,569,30,455,4,variance,26,0.947756474899285,-1.0,-1,-1,2.0,1,2.95419999929436e-05
wdbc,569,30,455,4,variance,27,0.9869685992020183,-1.0,-1,-1,2.0,1,2.95419999929436e-05
wdbc,569,30,455,4,variance,28,0.9768612385885742,-1.0,-1,-1,2.0,1,2.95419999929436e-05
wdbc,569,30,455,4,variance,29,0.8773386351945547,-1.0,-1,-1,2.0,1,2.95419999929436e-05
ionosphere,351,34,280,0,pai,0,0.09705984592437744,6.436846388119554,279,16,2.0,1,13.732878333000002
ionosphere,351,34,280,0,pai,1,0.0,0.0,279,16,2.0,1,13.732878333000002
ionosphere,351,34,280,0,pai,2,0.1447800099849701,8.048310615779066,279,16,2.0,1,13.732878333000002
ionosphere,351,34,280,0,pai,3,0.1683298945426941,9.074296799073412,279,16,2.0,1,13.732878333000002
ionosphere,351,34,280,0,pai,4,0.18343297392129898,7.705340954385815,279,16,2.0,1,13.732878333000002
ionosphere,351,34,280,0,pai,5,0.1812017410993576,8.692756425814597,279,16,2.0,1,13.732878333000002
ionosphere,351,34,280,0,pai,6,0.1798936426639557,8.130883075604206,279,16,2.0,1,13.732878333000002
ionosphere,351,34,280,0,pai,7,0.17858052253723145,7.692195893896259,279,16,2.0,1,13.732878333000002
ionosphere,351,34,280,0,pai,8,0.15027694404125214,7.899788089938204,279,16,2.0,1,13.732878333000002
ionosphere,351,34,280,0,pai,9,0.13528229296207428,8.278811317796176,279,16,2.0,1,13.732878333000002
ionosphere,351,34,280,0,pai,10,0.18028264492750168,7.108670934974061,279,16,2.0,1,13.732878333000002
ionosphere,351,34,280,0,pai,11,0.1605018526315689,8.09532933148137,279,16,2.0,1,13.732878333000002
ionosphere,351,34,280,0,pai,12,0.17584281414747238,6.438122058839062,279,16,2.0,1,13.732878333000002
ionosphere,351,34,280,0,pai,13,0.16086705774068832,8.094426483543103,279,16,2.0,1,13.732878333000002
ionosphere,351,34,280,0,pai,14,0.17806801944971085,6.13593663166493,279,16,2.0,1,13.732878333000002
ionosphere,351,34,280,0,pai,15,0.19993099570274353,8.739019426697313,279,16,2.0,1,13.732878333000002
ionosphere,351,34,280,0,pai,16,0.17790529876947403,6.481518258494859,279,16,2.0,1,13.732878333000002
ionosphere,351,34,280,0,pai,17,0.18882659077644348,8.063640827883807,279,16,2.0,1,13.732878333000002
ionosphere,351,34,280,0,pai,18,0.16183697432279587,6.396171963167756,279,16,2.0,1,13.732878333000002
ionosphere,351,34,280,0,pai,19,0.14660849422216415,7.717000018204127,279,16,2.0,1,13.732878333000002
ionosphere,351,34,280,0,pai,20,0.15902870148420334,6.568586700583864,279,16,2.0,1,13.732878333000002
ionosphere,351,34,280,0,pai,21,0.10890114307403564,7.730555622767781,279,16,2.0,1,13.732878333000002
ionosphere,351,34,280,0,pai,22,0.15258771181106567,6.634524512518361,279,16,2.0,1,13.732878333000002
ionosphere,351,34,280,0,pai,23,0.17614934593439102,7.594392308653733,279,16,2.0,1,13.732878333000002
ionosphere,351,34,280,0,pai,24,0.18421008437871933,6.924892495317511,279,16,2.0,1,13.732878333000002
ionosphere,351,34,280,0,pai,25,0.20768430829048157,7.877588070420661,279,16,2.0,1,13.732878333000002
ionosphere,351,34,280,0,pai,26,0.15845704823732376,7.759926398542959,279,16,2.0,1,13.732878333000002
ionosphere,351,34,280,0,pai,27,0.09977638721466064,7.282775222622044,279,16,2.0,1,13.732878333000002
ionosphere,351,34,280,0,pai,28,0.19545680284500122,6.955739989890482,279,16,2.0,1,13.732878333000002
ionosphere,351,34,280,0,pai,29,0.14218856394290924,7.885658381274544,279,16,2.0,1,13.732878333000002
ionosphere,351,34,280,0,pai,30,0.19373352080583572,7.009320667189893,279,16,2.0,1,13.732878333000002
ionosphere,351,34,280,0,pai,31,0.17453961074352264,7.799669368503908,279,16,2.0,1,13.732878333000002
ionosphere,351,34,280,0,pai,32,0.1951088160276413,7.664034669717025,279,16,2.0,1,13.732878333000002
ionosphere,351,34,280,0,pai,33,0.189110666513443,8.553046847736866,279,16,2.0,1,13.732878333000002
ionosphere,351,34,280,0,nrs,0,-0.010714285714285787,-1.0,-1,-1,2.0,1,0.030918791999994255
ionosphere,351,34,280,0,nrs,1,0.0,-1.0,-1,-1,2.0,1,0.030918791999994255
ionosphere,351,34,280,0,nrs,2,-0.0035714285714285587,-1.0,-1,-1,2.0,1,0.030918791999994255
ionosphere,351,34,280,0,nrs,3,-0.0071428571428572285,-1.0,-1,-1,2.0,1,0.030918791999994255
ionosphere,351,34,280,0,nrs,4,0.0071428571428571175,-1.0,-1,-1,2.0,1,0.030918791999994255
ionosphere,351,34,280,0,nrs,5,0.0,-1.0,-1,-1,2.0,1,0.030918791999994255
ionosphere,351,34,280,0,nrs,6,0.014285714285714235,-1.0,-1,-1,2.0,1,0.030918791999994255
ionosphere,351,34,280,0,nrs,7,0.0071428571428571175,-1.0,-1,-1,2.0,1,0.030918791999994255
ionosphere,351,34,280,0,nrs,8,0.0,-1.0,-1,-1,2.0,1,0.030918791999994255
ionosphere,351,34,280,0,nrs,9,-0.010714285714285787,-1.0,-1,-1,2.0,1,0.030918791999994255
ionosphere,351,34,280,0,nrs,10,-0.010714285714285787,-1.0,-1,-1,2.0,1,0.030918791999994255
ionosphere,351,34,280,0,nrs,11,-0.010714285714285787,-1.0,-1,-1,2.0,1,0.030918791999994255
ionosphere,351,34,280,0,nrs,12,-0.0071428571428572285,-1.0,-1,-1,2.0,1,0.030918791999994255
ionosphere,351,34,280,0,nrs,13,-0.0071428571428572285,-1.0,-1,-1,2.0,1,0.030918791999994255
ionosphere,351,34,280,0,nrs,14,0.0,-1.0,-1,-1,2.0,1,0.030918791999994255
ionosphere,351,34,280,0,nrs,15,-0.017857142857142905,-1.0,-1,-1,2.0,1,0.030918791999994255
ionosphere,351,34,280,0,nrs,16,-0.0035714285714285587,-1.0,-1,-1,2.0,1,0.030918791999994255
ionosphere,351,34,280,0,nrs,17,0.0,-1.0,-1,-1,2.0,1,0.030918791999994255
ionosphere,351,34,280,0,nrs,18,-0.010714285714285787,-1.0,-1,-1,2.0,1,0.030918791999994255
ionosphere,351,34,280,0,nrs,19,-0.010714285714285787,-1.0,-1,-1,2.0,1,0.030918791999994255
ionosphere,351,34,280,0,nrs,20,-0.0071428571428572285,-1.0,-1,-1,2.0,1,0.030918791999994255
ionosphere,351,34,280,0,nrs,21,0.0071428571428571175,-1.0,-1,-1,2.0,1,0.030918791999994255
ionosphere,351,34,280,0,nrs,22,-0.010714285714285787,-1.0,-1,-1,2.0,1,0.030918791999994255
ionosphere,351,34,280,0,nrs,23,0.017857142857142794,-1.0,-1,-1,2.0,1,0.030918791999994255
ionosphere,351,34,280,0,nrs,24,-0.014285714285714346,-1.0,-1,-1,2.0,1,0.030918791999994255
ionosphere,351,34,280,0,nrs,25,0.0,-1.0,-1,-1,2.0,1,0.030918791999994255
ionosphere,351,34,280,0,nrs,26,0.0,-1.0,-1,-1,2.0,1,0.030918791999994255
ionosphere,351,34,280,0,nrs,27,-0.017857142857142905,-1.0,-1,-1,2.0,1,0.030918791999994255
ionosphere,351,34,280,0,nrs,28,0.010714285714285676,-1.0,-1,-1,2.0,1,0.030918791999994255
ionosphere,351,34,280,0,nrs,29,-0.010714285714285787,-1.0,-1,-1,2.0,1,0.030918791999994255
ionosphere,351,34,280,0,nrs,30,-0.0071428571428572285,-1.0,-1,-1,2.0,1,0.030918791999994255
ionosphere,351,34,280,0,nrs,31,-0.014285714285714346,-1.0,-1,-1,2.0,1,0.030918791999994255
ionosphere,351,34,280,0,nrs,32,-0.010714285714285787,-1.0,-1,-1,2.0,1,0.030918791999994255
ionosphere,351,34,280,0,nrs,33,-0.014285714285714346,-1.0,-1,-1,2.0,1,0.030918791999994255
ionosphere,351,34,280,0,relieff,0,0.1285714285714286,-1.0,-1,-1,2.0,1,0.11474287500001878
ionosphere,351,34,280,0,relieff,1,0.0,-1.0,-1,-1,2.0,1,0.11474287500001878
ionosphere,351,34,280,0,relieff,2,0.1723042124999999,-1.0,-1,-1,2.0,1,0.11474287500001878
ionosphere,351,34,280,0,relieff,3,0.130203875,-1.0,-1,-1,2.0,1,0.11474287500001878
ionosphere,351,34,280,0,relieff,4,0.17458633750000013,-1.0,-1,-1,2.0,1,0.11474287500001878
ionosphere,351,34,280,0,relieff,5,0.17711655714285726,-1.0,-1,-1,2.0,1,0.11474287500001878
ionosphere,351,34,280,0,relieff,6,0.15545389107142854,-1.0,-1,-1,2.0,1,0.11474287500001878
ionosphere,351,34,280,0,relieff,7,0.2036777928571428,-1.0,-1,-1,2.0,1,0.11474287500001878
ionosphere,351,34,280,0,relieff,8,0.132855475,-1.0,-1,-1,2.0,1,0.11474287500001878
ionosphere,351,34,280,0,relieff,9,0.11150013035714289,-1.0,-1,-1,2.0,1,0.11474287500001878
ionosphere,351,34,280,0,relieff,10,0.04964395178571429,-1.0,-1,-1,2.0,1,0.11474287500001878
ionosphere,351,34,280,0,relieff,11,0.16637192142857135,-1.0,-1,-1,2.0,1,0.11474287500001878
ionosphere,351,34,280,0,relieff,12,0.10192246071428572,-1.0,-1,-1,2.0,1,0.11474287500001878
ionosphere,351,34,280,0,relieff,13,0.2080531250000001,-1.0,-1,-1,2.0,1,0.11474287500001878
ionosphere,351,34,280,0,relieff,14,0.08479095357142859,-1.0,-1,-1,2.0,1,0.11474287500001878
ionosphere,351,34,280,0,relieff,15,0.19618003928571415,-1.0,-1,-1,2.0,1,0.11474287500001878
ionosphere,351,34,280,0,relieff,16,0.08789224107142861,-1.0,-1,-1,2.0,1,0.11474287500001878
ionosphere,351,34,280,0,relieff,17,0.12023961785714292,-1.0,-1,-1,2.0,1,0.11474287500001878
ionosphere,351,34,280,0,relieff,18,0.09284539642857141,-1.0,-1,-1,2.0,1,0.11474287500001878
ionosphere,351,34,280,0,relieff,19,0.12748195892857145,-1.0,-1,-1,2.0,1,0.11474287500001878
ionosphere,351,34,280,0,relieff,20,0.10604281250000004,-1.0,-1,-1,2.0,1,0.11474287500001878
ionosphere,351,34,280,0,relieff,21,0.18373592857142862,-1.0,-1,-1,2.0,1,0.11474287500001878
ionosphere,351,34,280,0,relieff,22,0.06469461964285715,-1.0,-1,-1,2.0,1,0.11474287500001878
ionosphere,351,34,280,0,relieff,23,0.21900231071428555,-1.0,-1,-1,2.0,1,0.11474287500001878
ionosphere,351,34,280,0,relieff,24,0.11352541428571422,-1.0,-1,-1,2.0,1,0.11474287500001878
ionosphere,351,34,280,0,relieff,25,0.13889298928571422,-1.0,-1,-1,2.0,1,0.11474287500001878
ionosphere,351,34,280,0,relieff,26,0.16692870892857142,-1.0,-1,-1,2.0,1,0.11474287500001878
ionosphere,351,34,280,0,relieff,27,0.15978690714285712,-1.0,-1,-1,2.0,1,0.11474287500001878
ionosphere,351,34,280,0,relieff,28,0.09966348571428575,-1.0,-1,-1,2.0,1,0.11474287500001878
ionosphere,351,34,280,0,relieff,29,0.14303873214285714,-1.0,-1,-1,2.0,1,0.11474287500001878
ionosphere,351,34,280,0,relieff,30,0.09034397142857149,-1.0,-1,-1,2.0,1,0.11474287500001878
ionosphere,351,34,280,0,relieff,31,0.17728278571428568,-1.0,-1,-1,2.0,1,0.11474287500001878
ionosphere,351,34,280,0,relieff,32,0.11623979107142858,-1.0,-1,-1,2.0,1,0.11474287500001878
ionosphere,351,34,280,0,relieff,33,0.1789714089285715,-1.0,-1,-1,2.0,1,0.11474287500001878
ionosphere,351,34,280,0,mutual_info,0,0.197100424272024,-1.0,-1,-1,2.0,1,0.021686875000000327
ionosphere,351,34,280,0,mutual_info,1,0.009232789961468368,-1.0,-1,-1,2.0,1,0.021686875000000327
ionosphere,351,34,280,0,mutual_info,2,0.29740332193334407,-1.0,-1,-1,2.0,1,0.021686875000000327
ionosphere,351,34,280,0,mutual_info,3,0.2128108280295662,-1.0,-1,-1,2.0,1,0.021686875000000327
ionosphere,351,34,280,0,mutual_info,4,0.28511381480022413,-1.0,-1,-1,2.0,1,0.021686875000000327
ionosphere,351,34,280,0,mutual_info,5,0.28402735367588305,-1.0,-1,-1,2.0,1,0.021686875000000327
ionosphere,351,34,280,0,mutual_info,6,0.21639580916708057,-1.0,-1,-1,2.0,1,0.021686875000000327
ionosphere,351,34,280,0,mutual_info,7,0.3078637214523583,-1.0,-1,-1,2.0,1,0.021686875000000327
ionosphere,351,34,280,0,mutual_info,8,0.1945184820128283,-1.0,-1,-1,2.0,1,0.021686875000000327
ionosphere,351,34,280,0,mutual_info,9,0.1793987606057026,-1.0,-1,-1,2.0,1,0.021686875000000327
ionosphere,351,34,280,0,mutual_info,10,0.17113706293778885,-1.0,-1,-1,2.0,1,0.021686875000000327
ionosphere,351,34,280,0,mutual_info,11,0.16710594608595497,-1.0,-1,-1,2.0,1,0.021686875000000327
ionosphere,351,34,280,0,mutual_info,12,0.2373043419099805,-1.0,-1,-1,2.0,1,0.021686875000000327
ionosphere,351,34,280,0,mutual_info,13,0.26780607796365175,-1.0,-1,-1,2.0,1,0.021686875000000327
ionosphere,351,34,280,0,mutual_info,14,0.260132209838543,-1.0,-1,-1,2.0,1,0.021686875000000327
ionosphere,351,34,280,0,mutual_info,15,0.2098798520337417,-1.0,-1,-1,2.0,1,0.021686875000000327
ionosphere,351,34,280,0,mutual_info,16,0.1412626376512489,-1.0,-1,-1,2.0,1,0.021686875000000327
ionosphere,351,34,280,0,mutual_info,17,0.16799168916345497,-1.0,-1,-1,2.0,1,0.021686875000000327
ionosphere,351,34,280,0,mutual_info,18,0.15046389114292458,-1.0,-1,-1,2.0,1,0.021686875000000327
ionosphere,351,34,280,0,mutual_info,19,0.1916622594353692,-1.0,-1,-1,2.0,1,0.021686875000000327
ionosphere,351,34,280,0,mutual_info,20,0.265390367463354,-1.0,-1,-1,2.0,1,0.021686875000000327
ionosphere,351,34,280,0,mutual_info,21,0.23123851791228245,-1.0,-1,-1,2.0,1,0.021686875000000327
ionosphere,351,34,280,0,mutual_info,22,0.2178831868197455,-1.0,-1,-1,2.0,1,0.021686875000000327
ionosphere,351,34,280,0,mutual_info,23,0.22160138008316177,-1.0,-1,-1,2.0,1,0.021686875000000327
ionosphere,351,34,280,0,mutual_info,24,0.18700753443088614,-1.0,-1,-1,2.0,1,0.021686875000000327
ionosphere,351,34,280,0,mutual_info,25,0.16144741694831843,-1.0,-1,-1,2.0,1,0.021686875000000327
ionosphere,351,34,280,0,mutual_info,26,0.28318348486408373,-1.0,-1,-1,2.0,1,0.021686875000000327
ionosphere,351,34,280,0,mutual_info,27,0.18217651956297165,-1.0,-1,-1,2.0,1,0.021686875000000327
ionosphere,351,34,280,0,mutual_info,28,0.2713677376702286,-1.0,-1,-1,2.0,1,0.021686875000000327
ionosphere,351,34,280,0,mutual_info,29,0.19217641223453574,-1.0,-1,-1,2.0,1,0.021686875000000327
ionosphere,351,34,280,0,mutual_info,30,0.26270046881349596,-1.0,-1,-1,2.0,1,0.021686875000000327
ionosphere,351,34,280,0,mutual_info,31,0.21838506699231908,-1.0,-1,-1,2.0,1,0.021686875000000327
ionosphere,351,34,280,0,mutual_info,32,0.2724283918263659,-1.0,-1,-1,2.0,1,0.021686875000000327
ionosphere,351,34,280,0,mutual_info,33,0.21816712761836965,-1.0,-1,-1,2.0,1,0.021686875000000327
ionosphere,351,34,280,0,variance,0,1.1605465455057182,-1.0,-1,-1,2.0,1,2.3124999984247552e-05
ionosphere,351,34,280,0,variance,1,0.0,-1.0,-1,-1,2.0,1,2.3124999984247552e-05
ionosphere,351,34,280,0,variance,2,1.0906809998149576,-1.0,-1,-1,2.0,1,2.3124999984247552e-05
ionosphere,351,34,280,0,variance,3,1.1099066194341458,-1.0,-1,-1,2.0,1,2.3124999984247552e-05
ionosphere,351,34,280,0,variance,4,1.0633959774521542,-1.0,-1,-1,2.0,1,2.3124999984247552e-05
ionosphere,351,34,280,0,variance,5,1.05228443527801,-1.0,-1,-1,2.0,1,2.3124999984247552e-05
ionosphere,351,34,280,0,variance,6,1.0644169803953838,-1.0,-1,-1,2.0,1,2.3124999984247552e-05
ionosphere,351,34,280,0,variance,7,1.0751346489141598,-1.0,-1,-1,2.0,1,2.3124999984247552e-05
ionosphere,351,34,280,0,variance,8,1.061566999125209,-1.0,-1,-1,2.0,1,2.3124999984247552e-05
ionosphere,351,34,280,0,variance,9,0.9684385440248692,-1.0,-1,-1,2.0,1,2.3124999984247552e-05
ionosphere,351,34,280,0,variance,10,1.0159334655789367,-1.0,-1,-1,2.0,1,2.3124999984247552e-05
ionosphere,351,34,280,0,variance,11,1.0662393062954365,-1.0,-1,-1,2.0,1,2.3124999984247552e-05
ionosphere,351,34,280,0,variance,12,0.9778220204961106,-1.0,-1,-1,2.0,1,2.3124999984247552e-05
ionosphere,351,34,280,0,variance,13,1.089742353086496,-1.0,-1,-1,2.0,1,2.3124999984247552e-05
ionosphere,351,34,280,0,variance,14,1.0000038349165468,-1.0,-1,-1,2.0,1,2.3124999984247552e-05
ionosphere,351,34,280,0,variance,15,1.0700177958932506,-1.0,-1,-1,2.0,1,2.3124999984247552e-05
ionosphere,351,34,280,0,variance,16,0.9456317604716614,-1.0,-1,-1,2.0,1,2.3124999984247552e-05
ionosphere,351,34,280,0,variance,17,1.0551925476017405,-1.0,-1,-1,2.0,1,2.3124999984247552e-05
ionosphere,351,34,280,0,variance,18,1.034518702065229,-1.0,-1,-1,2.0,1,2.3124999984247552e-05
ionosphere,351,34,280,0,variance,19,1.0789838800586045,-1.0,-1,-1,2.0,1,2.3124999984247552e-05
ionosphere,351,34,280,0,variance,20,1.0503714969324887,-1.0,-1,-1,2.0,1,2.3124999984247552e-05
ionosphere,351,34,280,0,variance,21,1.0404584181870322,-1.0,-1,-1,2.0,1,2.3124999984247552e-05
ionosphere,351,34,280,0,variance,22,1.0357199840107907,-1.0,-1,-1,2.0,1,2.3124999984247552e-05
ionosphere,351,34,280,0,variance,23,1.006639570902316,-1.0,-1,-1,2.0,1,2.3124999984247552e-05
ionosphere,351,34,280,0,variance,24,1.096941852310146,-1.0,-1,-1,2.0,1,2.3124999984247552e-05
ionosphere,351,34,280,0,variance,25,1.0485639685988646,-1.0,-1,-1,2.0,1,2.3124999984247552e-05
ionosphere,351,34,280,0,variance,26,1.072806855996346,-1.0,-1,-1,2.0,1,2.3124999984247552e-05
ionosphere,351,34,280,0,variance,27,1.050699024004988,-1.0,-1,-1,2.0,1,2.3124999984247552e-05
ionosphere,351,34,280,0,variance,28,1.0901948074236265,-1.0,-1,-1,2.0,1,2.3124999984247552e-05
ionosphere,351,34,280,0,variance,29,1.0323780308516768,-1.0,-1,-1,2.0,1,2.3124999984247552e-05
ionosphere,351,34,280,0,variance,30,1.106784495519993,-1.0,-1,-1,2.0,1,2.3124999984247552e-05
ionosphere,351,34,280,0,variance,31,1.0583203572088937,-1.0,-1,-1,2.0,1,2.3124999984247552e-05
ionosphere,351,34,280,0,variance,32,1.0655807148472871,-1.0,-1,-1,2.0,1,2.3124999984247552e-05
ionosphere,351,34,280,0,variance,33,1.02465105225239,-1.0,-1,-1,2.0,1,2.3124999984247552e-05
ionosphere,351,34,280,1,pai,0,0.12628448009490967,6.436846388119554,279,18,2.0,1,16.53222954200001
ionosphere,351,34,280,1,pai,1,0.0,0.0,279,18,2.0,1,16.53222954200001
ionosphere,351,34,280,1,pai,2,0.19790399074554443,8.048310615779066,279,18,2.0,1,16.53222954200001
ionosphere,351,34,280,1,pai,3,0.2486531138420105,9.074296799073412,279,18,2.0,1,16.53222954200001
ionosphere,351,34,280,1,pai,4,0.24249394237995148,7.705340954385815,279,18,2.0,1,16.53222954200001
ionosphere,351,34,280,1,pai,5,0.2295156717300415,8.692756425814597,279,18,2.0,1,16.53222954200001
ionosphere,351,34,280,1,pai,6,0.22860300540924072,8.130883075604206,279,18,2.0,1,16.53222954200001
ionosphere,351,34,280,1,pai,7,0.2165469080209732,7.692195893896259,279,18,2.0,1,16.53222954200001
ionosphere,351,34,280,1,pai,8,0.1838776171207428,7.899788089938204,279,18,2.0,1,16.53222954200001
ionosphere,351,34,280,1,pai,9,0.19727790355682373,8.278811317796176,279,18,2.0,1,16.53222954200001
ionosphere,351,34,280,1,pai,10,0.17376812547445297,7.108670934974061,279,18,2.0,1,16.53222954200001
ionosphere,351,34,280,1,pai,11,0.24230064451694489,8.09532933148137,279,18,2.0,1,16.53222954200001
ionosphere,351,34,280,1,pai,12,0.18815314769744873,6.438122058839062,279,18,2.0,1,16.53222954200001
ionosphere,351,34,280,1,pai,13,0.1676485762000084,8.094426483543103,279,18,2.0,1,16.53222954200001
ionosphere,351,34,280,1,pai,14,0.18977868556976318,6.13593663166493,279,18,2.0,1,16.53222954200001
ionosphere,351,34,280,1,pai,15,0.22988656163215637,8.739019426697313,279,18,2.0,1,16.53222954200001
ionosphere,351,34,280,1,pai,16,0.26787587255239487,6.481518258494859,279,18,2.0,1,16.53222954200001
ionosphere,351,34,280,1,pai,17,0.2305867075920105,8.063640827883807,279,18,2.0,1,16.53222954200001
ionosphere,351,34,280,1,pai,18,0.17428681254386902,6.396171963167756,279,18,2.0,1,16.53222954200001
ionosphere,351,34,280,1,pai,19,0.1881011575460434,7.717000018204127,279,18,2.0,1,16.53222954200001
ionosphere,351,34,280,1,pai,20,0.17684680223464966,6.568586700583864,279,18,2.0,1,16.53222954200001
ionosphere,351,34,280,1,pai,21,0.22025170922279358,7.730555622767781,279,18,2.0,1,16.53222954200001
ionosphere,351,34,280,1,pai,22,0.26262015104293823,6.634524512518361,279,18,2.0,1,16.53222954200001
ionosphere,351,34,280,1,pai,23,0.23153835535049438,7.594392308653733,279,18,2.0,1,16.53222954200001
ionosphere,351,34,280,1,pai,24,0.21681493520736694,6.924892495317511,279,18,2.0,1,16.53222954200001
ionosphere,351,34,280,1,pai,25,0.2738073319196701,7.877588070420661,279,18,2.0,1,16.53222954200001
ionosphere,351,34,280,1,pai,26,0.17729045450687408,7.759926398542959,279,18,2.0,1,16.53222954200001
ionosphere,351,34,280,1,pai,27,0.1936379075050354,7.282775222622044,279,18,2.0,1,16.53222954200001
ionosphere,351,34,280,1,pai,28,0.2280053198337555,6.955739989890482,279,18,2.0,1,16.53222954200001
ionosphere,351,34,280,1,pai,29,0.20279331505298615,7.885658381274544,279,18,2.0,1,16.53222954200001
ionosphere,351,34,280,1,pai,30,0.22686037421226501,7.009320667189893,279,18,2.0,1,16.53222954200001
ionosphere,351,34,280,1,pai,31,0.23531228303909302,7.799669368503908,279,18,2.0,1,16.53222954200001
ionosphere,351,34,280,1,pai,32,0.24954022467136383,7.664034669717025,279,18,2.0,1,16.53222954200001
ionosphere,351,34,280,1,pai,33,0.27447156608104706,8.553046847736866,279,18,2.0,1,16.53222954200001
ionosphere,351,34,280,1,nrs,0,-0.010714285714285676,-1.0,-1,-1,2.0,1,0.030788041999983307
ionosphere,351,34,280,1,nrs,1,0.0,-1.0,-1,-1,2.0,1,0.030788041999983307
ionosphere,351,34,280,1,nrs,2,0.010714285714285787,-1.0,-1,-1,2.0,1,0.030788041999983307
ionosphere,351,34,280,1,nrs,3,-0.0035714285714285587,-1.0,-1,-1,2.0,1,0.030788041999983307
ionosphere,351,34,280,1,nrs,4,0.014285714285714346,-1.0,-1,-1,2.0,1,0.030788041999983307
ionosphere,351,34,280,1,nrs,5,0.0035714285714285587,-1.0,-1,-1,2.0,1,0.030788041999983307
ionosphere,351,34,280,1,nrs,6,0.0071428571428571175,-1.0,-1,-1,2.0,1,0.030788041999983307
ionosphere,351,34,280,1,nrs,7,0.0,-1.0,-1,-1,2.0,1,0.030788041999983307
ionosphere,351,34,280,1,nrs,8,0.0,-1.0,-1,-1,2.0,1,0.030788041999983307
ionosphere,351,34,280,1,nrs,9,-0.0071428571428571175,-1.0,-1,-1,2.0,1,0.030788041999983307
ionosphere,351,34,280,1,nrs,10,0.0,-1.0,-1,-1,2.0,1,0.030788041999983307
ionosphere,351,34,280,1,nrs,11,0.0035714285714285587,-1.0,-1,-1,2.0,1,0.030788041999983307
ionosphere,351,34,280,1,nrs,12,-0.010714285714285676,-1.0,-1,-1,2.0,1,0.030788041999983307
ionosphere,351,34,280,1,nrs,13,-0.0071428571428571175,-1.0,-1,-1,2.0,1,0.030788041999983307
ionosphere,351,34,280,1,nrs,14,-0.0035714285714285587,-1.0,-1,-1,2.0,1,0.030788041999983307
ionosphere,351,34,280,1,nrs,15,-0.010714285714285676,-1.0,-1,-1,2.0,1,0.030788041999983307
ionosphere,351,34,280,1,nrs,16,0.0035714285714285587,-1.0,-1,-1,2.0,1,0.030788041999983307
ionosphere,351,34,280,1,nrs,17,-0.0071428571428571175,-1.0,-1,-1,2.0,1,0.030788041999983307
ionosphere,351,34,280,1,nrs,18,0.0071428571428571175,-1.0,-1,-1,2.0,1,0.030788041999983307
ionosphere,351,34,280,1,nrs,19,-0.010714285714285676,-1.0,-1,-1,2.0,1,0.030788041999983307
ionosphere,351,34,280,1,nrs,20,0.0,-1.0,-1,-1,2.0,1,0.030788041999983307
ionosphere,351,34,280,1,nrs,21,-0.0035714285714285587,-1.0,-1,-1,2.0,1,0.030788041999983307
ionosphere,351,34,280,1,nrs,22,0.0035714285714285587,-1.0,-1,-1,2.0,1,0.030788041999983307
ionosphere,351,34,280,1,nrs,23,0.010714285714285787,-1.0,-1,-1,2.0,1,0.030788041999983307
ionosphere,351,34,280,1,nrs,24,0.0,-1.0,-1,-1,2.0,1,0.030788041999983307
ionosphere,351,34,280,1,nrs,25,0.0035714285714285587,-1.0,-1,-1,2.0,1,0.030788041999983307
ionosphere,351,34,280,1,nrs,26,-0.0035714285714285587,-1.0,-1,-1,2.0,1,0.030788041999983307
ionosphere,351,34,280,1,nrs,27,-0.014285714285714235,-1.0,-1,-1,2.0,1,0.030788041999983307
ionosphere,351,34,280,1,nrs,28,0.0071428571428571175,-1.0,-1,-1,2.0,1,0.030788041999983307
ionosphere,351,34,280,1,nrs,29,0.0,-1.0,-1,-1,2.0,1,0.030788041999983307
ionosphere,351,34,280,1,nrs,30,0.0,-1.0,-1,-1,2.0,1,0.030788041999983307
ionosphere,351,34,280,1,nrs,31,-0.0035714285714285587,-1.0,-1,-1,2.0,1,0.030788041999983307
ionosphere,351,34,280,1,nrs,32,-0.0035714285714285587,-1.0,-1,-1,2.0,1,0.030788041999983307
ionosphere,351,34,280,1,nrs,33,0.0,-1.0,-1,-1,2.0,1,0.030788041999983307
ionosphere,351,34,280,1,relieff,0,0.11785714285714288,-1.0,-1,-1,2.0,1,0.1151573330000133
ionosphere,351,34,280,1,relieff,1,0.0,-1.0,-1,-1,2.0,1,0.1151573330000133
ionosphere,351,34,280,1,relieff,2,0.20393639999999996,-1.0,-1,-1,2.0,1,0.1151573330000133
ionosphere,351,34,280,1,relieff,3,0.11812349821428565,-1.0,-1,-1,2.0,1,0.1151573330000133
ionosphere,351,34,280,1,relieff,4,0.20605918571428566,-1.0,-1,-1,2.0,1,0.1151573330000133
ionosphere,351,34,280,1,relieff,5,0.16548046071428563,-1.0,-1,-1,2.0,1,0.1151573330000133
ionosphere,351,34,280,1,relieff,6,0.18083462678571433,-1.0,-1,-1,2.0,1,0.1151573330000133
ionosphere,351,34,280,1,relieff,7,0.22082831964285723,-1.0,-1,-1,2.0,1,0.1151573330000133
ionosphere,351,34,280,1,relieff,8,0.18017019107142856,-1.0,-1,-1,2.0,1,0.1151573330000133
ionosphere,351,34,280,1,relieff,9,0.15961951607142838,-1.0,-1,-1,2.0,1,0.1151573330000133
ionosphere,351,34,280,1,relieff,10,0.07112870357142857,-1.0,-1,-1,2.0,1,0.1151573330000133
ionosphere,351,34,280,1,relieff,11,0.16681111071428564,-1.0,-1,-1,2.0,1,0.1151573330000133
ionosphere,351,34,280,1,relieff,12,0.10992791428571436,-1.0,-1,-1,2.0,1,0.1151573330000133
ionosphere,351,34,280,1,relieff,13,0.21923176607142864,-1.0,-1,-1,2.0,1,0.1151573330000133
ionosphere,351,34,280,1,relieff,14,0.10866320714285714,-1.0,-1,-1,2.0,1,0.1151573330000133
ionosphere,351,34,280,1,relieff,15,0.18448149821428556,-1.0,-1,-1,2.0,1,0.1151573330000133
ionosphere,351,34,280,1,relieff,16,0.10744001428571424,-1.0,-1,-1,2.0,1,0.1151573330000133
ionosphere,351,34,280,1,relieff,17,0.14942183928571431,-1.0,-1,-1,2.0,1,0.1151573330000133
ionosphere,351,34,280,1,relieff,18,0.13267346071428573,-1.0,-1,-1,2.0,1,0.1151573330000133
ionosphere,351,34,280,1,relieff,19,0.1285160625,-1.0,-1,-1,2.0,1,0.1151573330000133
ionosphere,351,34,280,1,relieff,20,0.1079725553571428,-1.0,-1,-1,2.0,1,0.1151573330000133
ionosphere,351,34,280,1,relieff,21,0.17456787142857158,-1.0,-1,-1,2.0,1,0.1151573330000133
ionosphere,351,34,280,1,relieff,22,0.06447755357142858,-1.0,-1,-1,2.0,1,0.1151573330000133
ionosphere,351,34,280,1,relieff,23,0.21719085535714297,-1.0,-1,-1,2.0,1,0.1151573330000133
ionosphere,351,34,280,1,relieff,24,0.12110099999999999,-1.0,-1,-1,2.0,1,0.1151573330000133
ionosphere,351,34,280,1,relieff,25,0.14627814107142864,-1.0,-1,-1,2.0,1,0.1151573330000133
ionosphere,351,34,280,1,relieff,26,0.16204191428571427,-1.0,-1,-1,2.0,1,0.1151573330000133
ionosphere,351,34,280,1,relieff,27,0.18269559285714285,-1.0,-1,-1,2.0,1,0.1151573330000133
ionosphere,351,34,280,1,relieff,28,0.13355091071428551,-1.0,-1,-1,2.0,1,0.1151573330000133
ionosphere,351,34,280,1,relieff,29,0.13468148035714286,-1.0,-1,-1,2.0,1,0.1151573330000133
ionosphere,351,34,280,1,relieff,30,0.10991855535714284,-1.0,-1,-1,2.0,1,0.1151573330000133
ionosphere,351,34,280,1,relieff,31,0.15636632857142868,-1.0,-1,-1,2.0,1,0.1151573330000133
ionosphere,351,34,280,1,relieff,32,0.12073230535714286,-1.0,-1,-1,2.0,1,0.1151573330000133
ionosphere,351,34,280,1,relieff,33,0.18564963035714285,-1.0,-1,-1,2.0,1,0.1151573330000133
ionosphere,351,34,280,1,mutual_info,0,0.09713051898643821,-1.0,-1,-1,2.0,1,0.021835374999994883
ionosphere,351,34,280,1,mutual_info,1,0.0,-1.0,-1,-1,2.0,1,0.021835374999994883
ionosphere,351,34,280,1,mutual_info,2,0.26327775856360747,-1.0,-1,-1,2.0,1,0.021835374999994883
ionosphere,351,34,280,1,mutual_info,3,0.21643443093325843,-1.0,-1,-1,2.0,1,0.021835374999994883
ionosphere,351,34,280,1,mutual_info,4,0.36416552527858026,-1.0,-1,-1,2.0,1,0.021835374999994883
ionosphere,351,34,280,1,mutual_info,5,0.3212025548279467,-1.0,-1,-1,2.0,1,0.021835374999994883
ionosphere,351,34,280,1,mutual_info,6,0.21213941622201626,-1.0,-1,-1,2.0,1,0.021835374999994883
ionosphere,351,34,280,1,mutual_info,7,0.295433913878119,-1.0,-1,-1,2.0,1,0.021835374999994883
ionosphere,351,34,280,1,mutual_info,8,0.181035929154566,-1.0,-1,-1,2.0,1,0.021835374999994883
ionosphere,351,34,280,1,mutual_info,9,0.1778010471424123,-1.0,-1,-1,2.0,1,0.021835374999994883
ionosphere,351,34,280,1,mutual_info,10,0.1623658778340138,-1.0,-1,-1,2.0,1,0.021835374999994883
ionosphere,351,34,280,1,mutual_info,11,0.15895420282034056,-1.0,-1,-1,2.0,1,0.021835374999994883
ionosphere,351,34,280,1,mutual_info,12,0.2580396880787956,-1.0,-1,-1,2.0,1,0.021835374999994883
ionosphere,351,34,280,1,mutual_info,13,0.2766834617215257,-1.0,-1,-1,2.0,1,0.021835374999994883
ionosphere,351,34,280,1,mutual_info,14,0.2402153113302965,-1.0,-1,-1,2.0,1,0.021835374999994883
ionosphere,351,34,280,1,mutual_info,15,0.21628490727241956,-1.0,-1,-1,2.0,1,0.021835374999994883
ionosphere,351,34,280,1,mutual_info,16,0.202145403555825,-1.0,-1,-1,2.0,1,0.021835374999994883
ionosphere,351,34,280,1,mutual_info,17,0.20222473907486305,-1.0,-1,-1,2.0,1,0.021835374999994883
ionosphere,351,34,280,1,mutual_info,18,0.15481724228840976,-1.0,-1,-1,2.0,1,0.021835374999994883
ionosphere,351,34,280,1,mutual_info,19,0.18373794224125684,-1.0,-1,-1,2.0,1,0.021835374999994883
ionosphere,351,34,280,1,mutual_info,20,0.30576967885746353,-1.0,-1,-1,2.0,1,0.021835374999994883
ionosphere,351,34,280,1,mutual_info,21,0.2593298357290259,-1.0,-1,-1,2.0,1,0.021835374999994883
ionosphere,351,34,280,1,mutual_info,22,0.28453290836641787,-1.0,-1,-1,2.0,1,0.021835374999994883
ionosphere,351,34,280,1,mutual_info,23,0.2247434933999144,-1.0,-1,-1,2.0,1,0.021835374999994883
ionosphere,351,34,280,1,mutual_info,24,0.1996590858013938,-1.0,-1,-1,2.0,1,0.021835374999994883
ionosphere,351,34,280,1,mutual_info,25,0.21054863769670917,-1.0,-1,-1,2.0,1,0.021835374999994883
ionosphere,351,34,280,1,mutual_info,26,0.2363282783051781,-1.0,-1,-1,2.0,1,0.021835374999994883
ionosphere,351,34,280,1,mutual_info,27,0.18105054179265512,-1.0,-1,-1,2.0,1,0.021835374999994883
ionosphere,351,34,280,1,mutual_info,28,0.2531209371914196,-1.0,-1,-1,2.0,1,0.021835374999994883
ionosphere,351,34,280,1,mutual_info,29,0.19794305742224694,-1.0,-1,-1,2.0,1,0.021835374999994883
ionosphere,351,34,280,1,mutual_info,30,0.25201792597752437,-1.0,-1,-1,2.0,1,0.021835374999994883
ionosphere,351,34,280,1,mutual_info,31,0.231692737376058,-1.0,-1,-1,2.0,1,0.021835374999994883
ionosphere,351,34,280,1,mutual_info,32,0.29178673167800717,-1.0,-1,-1,2.0,1,0.021835374999994883
ionosphere,351,34,280,1,mutual_info,33,0.2573553896773815,-1.0,-1,-1,2.0,1,0.021835374999994883
ionosphere,351,34,280,1,variance,0,1.0769142637086835,-1.0,-1,-1,2.0,1,2.3333999990882148e-05
ionosphere,351,34,280,1,variance,1,0.0,-1.0,-1,-1,2.0,1,2.3333999990882148e-05
ionosphere,351,34,280,1,variance,2,1.076569895546096,-1.0,-1,-1,2.0,1,2.3333999990882148e-05
ionosphere,351,34,280,1,variance,3,1.0525529861201939,-1.0,-1,-1,2.0,1,2.3333999990882148e-05
ionosphere,351,34,280,1,variance,4,1.107512444411441,-1.0,-1,-1,2.0,1,2.3333999990882148e-05
ionosphere,351,34,280,1,variance,5,0.9889832222400563,-1.0,-1,-1,2.0,1,2.3333999990882148e-05
ionosphere,351,34,280,1,variance,6,1.0234023056311956,-1.0,-1,-1,2.0,1,2.3333999990882148e-05
ionosphere,351,34,280,1,variance,7,0.9159176482829129,-1.0,-1,-1,2.0,1,2.3333999990882148e-05
ionosphere,351,34,280,1,variance,8,1.028423089766264,-1.0,-1,-1,2.0,1,2.3333999990882148e-05
ionosphere,351,34,280,1,variance,9,0.9845592965354801,-1.0,-1,-1,2.0,1,2.3333999990882148e-05
ionosphere,351,34,280,1,variance,10,0.9573349817325948,-1.0,-1,-1,2.0,1,2.3333999990882148e-05
ionosphere,351,34,280,1,variance,11,0.9776884746951691,-1.0,-1,-1,2.0,1,2.3333999990882148e-05
ionosphere,351,34,280,1,variance,12,1.0064890564620583,-1.0,-1,-1,2.0,1,2.3333999990882148e-05
ionosphere,351,34,280,1,variance,13,1.0099355614822187,-1.0,-1,-1,2.0,1,2.3333999990882148e-05
ionosphere,351,34,280,1,variance,14,0.9516608271924499,-1.0,-1,-1,2.0,1,2.3333999990882148e-05
ionosphere,351,34,280,1,variance,15,0.9538832338372093,-1.0,-1,-1,2.0,1,2.3333999990882148e-05
ionosphere,351,34,280,1,variance,16,0.9757609205212,-1.0,-1,-1,2.0,1,2.3333999990882148e-05
ionosphere,351,34,280,1,variance,17,0.9885323640163579,-1.0,-1,-1,2.0,1,2.3333999990882148e-05
ionosphere,351,34,280,1,variance,18,0.9815150830845824,-1.0,-1,-1,2.0,1,2.3333999990882148e-05
ionosphere,351,34,280,1,variance,19,0.9504850835074543,-1.0,-1,-1,2.0,1,2.3333999990882148e-05
ionosphere,351,34,280,1,variance,20,0.985509280175732,-1.0,-1,-1,2.0,1,2.3333999990882148e-05
ionosphere,351,34,280,1,variance,21,0.995302290872195,-1.0,-1,-1,2.0,1,2.3333999990882148e-05
ionosphere,351,34,280,1,variance,22,0.9933543128977614,-1.0,-1,-1,2.0,1,2.3333999990882148e-05
ionosphere,351,34,280,1,variance,23,0.989136098601019,-1.0,-1,-1,2.0,1,2.3333999990882148e-05
ionosphere,351,34,280,1,variance,24,0.9989137531540806,-1.0,-1,-1,2.0,1,2.3333999990882148e-05
ionosphere,351,34,280,1,variance,25,1.0006526443293942,-1.0,-1,-1,2.0,1,2.3333999990882148e-05
ionosphere,351,34,280,1,variance,26,0.9931875035822263,-1.0,-1,-1,2.0,1,2.3333999990882148e-05
ionosphere,351,34,280,1,variance,27,1.037454971148783,-1.0,-1,-1,2.0,1,2.3333999990882148e-05
ionosphere,351,34,280,1,variance,28,0.9729537789378497,-1.0,-1,-1,2.0,1,2.3333999990882148e-05
ionosphere,351,34,280,1,variance,29,1.0262655923485098,-1.0,-1,-1,2.0,1,2.3333999990882148e-05
ionosphere,351,34,280,1,variance,30,1.0046271193039633,-1.0,-1,-1,2.0,1,2.3333999990882148e-05
ionosphere,351,34,280,1,variance,31,0.9957243626472453,-1.0,-1,-1,2.0,1,2.3333999990882148e-05
ionosphere,351,34,280,1,variance,32,0.9900422838187897,-1.0,-1,-1,2.0,1,2.3333999990882148e-05
ionosphere,351,34,280,1,variance,33,0.9750788064613866,-1.0,-1,-1,2.0,1,2.3333999990882148e-05
ionosphere,351,34,280,2,pai,0,0.0,6.436846388119554,280,23,2.0,1,17.616642291000005
ionosphere,351,34,280,2,pai,1,0.0,0.0,280,23,2.0,1,17.616642291000005
ionosphere,351,34,280,2,pai,2,0.14504539966583252,8.048310615779066,280,23,2.0,1,17.616642291000005
ionosphere,351,34,280,2,pai,3,0.1798115223646164,9.074296799073412,280,23,2.0,1,17.616642291000005
ionosphere,351,34,280,2,pai,4,0.1757490411400795,7.705340954385815,280,23,2.0,1,17.616642291000005
ionosphere,351,34,280,2,pai,5,0.1683358997106552,8.692756425814597,280,23,2.0,1,17.616642291000005
ionosphere,351,34,280,2,pai,6,0.18325090408325195,8.130883075604206,280,23,2.0,1,17.616642291000005
ionosphere,351,34,280,2,pai,7,0.15304964780807495,7.692195893896259,280,23,2.0,1,17.616642291000005
ionosphere,351,34,280,2,pai,8,0.1428840011358261,7.899788089938204,280,23,2.0,1,17.616642291000005
ionosphere,351,34,280,2,pai,9,0.13354440033435822,8.278811317796176,280,23,2.0,1,17.616642291000005
ionosphere,351,34,280,2,pai,10,0.13996940106153488,7.108670934974061,280,23,2.0,1,17.616642291000005
ionosphere,351,34,280,2,pai,11,0.22414280474185944,8.09532933148137,280,23,2.0,1,17.616642291000005
ionosphere,351,34,280,2,pai,12,0.1665738746523857,6.438122058839062,280,23,2.0,1,17.616642291000005
ionosphere,351,34,280,2,pai,13,0.1347068026661873,8.094426483543103,280,23,2.0,1,17.616642291000005
ionosphere,351,34,280,2,pai,14,0.1257750764489174,6.13593663166493,280,23,2.0,1,17.616642291000005
ionosphere,351,34,280,2,pai,15,0.16775646805763245,8.739019426697313,280,23,2.0,1,17.616642291000005
ionosphere,351,34,280,2,pai,16,0.1431720033288002,6.481518258494859,280,23,2.0,1,17.616642291000005
ionosphere,351,34,280,2,pai,17,0.21608683466911316,8.063640827883807,280,23,2.0,1,17.616642291000005
ionosphere,351,34,280,2,pai,18,0.1451149433851242,6.396171963167756,280,23,2.0,1,17.616642291000005
ionosphere,351,34,280,2,pai,19,0.18684238195419312,7.717000018204127,280,23,2.0,1,17.616642291000005
ionosphere,351,34,280,2,pai,20,0.13305997848510742,6.568586700583864,280,23,2.0,1,17.616642291000005
ionosphere,351,34,280,2,pai,21,0.19377335906028748,7.730555622767781,280,23,2.0,1,17.616642291000005
ionosphere,351,34,280,2,pai,22,0.19054708629846573,6.634524512518361,280,23,2.0,1,17.616642291000005
ionosphere,351,34,280,2,pai,23,0.1772078052163124,7.594392308653733,280,23,2.0,1,17.616642291000005
ionosphere,351,34,280,2,pai,24,0.1804773062467575,6.924892495317511,280,23,2.0,1,17.616642291000005
ionosphere,351,34,280,2,pai,25,0.19059468805789948,7.877588070420661,280,23,2.0,1,17.616642291000005
ionosphere,351,34,280,2,pai,26,0.15361333638429642,7.759926398542959,280,23,2.0,1,17.616642291000005
ionosphere,351,34,280,2,pai,27,0.15010687708854675,7.282775222622044,280,23,2.0,1,17.616642291000005
ionosphere,351,34,280,2,pai,28,0.16000661998987198,6.955739989890482,280,23,2.0,1,17.616642291000005
ionosphere,351,34,280,2,pai,29,0.17788667976856232,7.885658381274544,280,23,2.0,1,17.616642291000005
ionosphere,351,34,280,2,pai,30,0.20595640689134598,7.009320667189893,280,23,2.0,1,17.616642291000005
ionosphere,351,34,280,2,pai,31,0.22070680558681488,7.799669368503908,280,23,2.0,1,17.616642291000005
ionosphere,351,34,280,2,pai,32,0.1668909788131714,7.664034669717025,280,23,2.0,1,17.616642291000005
ionosphere,351,34,280,2,pai,33,0.2213098704814911,8.553046847736866,280,23,2.0,1,17.616642291000005
ionosphere,351,34,280,2,nrs,0,0.010714285714285676,-1.0,-1,-1,2.0,1,0.030268957999993518
ionosphere,351,34,280,2,nrs,1,0.0,-1.0,-1,-1,2.0,1,0.030268957999993518
ionosphere,351,34,280,2,nrs,2,0.014285714285714235,-1.0,-1,-1,2.0,1,0.030268957999993518
ionosphere,351,34,280,2,nrs,3,0.0071428571428571175,-1.0,-1,-1,2.0,1,0.030268957999993518
ionosphere,351,34,280,2,nrs,4,0.02857142857142858,-1.0,-1,-1,2.0,1,0.030268957999993518
ionosphere,351,34,280,2,nrs,5,0.010714285714285676,-1.0,-1,-1,2.0,1,0.030268957999993518
ionosphere,351,34,280,2,nrs,6,0.0071428571428571175,-1.0,-1,-1,2.0,1,0.030268957999993518
ionosphere,351,34,280,2,nrs,7,0.010714285714285676,-1.0,-1,-1,2.0,1,0.030268957999993518
ionosphere,351,34,280,2,nrs,8,0.010714285714285676,-1.0,-1,-1,2.0,1,0.030268957999993518
ionosphere,351,34,280,2,nrs,9,-0.0035714285714285587,-1.0,-1,-1,2.0,1,0.030268957999993518
ionosphere,351,34,280,2,nrs,10,0.010714285714285676,-1.0,-1,-1,2.0,1,0.030268957999993518
ionosphere,351,34,280,2,nrs,11,-0.0035714285714285587,-1.0,-1,-1,2.0,1,0.030268957999993518
ionosphere,351,34,280,2,nrs,12,0.0,-1.0,-1,-1,2.0,1,0.030268957999993518
ionosphere,351,34,280,2,nrs,13,0.0,-1.0,-1,-1,2.0,1,0.030268957999993518
ionosphere,351,34,280,2,nrs,14,0.0035714285714285587,-1.0,-1,-1,2.0,1,0.030268957999993518
ionosphere,351,34,280,2,nrs,15,0.010714285714285676,-1.0,-1,-1,2.0,1,0.030268957999993518
ionosphere,351,34,280,2,nrs,16,-0.0071428571428571175,-1.0,-1,-1,2.0,1,0.030268957999993518
ionosphere,351,34,280,2,nrs,17,-0.0071428571428571175,-1.0,-1,-1,2.0,1,0.030268957999993518
ionosphere,351,34,280,2,nrs,18,0.0071428571428571175,-1.0,-1,-1,2.0,1,0.030268957999993518
ionosphere,351,34,280,2,nrs,19,0.0071428571428571175,-1.0,-1,-1,2.0,1,0.030268957999993518
ionosphere,351,34,280,2,nrs,20,0.0,-1.0,-1,-1,2.0,1,0.030268957999993518
ionosphere,351,34,280,2,nrs,21,0.0071428571428571175,-1.0,-1,-1,2.0,1,0.030268957999993518
ionosphere,351,34,280,2,nrs,22,-0.0035714285714285587,-1.0,-1,-1,2.0,1,0.030268957999993518
ionosphere,351,34,280,2,nrs,23,0.0071428571428571175,-1.0,-1,-1,2.0,1,0.030268957999993518
ionosphere,351,34,280,2,nrs,24,0.0035714285714285587,-1.0,-1,-1,2.0,1,0.030268957999993518
ionosphere,351,34,280,2,nrs,25,0.0,-1.0,-1,-1,2.0,1,0.030268957999993518
ionosphere,351,34,280,2,nrs,26,0.0,-1.0,-1,-1,2.0,1,0.030268957999993518
ionosphere,351,34,280,2,nrs,27,0.0071428571428571175,-1.0,-1,-1,2.0,1,0.030268957999993518
ionosphere,351,34,280,2,nrs,28,0.0035714285714285587,-1.0,-1,-1,2.0,1,0.030268957999993518
ionosphere,351,34,280,2,nrs,29,0.0,-1.0,-1,-1,2.0,1,0.030268957999993518
ionosphere,351,34,280,2,nrs,30,0.0,-1.0,-1,-1,2.0,1,0.030268957999993518
ionosphere,351,34,280,2,nrs,31,-0.0035714285714285587,-1.0,-1,-1,2.0,1,0.030268957999993518
ionosphere,351,34,280,2,nrs,32,0.0,-1.0,-1,-1,2.0,1,0.030268957999993518
ionosphere,351,34,280,2,nrs,33,-0.0035714285714285587,-1.0,-1,-1,2.0,1,0.030268957999993518
ionosphere,351,34,280,2,relieff,0,0.10714285714285716,-1.0,-1,-1,2.0,1,0.11585654199998885
ionosphere,351,34,280,2,relieff,1,0.0,-1.0,-1,-1,2.0,1,0.11585654199998885
ionosphere,351,34,280,2,relieff,2,0.22191489107142856,-1.0,-1,-1,2.0,1,0.11585654199998885
ionosphere,351,34,280,2,relieff,3,0.13935302142857142,-1.0,-1,-1,2.0,1,0.11585654199998885
ionosphere,351,34,280,2,relieff,4,0.17902838392857146,-1.0,-1,-1,2.0,1,0.11585654199998885
ionosphere,351,34,280,2,relieff,5,0.19860453392857147,-1.0,-1,-1,2.0,1,0.11585654199998885
ionosphere,351,34,280,2,relieff,6,0.1708320017857143,-1.0,-1,-1,2.0,1,0.11585654199998885
ionosphere,351,34,280,2,relieff,7,0.24078971250000003,-1.0,-1,-1,2.0,1,0.11585654199998885
ionosphere,351,34,280,2,relieff,8,0.16242809821428575,-1.0,-1,-1,2.0,1,0.11585654199998885
ionosphere,351,34,280,2,relieff,9,0.18576799107142858,-1.0,-1,-1,2.0,1,0.11585654199998885
ionosphere,351,34,280,2,relieff,10,0.06093191964285717,-1.0,-1,-1,2.0,1,0.11585654199998885
ionosphere,351,34,280,2,relieff,11,0.20116494285714293,-1.0,-1,-1,2.0,1,0.11585654199998885
ionosphere,351,34,280,2,relieff,12,0.1002269571428571,-1.0,-1,-1,2.0,1,0.11585654199998885
ionosphere,351,34,280,2,relieff,13,0.23091371964285723,-1.0,-1,-1,2.0,1,0.11585654199998885
ionosphere,351,34,280,2,relieff,14,0.10160468571428564,-1.0,-1,-1,2.0,1,0.11585654199998885
ionosphere,351,34,280,2,relieff,15,0.20564429285714292,-1.0,-1,-1,2.0,1,0.11585654199998885
ionosphere,351,34,280,2,relieff,16,0.07484414285714285,-1.0,-1,-1,2.0,1,0.11585654199998885
ionosphere,351,34,280,2,relieff,17,0.1669038964285714,-1.0,-1,-1,2.0,1,0.11585654199998885
ionosphere,351,34,280,2,relieff,18,0.1355739821428572,-1.0,-1,-1,2.0,1,0.11585654199998885
ionosphere,351,34,280,2,relieff,19,0.14934317678571427,-1.0,-1,-1,2.0,1,0.11585654199998885
ionosphere,351,34,280,2,relieff,20,0.0877052625,-1.0,-1,-1,2.0,1,0.11585654199998885
ionosphere,351,34,280,2,relieff,21,0.1855759410714286,-1.0,-1,-1,2.0,1,0.11585654199998885
ionosphere,351,34,280,2,relieff,22,0.07405135892857145,-1.0,-1,-1,2.0,1,0.11585654199998885
ionosphere,351,34,280,2,relieff,23,0.26001526428571436,-1.0,-1,-1,2.0,1,0.11585654199998885
ionosphere,351,34,280,2,relieff,24,0.13582726249999993,-1.0,-1,-1,2.0,1,0.11585654199998885
ionosphere,351,34,280,2,relieff,25,0.16920664285714274,-1.0,-1,-1,2.0,1,0.11585654199998885
ionosphere,351,34,280,2,relieff,26,0.16977814464285718,-1.0,-1,-1,2.0,1,0.11585654199998885
ionosphere,351,34,280,2,relieff,27,0.19707751249999989,-1.0,-1,-1,2.0,1,0.11585654199998885
ionosphere,351,34,280,2,relieff,28,0.13847318749999998,-1.0,-1,-1,2.0,1,0.11585654199998885
ionosphere,351,34,280,2,relieff,29,0.15973225178571432,-1.0,-1,-1,2.0,1,0.11585654199998885
ionosphere,351,34,280,2,relieff,30,0.10082839999999997,-1.0,-1,-1,2.0,1,0.11585654199998885
ionosphere,351,34,280,2,relieff,31,0.15950696785714305,-1.0,-1,-1,2.0,1,0.11585654199998885
ionosphere,351,34,280,2,relieff,32,0.10916536249999993,-1.0,-1,-1,2.0,1,0.11585654199998885
ionosphere,351,34,280,2,relieff,33,0.20702584107142855,-1.0,-1,-1,2.0,1,0.11585654199998885
ionosphere,351,34,280,2,mutual_info,0,0.0850931229604106,-1.0,-1,-1,2.0,1,0.02181241700000669
ionosphere,351,34,280,2,mutual_info,1,0.013163865381413009,-1.0,-1,-1,2.0,1,0.02181241700000669
ionosphere,351,34,280,2,mutual_info,2,0.2759875400524783,-1.0,-1,-1,2.0,1,0.02181241700000669
ionosphere,351,34,280,2,mutual_info,3,0.21183379392924673,-1.0,-1,-1,2.0,1,0.02181241700000669
ionosphere,351,34,280,2,mutual_info,4,0.2734921915969386,-1.0,-1,-1,2.0,1,0.02181241700000669
ionosphere,351,34,280,2,mutual_info,5,0.32065803176497476,-1.0,-1,-1,2.0,1,0.02181241700000669
ionosphere,351,34,280,2,mutual_info,6,0.23389778432094133,-1.0,-1,-1,2.0,1,0.02181241700000669
ionosphere,351,34,280,2,mutual_info,7,0.2539757702620504,-1.0,-1,-1,2.0,1,0.02181241700000669
ionosphere,351,34,280,2,mutual_info,8,0.17868000078575386,-1.0,-1,-1,2.0,1,0.02181241700000669
ionosphere,351,34,280,2,mutual_info,9,0.17016777931470828,-1.0,-1,-1,2.0,1,0.02181241700000669
ionosphere,351,34,280,2,mutual_info,10,0.15639062835147732,-1.0,-1,-1,2.0,1,0.02181241700000669
ionosphere,351,34,280,2,mutual_info,11,0.16718841037680576,-1.0,-1,-1,2.0,1,0.02181241700000669
ionosphere,351,34,280,2,mutual_info,12,0.21405164782258734,-1.0,-1,-1,2.0,1,0.02181241700000669
ionosphere,351,34,280,2,mutual_info,13,0.2578281592631215,-1.0,-1,-1,2.0,1,0.02181241700000669
ionosphere,351,34,280,2,mutual_info,14,0.23562590529404037,-1.0,-1,-1,2.0,1,0.02181241700000669
ionosphere,351,34,280,2,mutual_info,15,0.22091031828158725,-1.0,-1,-1,2.0,1,0.02181241700000669
ionosphere,351,34,280,2,mutual_info,16,0.12673589753278924,-1.0,-1,-1,2.0,1,0.02181241700000669
ionosphere,351,34,280,2,mutual_info,17,0.18397102475053995,-1.0,-1,-1,2.0,1,0.02181241700000669
ionosphere,351,34,280,2,mutual_info,18,0.13333973775152486,-1.0,-1,-1,2.0,1,0.02181241700000669
ionosphere,351,34,280,2,mutual_info,19,0.17831628176262493,-1.0,-1,-1,2.0,1,0.02181241700000669
ionosphere,351,34,280,2,mutual_info,20,0.27715126361578957,-1.0,-1,-1,2.0,1,0.02181241700000669
ionosphere,351,34,280,2,mutual_info,21,0.19614919178239676,-1.0,-1,-1,2.0,1,0.02181241700000669
ionosphere,351,34,280,2,mutual_info,22,0.2160109913495254,-1.0,-1,-1,2.0,1,0.02181241700000669
ionosphere,351,34,280,2,mutual_info,23,0.2495384591128722,-1.0,-1,-1,2.0,1,0.02181241700000669
ionosphere,351,34,280,2,mutual_info,24,0.18230237563850427,-1.0,-1,-1,2.0,1,0.02181241700000669
ionosphere,351,34,280,2,mutual_info,25,0.17958189965489058,-1.0,-1,-1,2.0,1,0.02181241700000669
ionosphere,351,34,280,2,mutual_info,26,0.25227273672782524,-1.0,-1,-1,2.0,1,0.02181241700000669
ionosphere,351,34,280,2,mutual_info,27,0.1610316237711309,-1.0,-1,-1,2.0,1,0.02181241700000669
ionosphere,351,34,280,2,mutual_info,28,0.2286339742280632,-1.0,-1,-1,2.0,1,0.02181241700000669
ionosphere,351,34,280,2,mutual_info,29,0.17061046696529658,-1.0,-1,-1,2.0,1,0.02181241700000669
ionosphere,351,34,280,2,mutual_info,30,0.23466161585011425,-1.0,-1,-1,2.0,1,0.02181241700000669
ionosphere,351,34,280,2,mutual_info,31,0.1937920406941056,-1.0,-1,-1,2.0,1,0.02181241700000669
ionosphere,351,34,280,2,mutual_info,32,0.26181102329141326,-1.0,-1,-1,2.0,1,0.02181241700000669
ionosphere,351,34,280,2,mutual_info,33,0.2117034410184564,-1.0,-1,-1,2.0,1,0.02181241700000669
ionosphere,351,34,280,2,variance,0,0.9909038127610283,-1.0,-1,-1,2.0,1,2.3208000015984e-05
ionosphere,351,34,280,2,variance,1,0.0,-1.0,-1,-1,2.0,1,2.3208000015984e-05
ionosphere,351,34,280,2,variance,2,1.0665395582581765,-1.0,-1,-1,2.0,1,2.3208000015984e-05
ionosphere,351,34,280,2,variance,3,0.9631409719906499,-1.0,-1,-1,2.0,1,2.3208000015984e-05
ionosphere,351,34,280,2,variance,4,1.0847222530208869,-1.0,-1,-1,2.0,1,2.3208000015984e-05
ionosphere,351,34,280,2,variance,5,1.042947892037829,-1.0,-1,-1,2.0,1,2.3208000015984e-05
ionosphere,351,34,280,2,variance,6,1.01209110176275,-1.0,-1,-1,2.0,1,2.3208000015984e-05
ionosphere,351,34,280,2,variance,7,1.0253763873370247,-1.0,-1,-1,2.0,1,2.3208000015984e-05
ionosphere,351,34,280,2,variance,8,1.0317501882435338,-1.0,-1,-1,2.0,1,2.3208000015984e-05
ionosphere,351,34,280,2,variance,9,0.960885731644969,-1.0,-1,-1,2.0,1,2.3208000015984e-05
ionosphere,351,34,280,2,variance,10,1.021228897540771,-1.0,-1,-1,2.0,1,2.3208000015984e-05
ionosphere,351,34,280,2,variance,11,0.9685150990978556,-1.0,-1,-1,2.0,1,2.3208000015984e-05
ionosphere,351,34,280,2,variance,12,0.9888657484769037,-1.0,-1,-1,2.0,1,2.3208000015984e-05
ionosphere,351,34,280,2,variance,13,1.0198158866640603,-1.0,-1,-1,2.0,1,2.3208000015984e-05
ionosphere,351,34,280,2,variance,14,0.9780148795511049,-1.0,-1,-1,2.0,1,2.3208000015984e-05
ionosphere,351,34,280,2,variance,15,0.9942539900388332,-1.0,-1,-1,2.0,1,2.3208000015984e-05
ionosphere,351,34,280,2,variance,16,1.0268146987080111,-1.0,-1,-1,2.0,1,2.3208000015984e-05
ionosphere,351,34,280,2,variance,17,0.9911292509493664,-1.0,-1,-1,2.0,1,2.3208000015984e-05
ionosphere,351,34,280,2,variance,18,1.030947291287945,-1.0,-1,-1,2.0,1,2.3208000015984e-05
ionosphere,351,34,280,2,variance,19,0.9855713194414284,-1.0,-1,-1,2.0,1,2.3208000015984e-05
ionosphere,351,34,280,2,variance,20,1.0309329081938865,-1.0,-1,-1,2.0,1,2.3208000015984e-05
ionosphere,351,34,280,2,variance,21,1.0234606712282805,-1.0,-1,-1,2.0,1,2.3208000015984e-05
ionosphere,351,34,280,2,variance,22,1.0448566106017974,-1.0,-1,-1,2.0,1,2.3208000015984e-05
ionosphere,351,34,280,2,variance,23,1.0098984339795622,-1.0,-1,-1,2.0,1,2.3208000015984e-05
ionosphere,351,34,280,2,variance,24,1.0061762145010833,-1.0,-1,-1,2.0,1,2.3208000015984e-05
ionosphere,351,34,280,2,variance,25,1.0166541425464206,-1.0,-1,-1,2.0,1,2.3208000015984e-05
ionosphere,351,34,280,2,variance,26,1.0719452791076969,-1.0,-1,-1,2.0,1,2.3208000015984e-05
ionosphere,351,34,280,2,variance,27,0.979351459804992,-1.0,-1,-1,2.0,1,2.3208000015984e-05
ionosphere,351,34,280,2,variance,28,0.9955722564783258,-1.0,-1,-1,2.0,1,2.3208000015984e-05
ionosphere,351,34,280,2,variance,29,0.9755392978103922,-1.0,-1,-1,2.0,1,2.3208000015984e-05
ionosphere,351,34,280,2,variance,30,1.0396777062113554,-1.0,-1,-1,2.0,1,2.3208000015984e-05
ionosphere,351,34,280,2,variance,31,1.0358179823191453,-1.0,-1,-1,2.0,1,2.3208000015984e-05
ionosphere,351,34,280,2,variance,32,1.0337226006065305,-1.0,-1,-1,2.0,1,2.3208000015984e-05
ionosphere,351,34,280,2,variance,33,1.0062865982989417,-1.0,-1,-1,2.0,1,2.3208000015984e-05
ionosphere,351,34,280,3,pai,0,0.12045828998088837,6.436846388119554,279,15,2.0,1,14.725083915999988
ionosphere,351,34,280,3,pai,1,0.0,0.0,279,15,2.0,1,14.725083915999988
ionosphere,351,34,280,3,pai,2,0.15124940872192383,8.048310615779066,279,15,2.0,1,14.725083915999988
ionosphere,351,34,280,3,pai,3,0.21986517310142517,9.074296799073412,279,15,2.0,1,14.725083915999988
ionosphere,351,34,280,3,pai,4,0.1759151592850685,7.705340954385815,279,15,2.0,1,14.725083915999988
ionosphere,351,34,280,3,pai,5,0.21211136877536774,8.692756425814597,279,15,2.0,1,14.725083915999988
ionosphere,351,34,280,3,pai,6,0.19898533821105957,8.130883075604206,279,15,2.0,1,14.725083915999988
ionosphere,351,34,280,3,pai,7,0.1931680589914322,7.692195893896259,279,15,2.0,1,14.725083915999988
ionosphere,351,34,280,3,pai,8,0.22243383526802063,7.899788089938204,279,15,2.0,1,14.725083915999988
ionosphere,351,34,280,3,pai,9,0.16337619721889496,8.278811317796176,279,15,2.0,1,14.725083915999988
ionosphere,351,34,280,3,pai,10,0.21352294087409973,7.108670934974061,279,15,2.0,1,14.725083915999988
ionosphere,351,34,280,3,pai,11,0.2153911590576172,8.09532933148137,279,15,2.0,1,14.725083915999988
ionosphere,351,34,280,3,pai,12,0.16681896895170212,6.438122058839062,279,15,2.0,1,14.725083915999988
ionosphere,351,34,280,3,pai,13,0.1589018926024437,8.094426483543103,279,15,2.0,1,14.725083915999988
ionosphere,351,34,280,3,pai,14,0.08926475048065186,6.13593663166493,279,15,2.0,1,14.725083915999988
ionosphere,351,34,280,3,pai,15,0.22570918500423431,8.739019426697313,279,15,2.0,1,14.725083915999988
ionosphere,351,34,280,3,pai,16,0.21019990742206573,6.481518258494859,279,15,2.0,1,14.725083915999988
ionosphere,351,34,280,3,pai,17,0.27077043056488037,8.063640827883807,279,15,2.0,1,14.725083915999988
ionosphere,351,34,280,3,pai,18,0.15296339243650436,6.396171963167756,279,15,2.0,1,14.725083915999988
ionosphere,351,34,280,3,pai,19,0.1891690269112587,7.717000018204127,279,15,2.0,1,14.725083915999988
ionosphere,351,34,280,3,pai,20,0.15636425465345383,6.568586700583864,279,15,2.0,1,14.725083915999988
ionosphere,351,34,280,3,pai,21,0.19960525631904602,7.730555622767781,279,15,2.0,1,14.725083915999988
ionosphere,351,34,280,3,pai,22,0.17766278982162476,6.634524512518361,279,15,2.0,1,14.725083915999988
ionosphere,351,34,280,3,pai,23,0.22363130003213882,7.594392308653733,279,15,2.0,1,14.725083915999988
ionosphere,351,34,280,3,pai,24,0.20445498079061508,6.924892495317511,279,15,2.0,1,14.725083915999988
ionosphere,351,34,280,3,pai,25,0.2363659292459488,7.877588070420661,279,15,2.0,1,14.725083915999988
ionosphere,351,34,280,3,pai,26,0.17694932222366333,7.759926398542959,279,15,2.0,1,14.725083915999988
ionosphere,351,34,280,3,pai,27,0.1460046023130417,7.282775222622044,279,15,2.0,1,14.725083915999988
ionosphere,351,34,280,3,pai,28,0.21248367428779602,6.955739989890482,279,15,2.0,1,14.725083915999988
ionosphere,351,34,280,3,pai,29,0.20946786552667618,7.885658381274544,279,15,2.0,1,14.725083915999988
ionosphere,351,34,280,3,pai,30,0.24471256136894226,7.009320667189893,279,15,2.0,1,14.725083915999988
ionosphere,351,34,280,3,pai,31,0.2278938889503479,7.799669368503908,279,15,2.0,1,14.725083915999988
ionosphere,351,34,280,3,pai,32,0.24515703320503235,7.664034669717025,279,15,2.0,1,14.725083915999988
ionosphere,351,34,280,3,pai,33,0.23211459815502167,8.553046847736866,279,15,2.0,1,14.725083915999988
ionosphere,351,34,280,3,nrs,0,0.0071428571428572285,-1.0,-1,-1,2.0,1,0.031764624999993885
ionosphere,351,34,280,3,nrs,1,0.0,-1.0,-1,-1,2.0,1,0.031764624999993885
ionosphere,351,34,280,3,nrs,2,0.014285714285714346,-1.0,-1,-1,2.0,1,0.031764624999993885
ionosphere,351,34,280,3,nrs,3,0.0035714285714285587,-1.0,-1,-1,2.0,1,0.031764624999993885
ionosphere,351,34,280,3,nrs,4,0.010714285714285787,-1.0,-1,-1,2.0,1,0.031764624999993885
ionosphere,351,34,280,3,nrs,5,0.0071428571428572285,-1.0,-1,-1,2.0,1,0.031764624999993885
ionosphere,351,34,280,3,nrs,6,0.010714285714285787,-1.0,-1,-1,2.0,1,0.031764624999993885
ionosphere,351,34,280,3,nrs,7,-0.0071428571428571175,-1.0,-1,-1,2.0,1,0.031764624999993885
ionosphere,351,34,280,3,nrs,8,0.0035714285714285587,-1.0,-1,-1,2.0,1,0.031764624999993885
ionosphere,351,34,280,3,nrs,9,0.0,-1.0,-1,-1,2.0,1,0.031764624999993885
ionosphere,351,34,280,3,nrs,10,0.0035714285714285587,-1.0,-1,-1,2.0,1,0.031764624999993885
ionosphere,351,34,280,3,nrs,11,-0.010714285714285676,-1.0,-1,-1,2.0,1,0.031764624999993885
ionosphere,351,34,280,3,nrs,12,-0.0035714285714285587,-1.0,-1,-1,2.0,1,0.031764624999993885
ionosphere,351,34,280,3,nrs,13,-0.0035714285714285587,-1.0,-1,-1,2.0,1,0.031764624999993885
ionosphere,351,34,280,3,nrs,14,0.0035714285714285587,-1.0,-1,-1,2.0,1,0.031764624999993885
ionosphere,351,34,280,3,nrs,15,-0.0071428571428571175,-1.0,-1,-1,2.0,1,0.031764624999993885
ionosphere,351,34,280,3,nrs,16,0.0035714285714285587,-1.0,-1,-1,2.0,1,0.031764624999993885
ionosphere,351,34,280,3,nrs,17,-0.02499999999999991,-1.0,-1,-1,2.0,1,0.031764624999993885
ionosphere,351,34,280,3,nrs,18,-0.0071428571428571175,-1.0,-1,-1,2.0,1,0.031764624999993885
ionosphere,351,34,280,3,nrs,19,-0.0071428571428571175,-1.0,-1,-1,2.0,1,0.031764624999993885
ionosphere,351,34,280,3,nrs,20,0.0035714285714285587,-1.0,-1,-1,2.0,1,0.031764624999993885
ionosphere,351,34,280,3,nrs,21,0.0035714285714285587,-1.0,-1,-1,2.0,1,0.031764624999993885
ionosphere,351,34,280,3,nrs,22,0.0035714285714285587,-1.0,-1,-1,2.0,1,0.031764624999993885
ionosphere,351,34,280,3,nrs,23,0.0035714285714285587,-1.0,-1,-1,2.0,1,0.031764624999993885
ionosphere,351,34,280,3,nrs,24,-0.0035714285714285587,-1.0,-1,-1,2.0,1,0.031764624999993885
ionosphere,351,34,280,3,nrs,25,0.0,-1.0,-1,-1,2.0,1,0.031764624999993885
ionosphere,351,34,280,3,nrs,26,0.017857142857142905,-1.0,-1,-1,2.0,1,0.031764624999993885
ionosphere,351,34,280,3,nrs,27,-0.014285714285714235,-1.0,-1,-1,2.0,1,0.031764624999993885
ionosphere,351,34,280,3,nrs,28,0.014285714285714346,-1.0,-1,-1,2.0,1,0.031764624999993885
ionosphere,351,34,280,3,nrs,29,-0.014285714285714235,-1.0,-1,-1,2.0,1,0.031764624999993885
ionosphere,351,34,280,3,nrs,30,0.0,-1.0,-1,-1,2.0,1,0.031764624999993885
ionosphere,351,34,280,3,nrs,31,-0.017857142857142794,-1.0,-1,-1,2.0,1,0.031764624999993885
ionosphere,351,34,280,3,nrs,32,-0.0071428571428571175,-1.0,-1,-1,2.0,1,0.031764624999993885
ionosphere,351,34,280,3,nrs,33,0.0,-1.0,-1,-1,2.0,1,0.031764624999993885
ionosphere,351,34,280,3,relieff,0,0.12142857142857146,-1.0,-1,-1,2.0,1,0.11590749999999161
ionosphere,351,34,280,3,relieff,1,0.0,-1.0,-1,-1,2.0,1,0.11590749999999161
ionosphere,351,34,280,3,relieff,2,0.17784228392857157,-1.0,-1,-1,2.0,1,0.11590749999999161
ionosphere,351,34,280,3,relieff,3,0.1367956571428571,-1.0,-1,-1,2.0,1,0.11590749999999161
ionosphere,351,34,280,3,relieff,4,0.17508519821428564,-1.0,-1,-1,2.0,1,0.11590749999999161
ionosphere,351,34,280,3,relieff,5,0.16765526964285707,-1.0,-1,-1,2.0,1,0.11590749999999161
ionosphere,351,34,280,3,relieff,6,0.14644095,-1.0,-1,-1,2.0,1,0.11590749999999161
ionosphere,351,34,280,3,relieff,7,0.19379441428571414,-1.0,-1,-1,2.0,1,0.11590749999999161
ionosphere,351,34,280,3,relieff,8,0.15385853928571439,-1.0,-1,-1,2.0,1,0.11590749999999161
ionosphere,351,34,280,3,relieff,9,0.15958993571428573,-1.0,-1,-1,2.0,1,0.11590749999999161
ionosphere,351,34,280,3,relieff,10,0.06128742678571429,-1.0,-1,-1,2.0,1,0.11590749999999161
ionosphere,351,34,280,3,relieff,11,0.1832094267857142,-1.0,-1,-1,2.0,1,0.11590749999999161
ionosphere,351,34,280,3,relieff,12,0.08158159821428566,-1.0,-1,-1,2.0,1,0.11590749999999161
ionosphere,351,34,280,3,relieff,13,0.2086033374999999,-1.0,-1,-1,2.0,1,0.11590749999999161
ionosphere,351,34,280,3,relieff,14,0.09996275000000003,-1.0,-1,-1,2.0,1,0.11590749999999161
ionosphere,351,34,280,3,relieff,15,0.17808626071428577,-1.0,-1,-1,2.0,1,0.11590749999999161
ionosphere,351,34,280,3,relieff,16,0.09567231249999988,-1.0,-1,-1,2.0,1,0.11590749999999161
ionosphere,351,34,280,3,relieff,17,0.15882802500000004,-1.0,-1,-1,2.0,1,0.11590749999999161
ionosphere,351,34,280,3,relieff,18,0.13614594107142863,-1.0,-1,-1,2.0,1,0.11590749999999161
ionosphere,351,34,280,3,relieff,19,0.13669487499999997,-1.0,-1,-1,2.0,1,0.11590749999999161
ionosphere,351,34,280,3,relieff,20,0.09382611785714294,-1.0,-1,-1,2.0,1,0.11590749999999161
ionosphere,351,34,280,3,relieff,21,0.16737696785714284,-1.0,-1,-1,2.0,1,0.11590749999999161
ionosphere,351,34,280,3,relieff,22,0.061821819642857156,-1.0,-1,-1,2.0,1,0.11590749999999161
ionosphere,351,34,280,3,relieff,23,0.22474894999999995,-1.0,-1,-1,2.0,1,0.11590749999999161
ionosphere,351,34,280,3,relieff,24,0.1341713910714286,-1.0,-1,-1,2.0,1,0.11590749999999161
ionosphere,351,34,280,3,relieff,25,0.1606275964285714,-1.0,-1,-1,2.0,1,0.11590749999999161
ionosphere,351,34,280,3,relieff,26,0.16449382857142839,-1.0,-1,-1,2.0,1,0.11590749999999161
ionosphere,351,34,280,3,relieff,27,0.1645286517857143,-1.0,-1,-1,2.0,1,0.11590749999999161
ionosphere,351,34,280,3,relieff,28,0.1259618071428571,-1.0,-1,-1,2.0,1,0.11590749999999161
ionosphere,351,34,280,3,relieff,29,0.14797663749999998,-1.0,-1,-1,2.0,1,0.11590749999999161
ionosphere,351,34,280,3,relieff,30,0.0995453678571428,-1.0,-1,-1,2.0,1,0.11590749999999161
ionosphere,351,34,280,3,relieff,31,0.13272987321428575,-1.0,-1,-1,2.0,1,0.11590749999999161
ionosphere,351,34,280,3,relieff,32,0.1200901357142858,-1.0,-1,-1,2.0,1,0.11590749999999161
ionosphere,351,34,280,3,relieff,33,0.16696147142857146,-1.0,-1,-1,2.0,1,0.11590749999999161
ionosphere,351,34,280,3,mutual_info,0,0.21737616408983862,-1.0,-1,-1,2.0,1,0.021867124999999987
ionosphere,351,34,280,3,mutual_info,1,0.005125017659179942,-1.0,-1,-1,2.0,1,0.021867124999999987
ionosphere,351,34,280,3,mutual_info,2,0.27772449798025667,-1.0,-1,-1,2.0,1,0.021867124999999987
ionosphere,351,34,280,3,mutual_info,3,0.2142030136758879,-1.0,-1,-1,2.0,1,0.021867124999999987
ionosphere,351,34,280,3,mutual_info,4,0.28243751476061263,-1.0,-1,-1,2.0,1,0.021867124999999987
ionosphere,351,34,280,3,mutual_info,5,0.3272506064504985,-1.0,-1,-1,2.0,1,0.021867124999999987
ionosphere,351,34,280,3,mutual_info,6,0.258955212655158,-1.0,-1,-1,2.0,1,0.021867124999999987
ionosphere,351,34,280,3,mutual_info,7,0.2959313182619887,-1.0,-1,-1,2.0,1,0.021867124999999987
ionosphere,351,34,280,3,mutual_info,8,0.19545431741669383,-1.0,-1,-1,2.0,1,0.021867124999999987
ionosphere,351,34,280,3,mutual_info,9,0.18252532774065156,-1.0,-1,-1,2.0,1,0.021867124999999987
ionosphere,351,34,280,3,mutual_info,10,0.17668082892038162,-1.0,-1,-1,2.0,1,0.021867124999999987
ionosphere,351,34,280,3,mutual_info,11,0.19859598298274062,-1.0,-1,-1,2.0,1,0.021867124999999987
ionosphere,351,34,280,3,mutual_info,12,0.25379870482225053,-1.0,-1,-1,2.0,1,0.021867124999999987
ionosphere,351,34,280,3,mutual_info,13,0.26103152017375386,-1.0,-1,-1,2.0,1,0.021867124999999987
ionosphere,351,34,280,3,mutual_info,14,0.21817272719428504,-1.0,-1,-1,2.0,1,0.021867124999999987
ionosphere,351,34,280,3,mutual_info,15,0.2064918576137751,-1.0,-1,-1,2.0,1,0.021867124999999987
ionosphere,351,34,280,3,mutual_info,16,0.20794545420476895,-1.0,-1,-1,2.0,1,0.021867124999999987
ionosphere,351,34,280,3,mutual_info,17,0.23259760897806947,-1.0,-1,-1,2.0,1,0.021867124999999987
ionosphere,351,34,280,3,mutual_info,18,0.1849896346687483,-1.0,-1,-1,2.0,1,0.021867124999999987
ionosphere,351,34,280,3,mutual_info,19,0.21510155221124494,-1.0,-1,-1,2.0,1,0.021867124999999987
ionosphere,351,34,280,3,mutual_info,20,0.2565883703781393,-1.0,-1,-1,2.0,1,0.021867124999999987
ionosphere,351,34,280,3,mutual_info,21,0.21689977673697847,-1.0,-1,-1,2.0,1,0.021867124999999987
ionosphere,351,34,280,3,mutual_info,22,0.2695147531986506,-1.0,-1,-1,2.0,1,0.021867124999999987
ionosphere,351,34,280,3,mutual_info,23,0.24549766089540248,-1.0,-1,-1,2.0,1,0.021867124999999987
ionosphere,351,34,280,3,mutual_info,24,0.172494160211345,-1.0,-1,-1,2.0,1,0.021867124999999987
ionosphere,351,34,280,3,mutual_info,25,0.22193841363119304,-1.0,-1,-1,2.0,1,0.021867124999999987
ionosphere,351,34,280,3,mutual_info,26,0.265279195711313,-1.0,-1,-1,2.0,1,0.021867124999999987
ionosphere,351,34,280,3,mutual_info,27,0.24745792165553282,-1.0,-1,-1,2.0,1,0.021867124999999987
ionosphere,351,34,280,3,mutual_info,28,0.27335697607251275,-1.0,-1,-1,2.0,1,0.021867124999999987
ionosphere,351,34,280,3,mutual_info,29,0.1643539777644607,-1.0,-1,-1,2.0,1,0.021867124999999987
ionosphere,351,34,280,3,mutual_info,30,0.27517658774661524,-1.0,-1,-1,2.0,1,0.021867124999999987
ionosphere,351,34,280,3,mutual_info,31,0.21230912862195428,-1.0,-1,-1,2.0,1,0.021867124999999987
ionosphere,351,34,280,3,mutual_info,32,0.2946019427878843,-1.0,-1,-1,2.0,1,0.021867124999999987
ionosphere,351,34,280,3,mutual_info,33,0.23267993792526198,-1.0,-1,-1,2.0,1,0.021867124999999987
ionosphere,351,34,280,3,variance,0,1.105055931991098,-1.0,-1,-1,2.0,1,2.637499997604209e-05
ionosphere,351,34,280,3,variance,1,0.0,-1.0,-1,-1,2.0,1,2.637499997604209e-05
ionosphere,351,34,280,3,variance,2,0.9739499155937303,-1.0,-1,-1,2.0,1,2.637499997604209e-05
ionosphere,351,34,280,3,variance,3,1.1099556284065542,-1.0,-1,-1,2.0,1,2.637499997604209e-05
ionosphere,351,34,280,3,variance,4,0.9787641718000915,-1.0,-1,-1,2.0,1,2.637499997604209e-05
ionosphere,351,34,280,3,variance,5,1.0749999273438458,-1.0,-1,-1,2.0,1,2.637499997604209e-05
ionosphere,351,34,280,3,variance,6,1.0540283632055034,-1.0,-1,-1,2.0,1,2.637499997604209e-05
ionosphere,351,34,280,3,variance,7,1.0192254287423972,-1.0,-1,-1,2.0,1,2.637499997604209e-05
ionosphere,351,34,280,3,variance,8,1.0336610259193122,-1.0,-1,-1,2.0,1,2.637499997604209e-05
ionosphere,351,34,280,3,variance,9,1.051219582409129,-1.0,-1,-1,2.0,1,2.637499997604209e-05
ionosphere,351,34,280,3,variance,10,1.0120186453229836,-1.0,-1,-1,2.0,1,2.637499997604209e-05
ionosphere,351,34,280,3,variance,11,1.0539504899185097,-1.0,-1,-1,2.0,1,2.637499997604209e-05
ionosphere,351,34,280,3,variance,12,1.0324146506057186,-1.0,-1,-1,2.0,1,2.637499997604209e-05
ionosphere,351,34,280,3,variance,13,1.0226402621554567,-1.0,-1,-1,2.0,1,2.637499997604209e-05
ionosphere,351,34,280,3,variance,14,1.0323853317669356,-1.0,-1,-1,2.0,1,2.637499997604209e-05
ionosphere,351,34,280,3,variance,15,1.04358583311224,-1.0,-1,-1,2.0,1,2.637499997604209e-05
ionosphere,351,34,280,3,variance,16,1.030427156999835,-1.0,-1,-1,2.0,1,2.637499997604209e-05
ionosphere,351,34,280,3,variance,17,1.0541018820835184,-1.0,-1,-1,2.0,1,2.637499997604209e-05
ionosphere,351,34,280,3,variance,18,1.049473556817852,-1.0,-1,-1,2.0,1,2.637499997604209e-05
ionosphere,351,34,280,3,variance,19,1.026685838054295,-1.0,-1,-1,2.0,1,2.637499997604209e-05
ionosphere,351,34,280,3,variance,20,1.044311603941698,-1.0,-1,-1,2.0,1,2.637499997604209e-05
ionosphere,351,34,280,3,variance,21,1.0432149926489633,-1.0,-1,-1,2.0,1,2.637499997604209e-05
ionosphere,351,34,280,3,variance,22,1.0322241669124574,-1.0,-1,-1,2.0,1,2.637499997604209e-05
ionosphere,351,34,280,3,variance,23,1.0277000182748237,-1.0,-1,-1,2.0,1,2.637499997604209e-05
ionosphere,351,34,280,3,variance,24,1.0187227919073767,-1.0,-1,-1,2.0,1,2.637499997604209e-05
ionosphere,351,34,280,3,variance,25,1.0454495563881916,-1.0,-1,-1,2.0,1,2.637499997604209e-05
ionosphere,351,34,280,3,variance,26,0.9799433591453534,-1.0,-1,-1,2.0,1,2.637499997604209e-05
ionosphere,351,34,280,3,variance,27,1.0720254242897636,-1.0,-1,-1,2.0,1,2.637499997604209e-05
ionosphere,351,34,280,3,variance,28,1.0249011367705947,-1.0,-1,-1,2.0,1,2.637499997604209e-05
ionosphere,351,34,280,3,variance,29,1.0593934231647715,-1.0,-1,-1,2.0,1,2.637499997604209e-05
ionosphere,351,34,280,3,variance,30,1.0369550308574569,-1.0,-1,-1,2.0,1,2.637499997604209e-05
ionosphere,351,34,280,3,variance,31,1.0188687234562601,-1.0,-1,-1,2.0,1,2.637499997604209e-05
ionosphere,351,34,280,3,variance,32,1.0407054735912293,-1.0,-1,-1,2.0,1,2.637499997604209e-05
ionosphere,351,34,280,3,variance,33,1.005965397807264,-1.0,-1,-1,2.0,1,2.637499997604209e-05
ionosphere,351,34,280,4,pai,0,0.0,6.436846388119554,279,19,2.0,1,15.766258749999992
ionosphere,351,34,280,4,pai,1,0.0,0.0,279,19,2.0,1,15.766258749999992
ionosphere,351,34,280,4,pai,2,0.15608906745910645,8.048310615779066,279,19,2.0,1,15.766258749999992
ionosphere,351,34,280,4,pai,3,0.19427688419818878,9.074296799073412,279,19,2.0,1,15.766258749999992
ionosphere,351,34,280,4,pai,4,0.18175633996725082,7.705340954385815,279,19,2.0,1,15.766258749999992
ionosphere,351,34,280,4,pai,5,0.1486453264951706,8.692756425814597,279,19,2.0,1,15.766258749999992
ionosphere,351,34,280,4,pai,6,0.17875868827104568,8.130883075604206,279,19,2.0,1,15.766258749999992
ionosphere,351,34,280,4,pai,7,0.1950695663690567,7.692195893896259,279,19,2.0,1,15.766258749999992
ionosphere,351,34,280,4,pai,8,0.10847246646881104,7.899788089938204,279,19,2.0,1,15.766258749999992
ionosphere,351,34,280,4,pai,9,0.1182308942079544,8.278811317796176,279,19,2.0,1,15.766258749999992
ionosphere,351,34,280,4,pai,10,0.15055172890424728,7.108670934974061,279,19,2.0,1,15.766258749999992
ionosphere,351,34,280,4,pai,11,0.18402709066867828,8.09532933148137,279,19,2.0,1,15.766258749999992
ionosphere,351,34,280,4,pai,12,0.13511013984680176,6.438122058839062,279,19,2.0,1,15.766258749999992
ionosphere,351,34,280,4,pai,13,0.14480716735124588,8.094426483543103,279,19,2.0,1,15.766258749999992
ionosphere,351,34,280,4,pai,14,0.15055594593286514,6.13593663166493,279,19,2.0,1,15.766258749999992
ionosphere,351,34,280,4,pai,15,0.16987815499305725,8.739019426697313,279,19,2.0,1,15.766258749999992
ionosphere,351,34,280,4,pai,16,0.1565319076180458,6.481518258494859,279,19,2.0,1,15.766258749999992
ionosphere,351,34,280,4,pai,17,0.15921422094106674,8.063640827883807,279,19,2.0,1,15.766258749999992
ionosphere,351,34,280,4,pai,18,0.10777711868286133,6.396171963167756,279,19,2.0,1,15.766258749999992
ionosphere,351,34,280,4,pai,19,0.1255476102232933,7.717000018204127,279,19,2.0,1,15.766258749999992
ionosphere,351,34,280,4,pai,20,0.09475576877593994,6.568586700583864,279,19,2.0,1,15.766258749999992
ionosphere,351,34,280,4,pai,21,0.15830299258232117,7.730555622767781,279,19,2.0,1,15.766258749999992
ionosphere,351,34,280,4,pai,22,0.17942053079605103,6.634524512518361,279,19,2.0,1,15.766258749999992
ionosphere,351,34,280,4,pai,23,0.1787111535668373,7.594392308653733,279,19,2.0,1,15.766258749999992
ionosphere,351,34,280,4,pai,24,0.20568113029003143,6.924892495317511,279,19,2.0,1,15.766258749999992
ionosphere,351,34,280,4,pai,25,0.1492067351937294,7.877588070420661,279,19,2.0,1,15.766258749999992
ionosphere,351,34,280,4,pai,26,0.15361333638429642,7.759926398542959,279,19,2.0,1,15.766258749999992
ionosphere,351,34,280,4,pai,27,0.12078800052404404,7.282775222622044,279,19,2.0,1,15.766258749999992
ionosphere,351,34,280,4,pai,28,0.1822829246520996,6.955739989890482,279,19,2.0,1,15.766258749999992
ionosphere,351,34,280,4,pai,29,0.14620766788721085,7.885658381274544,279,19,2.0,1,15.766258749999992
ionosphere,351,34,280,4,pai,30,0.2116992473602295,7.009320667189893,279,19,2.0,1,15.766258749999992
ionosphere,351,34,280,4,pai,31,0.18237918615341187,7.799669368503908,279,19,2.0,1,15.766258749999992
ionosphere,351,34,280,4,pai,32,0.16893582046031952,7.664034669717025,279,19,2.0,1,15.766258749999992
ionosphere,351,34,280,4,pai,33,0.15929266065359116,8.553046847736866,279,19,2.0,1,15.766258749999992
ionosphere,351,34,280,4,nrs,0,-0.0071428571428571175,-1.0,-1,-1,2.0,1,0.03172645899999793
ionosphere,351,34,280,4,nrs,1,0.0,-1.0,-1,-1,2.0,1,0.03172645899999793
ionosphere,351,34,280,4,nrs,2,0.0,-1.0,-1,-1,2.0,1,0.03172645899999793
ionosphere,351,34,280,4,nrs,3,-0.010714285714285676,-1.0,-1,-1,2.0,1,0.03172645899999793
ionosphere,351,34,280,4,nrs,4,-0.0035714285714285587,-1.0,-1,-1,2.0,1,0.03172645899999793
ionosphere,351,34,280,4,nrs,5,-0.0035714285714285587,-1.0,-1,-1,2.0,1,0.03172645899999793
ionosphere,351,34,280,4,nrs,6,-0.0035714285714285587,-1.0,-1,-1,2.0,1,0.03172645899999793
ionosphere,351,34,280,4,nrs,7,-0.0035714285714285587,-1.0,-1,-1,2.0,1,0.03172645899999793
ionosphere,351,34,280,4,nrs,8,-0.0035714285714285587,-1.0,-1,-1,2.0,1,0.03172645899999793
ionosphere,351,34,280,4,nrs,9,-0.0071428571428571175,-1.0,-1,-1,2.0,1,0.03172645899999793
ionosphere,351,34,280,4,nrs,10,-0.010714285714285676,-1.0,-1,-1,2.0,1,0.03172645899999793
ionosphere,351,34,280,4,nrs,11,-0.0071428571428571175,-1.0,-1,-1,2.0,1,0.03172645899999793
ionosphere,351,34,280,4,nrs,12,-0.010714285714285676,-1.0,-1,-1,2.0,1,0.03172645899999793
ionosphere,351,34,280,4,nrs,13,0.0035714285714285587,-1.0,-1,-1,2.0,1,0.03172645899999793
ionosphere,351,34,280,4,nrs,14,0.0035714285714285587,-1.0,-1,-1,2.0,1,0.03172645899999793
ionosphere,351,34,280,4,nrs,15,-0.0035714285714285587,-1.0,-1,-1,2.0,1,0.03172645899999793
ionosphere,351,34,280,4,nrs,16,-0.0071428571428571175,-1.0,-1,-1,2.0,1,0.03172645899999793
ionosphere,351,34,280,4,nrs,17,-0.021428571428571352,-1.0,-1,-1,2.0,1,0.03172645899999793
ionosphere,351,34,280,4,nrs,18,0.0,-1.0,-1,-1,2.0,1,0.03172645899999793
ionosphere,351,34,280,4,nrs,19,-0.014285714285714235,-1.0,-1,-1,2.0,1,0.03172645899999793
ionosphere,351,34,280,4,nrs,20,-0.0035714285714285587,-1.0,-1,-1,2.0,1,0.03172645899999793
ionosphere,351,34,280,4,nrs,21,0.0,-1.0,-1,-1,2.0,1,0.03172645899999793
ionosphere,351,34,280,4,nrs,22,-0.014285714285714235,-1.0,-1,-1,2.0,1,0.03172645899999793
ionosphere,351,34,280,4,nrs,23,0.0071428571428572285,-1.0,-1,-1,2.0,1,0.03172645899999793
ionosphere,351,34,280,4,nrs,24,-0.017857142857142794,-1.0,-1,-1,2.0,1,0.03172645899999793
ionosphere,351,34,280,4,nrs,25,-0.010714285714285676,-1.0,-1,-1,2.0,1,0.03172645899999793
ionosphere,351,34,280,4,nrs,26,-0.0035714285714285587,-1.0,-1,-1,2.0,1,0.03172645899999793
ionosphere,351,34,280,4,nrs,27,-0.017857142857142794,-1.0,-1,-1,2.0,1,0.03172645899999793
ionosphere,351,34,280,4,nrs,28,0.010714285714285787,-1.0,-1,-1,2.0,1,0.03172645899999793
ionosphere,351,34,280,4,nrs,29,-0.014285714285714235,-1.0,-1,-1,2.0,1,0.03172645899999793
ionosphere,351,34,280,4,nrs,30,0.0,-1.0,-1,-1,2.0,1,0.03172645899999793
ionosphere,351,34,280,4,nrs,31,-0.017857142857142794,-1.0,-1,-1,2.0,1,0.03172645899999793
ionosphere,351,34,280,4,nrs,32,-0.010714285714285676,-1.0,-1,-1,2.0,1,0.03172645899999793
ionosphere,351,34,280,4,nrs,33,-0.0035714285714285587,-1.0,-1,-1,2.0,1,0.03172645899999793
ionosphere,351,34,280,4,relieff,0,0.11428571428571431,-1.0,-1,-1,2.0,1,0.11717454099999713
ionosphere,351,34,280,4,relieff,1,0.0,-1.0,-1,-1,2.0,1,0.11717454099999713
ionosphere,351,34,280,4,relieff,2,0.2246716321428572,-1.0,-1,-1,2.0,1,0.11717454099999713
ionosphere,351,34,280,4,relieff,3,0.14347910892857138,-1.0,-1,-1,2.0,1,0.11717454099999713
ionosphere,351,34,280,4,relieff,4,0.190495175,-1.0,-1,-1,2.0,1,0.11717454099999713
ionosphere,351,34,280,4,relieff,5,0.18359248392857153,-1.0,-1,-1,2.0,1,0.11717454099999713
ionosphere,351,34,280,4,relieff,6,0.17296844821428572,-1.0,-1,-1,2.0,1,0.11717454099999713
ionosphere,351,34,280,4,relieff,7,0.19471632142857145,-1.0,-1,-1,2.0,1,0.11717454099999713
ionosphere,351,34,280,4,relieff,8,0.1639374732142858,-1.0,-1,-1,2.0,1,0.11717454099999713
ionosphere,351,34,280,4,relieff,9,0.16840995714285717,-1.0,-1,-1,2.0,1,0.11717454099999713
ionosphere,351,34,280,4,relieff,10,0.08419658749999999,-1.0,-1,-1,2.0,1,0.11717454099999713
ionosphere,351,34,280,4,relieff,11,0.1978549535714287,-1.0,-1,-1,2.0,1,0.11717454099999713
ionosphere,351,34,280,4,relieff,12,0.11336483750000004,-1.0,-1,-1,2.0,1,0.11717454099999713
ionosphere,351,34,280,4,relieff,13,0.1947292089285714,-1.0,-1,-1,2.0,1,0.11717454099999713
ionosphere,351,34,280,4,relieff,14,0.12111682321428574,-1.0,-1,-1,2.0,1,0.11717454099999713
ionosphere,351,34,280,4,relieff,15,0.16293560535714302,-1.0,-1,-1,2.0,1,0.11717454099999713
ionosphere,351,34,280,4,relieff,16,0.11852594464285725,-1.0,-1,-1,2.0,1,0.11717454099999713
ionosphere,351,34,280,4,relieff,17,0.15934721607142852,-1.0,-1,-1,2.0,1,0.11717454099999713
ionosphere,351,34,280,4,relieff,18,0.1383545285714287,-1.0,-1,-1,2.0,1,0.11717454099999713
ionosphere,351,34,280,4,relieff,19,0.1465923857142857,-1.0,-1,-1,2.0,1,0.11717454099999713
ionosphere,351,34,280,4,relieff,20,0.11470152321428573,-1.0,-1,-1,2.0,1,0.11717454099999713
ionosphere,351,34,280,4,relieff,21,0.18220778214285704,-1.0,-1,-1,2.0,1,0.11717454099999713
ionosphere,351,34,280,4,relieff,22,0.08480487499999999,-1.0,-1,-1,2.0,1,0.11717454099999713
ionosphere,351,34,280,4,relieff,23,0.2172741214285715,-1.0,-1,-1,2.0,1,0.11717454099999713
ionosphere,351,34,280,4,relieff,24,0.15101494821428563,-1.0,-1,-1,2.0,1,0.11717454099999713
ionosphere,351,34,280,4,relieff,25,0.15048684107142846,-1.0,-1,-1,2.0,1,0.11717454099999713
ionosphere,351,34,280,4,relieff,26,0.17531706071428563,-1.0,-1,-1,2.0,1,0.11717454099999713
ionosphere,351,34,280,4,relieff,27,0.19749953214285712,-1.0,-1,-1,2.0,1,0.11717454099999713
ionosphere,351,34,280,4,relieff,28,0.14194576964285724,-1.0,-1,-1,2.0,1,0.11717454099999713
ionosphere,351,34,280,4,relieff,29,0.15256930178571443,-1.0,-1,-1,2.0,1,0.11717454099999713
ionosphere,351,34,280,4,relieff,30,0.11572906428571422,-1.0,-1,-1,2.0,1,0.11717454099999713
ionosphere,351,34,280,4,relieff,31,0.16752820357142867,-1.0,-1,-1,2.0,1,0.11717454099999713
ionosphere,351,34,280,4,relieff,32,0.12588829821428568,-1.0,-1,-1,2.0,1,0.11717454099999713
ionosphere,351,34,280,4,relieff,33,0.18345409285714287,-1.0,-1,-1,2.0,1,0.11717454099999713
ionosphere,351,34,280,4,mutual_info,0,0.13054887945328897,-1.0,-1,-1,2.0,1,0.022015375000023596
ionosphere,351,34,280,4,mutual_info,1,0.0,-1.0,-1,-1,2.0,1,0.022015375000023596
ionosphere,351,34,280,4,mutual_info,2,0.2940078945021807,-1.0,-1,-1,2.0,1,0.022015375000023596
ionosphere,351,34,280,4,mutual_info,3,0.22812364801381535,-1.0,-1,-1,2.0,1,0.022015375000023596
ionosphere,351,34,280,4,mutual_info,4,0.2914134268394535,-1.0,-1,-1,2.0,1,0.022015375000023596
ionosphere,351,34,280,4,mutual_info,5,0.3554150086161634,-1.0,-1,-1,2.0,1,0.022015375000023596
ionosphere,351,34,280,4,mutual_info,6,0.2551570061759234,-1.0,-1,-1,2.0,1,0.022015375000023596
ionosphere,351,34,280,4,mutual_info,7,0.2770310941657732,-1.0,-1,-1,2.0,1,0.022015375000023596
ionosphere,351,34,280,4,mutual_info,8,0.1767764891911483,-1.0,-1,-1,2.0,1,0.022015375000023596
ionosphere,351,34,280,4,mutual_info,9,0.17353866187681377,-1.0,-1,-1,2.0,1,0.022015375000023596
ionosphere,351,34,280,4,mutual_info,10,0.16217492773801667,-1.0,-1,-1,2.0,1,0.022015375000023596
ionosphere,351,34,280,4,mutual_info,11,0.19251606677106947,-1.0,-1,-1,2.0,1,0.022015375000023596
ionosphere,351,34,280,4,mutual_info,12,0.24568144554289129,-1.0,-1,-1,2.0,1,0.022015375000023596
ionosphere,351,34,280,4,mutual_info,13,0.24644230518200172,-1.0,-1,-1,2.0,1,0.022015375000023596
ionosphere,351,34,280,4,mutual_info,14,0.2200587694485976,-1.0,-1,-1,2.0,1,0.022015375000023596
ionosphere,351,34,280,4,mutual_info,15,0.22713882826127718,-1.0,-1,-1,2.0,1,0.022015375000023596
ionosphere,351,34,280,4,mutual_info,16,0.22981913628890283,-1.0,-1,-1,2.0,1,0.022015375000023596
ionosphere,351,34,280,4,mutual_info,17,0.18710225524397806,-1.0,-1,-1,2.0,1,0.022015375000023596
ionosphere,351,34,280,4,mutual_info,18,0.1819787906919541,-1.0,-1,-1,2.0,1,0.022015375000023596
ionosphere,351,34,280,4,mutual_info,19,0.18098919956392412,-1.0,-1,-1,2.0,1,0.022015375000023596
ionosphere,351,34,280,4,mutual_info,20,0.3058292877630888,-1.0,-1,-1,2.0,1,0.022015375000023596
ionosphere,351,34,280,4,mutual_info,21,0.24658906728523378,-1.0,-1,-1,2.0,1,0.022015375000023596
ionosphere,351,34,280,4,mutual_info,22,0.24412415018035238,-1.0,-1,-1,2.0,1,0.022015375000023596
ionosphere,351,34,280,4,mutual_info,23,0.2271258260967337,-1.0,-1,-1,2.0,1,0.022015375000023596
ionosphere,351,34,280,4,mutual_info,24,0.23894883209396545,-1.0,-1,-1,2.0,1,0.022015375000023596
ionosphere,351,34,280,4,mutual_info,25,0.18708172919222332,-1.0,-1,-1,2.0,1,0.022015375000023596
ionosphere,351,34,280,4,mutual_info,26,0.2670433960176921,-1.0,-1,-1,2.0,1,0.022015375000023596
ionosphere,351,34,280,4,mutual_info,27,0.20043605413893917,-1.0,-1,-1,2.0,1,0.022015375000023596
ionosphere,351,34,280,4,mutual_info,28,0.2297196852371901,-1.0,-1,-1,2.0,1,0.022015375000023596
ionosphere,351,34,280,4,mutual_info,29,0.19366783782812913,-1.0,-1,-1,2.0,1,0.022015375000023596
ionosphere,351,34,280,4,mutual_info,30,0.2857765550938396,-1.0,-1,-1,2.0,1,0.022015375000023596
ionosphere,351,34,280,4,mutual_info,31,0.2005170696842402,-1.0,-1,-1,2.0,1,0.022015375000023596
ionosphere,351,34,280,4,mutual_info,32,0.268315358356241,-1.0,-1,-1,2.0,1,0.022015375000023596
ionosphere,351,34,280,4,mutual_info,33,0.21575955754341591,-1.0,-1,-1,2.0,1,0.022015375000023596
ionosphere,351,34,280,4,variance,0,1.0485083544095366,-1.0,-1,-1,2.0,1,2.4749999994355676e-05
ionosphere,351,34,280,4,variance,1,0.0,-1.0,-1,-1,2.0,1,2.4749999994355676e-05
ionosphere,351,34,280,4,variance,2,1.0247552974839087,-1.0,-1,-1,2.0,1,2.4749999994355676e-05
ionosphere,351,34,280,4,variance,3,0.9851725252596542,-1.0,-1,-1,2.0,1,2.4749999994355676e-05
ionosphere,351,34,280,4,variance,4,0.9466950825302186,-1.0,-1,-1,2.0,1,2.4749999994355676e-05
ionosphere,351,34,280,4,variance,5,1.001428612433523,-1.0,-1,-1,2.0,1,2.4749999994355676e-05
ionosphere,351,34,280,4,variance,6,1.0133928961522225,-1.0,-1,-1,2.0,1,2.4749999994355676e-05
ionosphere,351,34,280,4,variance,7,0.9747493867750653,-1.0,-1,-1,2.0,1,2.4749999994355676e-05
ionosphere,351,34,280,4,variance,8,0.9685474554444543,-1.0,-1,-1,2.0,1,2.4749999994355676e-05
ionosphere,351,34,280,4,variance,9,0.9912130173671534,-1.0,-1,-1,2.0,1,2.4749999994355676e-05
ionosphere,351,34,280,4,variance,10,0.9294781284132904,-1.0,-1,-1,2.0,1,2.4749999994355676e-05
ionosphere,351,34,280,4,variance,11,1.0538969605261237,-1.0,-1,-1,2.0,1,2.4749999994355676e-05
ionosphere,351,34,280,4,variance,12,1.0019158338111012,-1.0,-1,-1,2.0,1,2.4749999994355676e-05
ionosphere,351,34,280,4,variance,13,1.0228877836994739,-1.0,-1,-1,2.0,1,2.4749999994355676e-05
ionosphere,351,34,280,4,variance,14,0.9543440438786887,-1.0,-1,-1,2.0,1,2.4749999994355676e-05
ionosphere,351,34,280,4,variance,15,0.9480918474719141,-1.0,-1,-1,2.0,1,2.4749999994355676e-05
ionosphere,351,34,280,4,variance,16,0.9746368654631766,-1.0,-1,-1,2.0,1,2.4749999994355676e-05
ionosphere,351,34,280,4,variance,17,1.0257300785803036,-1.0,-1,-1,2.0,1,2.4749999994355676e-05
ionosphere,351,34,280,4,variance,18,0.948323071704851,-1.0,-1,-1,2.0,1,2.4749999994355676e-05
ionosphere,351,34,280,4,variance,19,0.9967320183784943,-1.0,-1,-1,2.0,1,2.4749999994355676e-05
ionosphere,351,34,280,4,variance,20,1.0122148017904318,-1.0,-1,-1,2.0,1,2.4749999994355676e-05
ionosphere,351,34,280,4,variance,21,0.9634786586555336,-1.0,-1,-1,2.0,1,2.4749999994355676e-05
ionosphere,351,34,280,4,variance,22,0.9913783219701859,-1.0,-1,-1,2.0,1,2.4749999994355676e-05
ionosphere,351,34,280,4,variance,23,0.9894865614064218,-1.0,-1,-1,2.0,1,2.4749999994355676e-05
ionosphere,351,34,280,4,variance,24,1.0156801000920583,-1.0,-1,-1,2.0,1,2.4749999994355676e-05
ionosphere,351,34,280,4,variance,25,1.008568134725356,-1.0,-1,-1,2.0,1,2.4749999994355676e-05
ionosphere,351,34,280,4,variance,26,1.0509108632648474,-1.0,-1,-1,2.0,1,2.4749999994355676e-05
ionosphere,351,34,280,4,variance,27,0.9854125774956665,-1.0,-1,-1,2.0,1,2.4749999994355676e-05
ionosphere,351,34,280,4,variance,28,0.9734346778216748,-1.0,-1,-1,2.0,1,2.4749999994355676e-05
ionosphere,351,34,280,4,variance,29,1.0149039256610892,-1.0,-1,-1,2.0,1,2.4749999994355676e-05
ionosphere,351,34,280,4,variance,30,1.0264975134113223,-1.0,-1,-1,2.0,1,2.4749999994355676e-05
ionosphere,351,34,280,4,variance,31,1.0390944124727604,-1.0,-1,-1,2.0,1,2.4749999994355676e-05
ionosphere,351,34,280,4,variance,32,0.9966334779341155,-1.0,-1,-1,2.0,1,2.4749999994355676e-05
ionosphere,351,34,280,4,variance,33,1.0226561390133093,-1.0,-1,-1,2.0,1,2.4749999994355676e-05
sonar,208,60,166,0,pai,0,0.0,11.824422639348326,166,0,2.0,1,0.017877958000013905
sonar,208,60,166,0,pai,1,0.0,14.190737343899288,166,0,2.0,1,0.017877958000013905
sonar,208,60,166,0,pai,2,0.0,15.880789626259233,166,0,2.0,1,0.017877958000013905
sonar,208,60,166,0,pai,3,0.0,18.123067564157807,166,0,2.0,1,0.017877958000013905
sonar,208,60,166,0,pai,4,0.0,14.22991342684136,166,0,2.0,1,0.017877958000013905
sonar,208,60,166,0,pai,5,0.0,12.621434528816458,166,0,2.0,1,0.017877958000013905
sonar,208,60,166,0,pai,6,0.0,11.992371872978172,166,0,2.0,1,0.017877958000013905
sonar,208,60,166,0,pai,7,0.0,10.677215025483047,166,0,2.0,1,0.017877958000013905
sonar,208,60,166,0,pai,8,0.0,11.435851883305721,166,0,2.0,1,0.017877958000013905
sonar,208,60,166,0,pai,9,0.0,10.430135373260516,166,0,2.0,1,0.017877958000013905
sonar,208,60,166,0,pai,10,0.0,10.65526791277686,166,0,2.0,1,0.017877958000013905
sonar,208,60,166,0,pai,11,0.0,9.767067973960298,166,0,2.0,1,0.017877958000013905
sonar,208,60,166,0,pai,12,0.0,9.880329691919794,166,0,2.0,1,0.017877958000013905
sonar,208,60,166,0,pai,13,0.0,9.660006638601232,166,0,2.0,1,0.017877958000013905
sonar,208,60,166,0,pai,14,0.0,9.669530223112268,166,0,2.0,1,0.017877958000013905
sonar,208,60,166,0,pai,15,0.0,8.114091440898989,166,0,2.0,1,0.017877958000013905
sonar,208,60,166,0,pai,16,0.0,7.33797827035214,166,0,2.0,1,0.017877958000013905
sonar,208,60,166,0,pai,17,0.0,7.378308732981794,166,0,2.0,1,0.017877958000013905
sonar,208,60,166,0,pai,18,0.0,7.387103891730172,166,0,2.0,1,0.017877958000013905
sonar,208,60,166,0,pai,19,0.0,7.1322619447717335,166,0,2.0,1,0.017877958000013905
sonar,208,60,166,0,pai,20,0.0,7.37798376368074,166,0,2.0,1,0.017877958000013905
sonar,208,60,166,0,pai,21,0.0,7.295098924856102,166,0,2.0,1,0.017877958000013905
sonar,208,60,166,0,pai,22,0.0,7.562507822717096,166,0,2.0,1,0.017877958000013905
sonar,208,60,166,0,pai,23,0.0,8.183927773199448,166,0,2.0,1,0.017877958000013905
sonar,208,60,166,0,pai,24,0.0,7.862093280452317,166,0,2.0,1,0.017877958000013905
sonar,208,60,166,0,pai,25,0.0,7.147058997883626,166,0,2.0,1,0.017877958000013905
sonar,208,60,166,0,pai,26,0.0,7.447797829824468,166,0,2.0,1,0.017877958000013905
sonar,208,60,166,0,pai,27,0.0,8.212386711757665,166,0,2.0,1,0.017877958000013905
sonar,208,60,166,0,pai,28,0.0,8.224589023046313,166,0,2.0,1,0.017877958000013905
sonar,208,60,166,0,pai,29,0.0,8.525184656593167,166,0,2.0,1,0.017877958000013905
sonar,208,60,166,0,pai,30,0.0,8.595757151300564,166,0,2.0,1,0.017877958000013905
sonar,208,60,166,0,pai,31,0.0,8.369542216059585,166,0,2.0,1,0.017877958000013905
sonar,208,60,166,0,pai,32,0.0,9.08959058783036,166,0,2.0,1,0.017877958000013905
sonar,208,60,166,0,pai,33,0.0,8.083749772071304,166,0,2.0,1,0.017877958000013905
sonar,208,60,166,0,pai,34,0.0,7.564159941186107,166,0,2.0,1,0.017877958000013905
sonar,208,60,166,0,pai,35,0.0,7.529831874376546,166,0,2.0,1,0.017877958000013905
sonar,208,60,166,0,pai,36,0.0,7.6428439989565895,166,0,2.0,1,0.017877958000013905
sonar,208,60,166,0,pai,37,0.0,8.563464837280705,166,0,2.0,1,0.017877958000013905
sonar,208,60,166,0,pai,38,0.0,9.553088387342523,166,0,2.0,1,0.017877958000013905
sonar,208,60,166,0,pai,39,0.0,10.301207003569182,166,0,2.0,1,0.017877958000013905
sonar,208,60,166,0,pai,40,0.0,10.117207317306832,166,0,2.0,1,0.017877958000013905
sonar,208,60,166,0,pai,41,0.0,9.731336980435506,166,0,2.0,1,0.017877958000013905
sonar,208,60,166,0,pai,42,0.0,11.153993445736038,166,0,2.0,1,0.017877958000013905
sonar,208,60,166,0,pai,43,0.0,11.674800784308077,166,0,2.0,1,0.017877958000013905
sonar,208,60,166,0,pai,44,0.0,9.300324767002449,166,0,2.0,1,0.017877958000013905
sonar,208,60,166,0,pai,45,0.0,10.914896160858184,166,0,2.0,1,0.017877958000013905
sonar,208,60,166,0,pai,46,0.0,12.731796447769879,166,0,2.0,1,0.017877958000013905
sonar,208,60,166,0,pai,47,0.0,10.724869575596085,166,0,2.0,1,0.017877958000013905
sonar,208,60,166,0,pai,48,0.0,11.04623083938804,166,0,2.0,1,0.017877958000013905
sonar,208,60,166,0,pai,49,0.0,11.428886588381715,166,0,2.0,1,0.017877958000013905
sonar,208,60,166,0,pai,50,0.0,16.761834867361074,166,0,2.0,1,0.017877958000013905
sonar,208,60,166,0,pai,51,0.0,14.483705811645724,166,0,2.0,1,0.017877958000013905
sonar,208,60,166,0,pai,52,0.0,10.932304957734157,166,0,2.0,1,0.017877958000013905
sonar,208,60,166,0,pai,53,0.0,9.391432787934544,166,0,2.0,1,0.017877958000013905
sonar,208,60,166,0,pai,54,0.997694730758667,7.6372890521094785,166,0,2.0,1,0.017877958000013905
sonar,208,60,166,0,pai,55,0.0,11.254206503959654,166,0,2.0,1,0.017877958000013905
sonar,208,60,166,0,pai,56,0.0,10.63835088345775,166,0,2.0,1,0.017877958000013905
sonar,208,60,166,0,pai,57,0.0,11.58922781197776,166,0,2.0,1,0.017877958000013905
sonar,208,60,166,0,pai,58,0.0,10.735415648230756,166,0,2.0,1,0.017877958000013905
sonar,208,60,166,0,pai,59,0.0,17.254656932248228,166,0,2.0,1,0.017877958000013905
sonar,208,60,166,0,nrs,0,0.012048192771084376,-1.0,-1,-1,2.0,1,0.03417595900000947
sonar,208,60,166,0,nrs,1,0.01807228915662651,-1.0,-1,-1,2.0,1,0.03417595900000947
sonar,208,60,166,0,nrs,2,-0.0060240963855421326,-1.0,-1,-1,2.0,1,0.03417595900000947
sonar,208,60,166,0,nrs,3,0.024096385542168697,-1.0,-1,-1,2.0,1,0.03417595900000947
sonar,208,60,166,0,nrs,4,0.012048192771084376,-1.0,-1,-1,2.0,1,0.03417595900000947
sonar,208,60,166,0,nrs,5,0.01807228915662651,-1.0,-1,-1,2.0,1,0.03417595900000947
sonar,208,60,166,0,nrs,6,0.024096385542168697,-1.0,-1,-1,2.0,1,0.03417595900000947
sonar,208,60,166,0,nrs,7,0.012048192771084376,-1.0,-1,-1,2.0,1,0.03417595900000947
sonar,208,60,166,0,nrs,8,0.030120481927710885,-1.0,-1,-1,2.0,1,0.03417595900000947
sonar,208,60,166,0,nrs,9,0.024096385542168697,-1.0,-1,-1,2.0,1,0.03417595900000947
sonar,208,60,166,0,nrs,10,0.024096385542168697,-1.0,-1,-1,2.0,1,0.03417595900000947
sonar,208,60,166,0,nrs,11,0.01807228915662651,-1.0,-1,-1,2.0,1,0.03417595900000947
sonar,208,60,166,0,nrs,12,0.024096385542168697,-1.0,-1,-1,2.0,1,0.03417595900000947
sonar,208,60,166,0,nrs,13,-0.0060240963855421326,-1.0,-1,-1,2.0,1,0.03417595900000947
sonar,208,60,166,0,nrs,14,-0.01204819277108432,-1.0,-1,-1,2.0,1,0.03417595900000947
sonar,208,60,166,0,nrs,15,-0.0060240963855421326,-1.0,-1,-1,2.0,1,0.03417595900000947
sonar,208,60,166,0,nrs,16,0.0,-1.0,-1,-1,2.0,1,0.03417595900000947
sonar,208,60,166,0,nrs,17,-0.0060240963855421326,-1.0,-1,-1,2.0,1,0.03417595900000947
sonar,208,60,166,0,nrs,18,-0.0060240963855421326,-1.0,-1,-1,2.0,1,0.03417595900000947
sonar,208,60,166,0,nrs,19,0.0,-1.0,-1,-1,2.0,1,0.03417595900000947
sonar,208,60,166,0,nrs,20,0.0,-1.0,-1,-1,2.0,1,0.03417595900000947
sonar,208,60,166,0,nrs,21,-0.0060240963855421326,-1.0,-1,-1,2.0,1,0.03417595900000947
sonar,208,60,166,0,nrs,22,0.006024096385542188,-1.0,-1,-1,2.0,1,0.03417595900000947
sonar,208,60,166,0,nrs,23,-0.01204819277108432,-1.0,-1,-1,2.0,1,0.03417595900000947
sonar,208,60,166,0,nrs,24,-0.0060240963855421326,-1.0,-1,-1,2.0,1,0.03417595900000947
sonar,208,60,166,0,nrs,25,-0.0060240963855421326,-1.0,-1,-1,2.0,1,0.03417595900000947
sonar,208,60,166,0,nrs,26,0.006024096385542188,-1.0,-1,-1,2.0,1,0.03417595900000947
sonar,208,60,166,0,nrs,27,0.0,-1.0,-1,-1,2.0,1,0.03417595900000947
sonar,208,60,166,0,nrs,28,0.0,-1.0,-1,-1,2.0,1,0.03417595900000947
sonar,208,60,166,0,nrs,29,0.012048192771084376,-1.0,-1,-1,2.0,1,0.03417595900000947
sonar,208,60,166,0,nrs,30,0.0,-1.0,-1,-1,2.0,1,0.03417595900000947
sonar,208,60,166,0,nrs,31,0.006024096385542188,-1.0,-1,-1,2.0,1,0.03417595900000947
sonar,208,60,166,0,nrs,32,-0.0060240963855421326,-1.0,-1,-1,2.0,1,0.03417595900000947
sonar,208,60,166,0,nrs,33,-0.01204819277108432,-1.0,-1,-1,2.0,1,0.03417595900000947
sonar,208,60,166,0,nrs,34,-0.0060240963855421326,-1.0,-1,-1,2.0,1,0.03417595900000947
sonar,208,60,166,0,nrs,35,0.006024096385542188,-1.0,-1,-1,2.0,1,0.03417595900000947
sonar,208,60,166,0,nrs,36,0.006024096385542188,-1.0,-1,-1,2.0,1,0.03417595900000947
sonar,208,60,166,0,nrs,37,0.006024096385542188,-1.0,-1,-1,2.0,1,0.03417595900000947
sonar,208,60,166,0,nrs,38,0.01807228915662651,-1.0,-1,-1,2.0,1,0.03417595900000947
sonar,208,60,166,0,nrs,39,0.0,-1.0,-1,-1,2.0,1,0.03417595900000947
sonar,208,60,166,0,nrs,40,0.0,-1.0,-1,-1,2.0,1,0.03417595900000947
sonar,208,60,166,0,nrs,41,0.0,-1.0,-1,-1,2.0,1,0.03417595900000947
sonar,208,60,166,0,nrs,42,0.01807228915662651,-1.0,-1,-1,2.0,1,0.03417595900000947
sonar,208,60,166,0,nrs,43,0.012048192771084376,-1.0,-1,-1,2.0,1,0.03417595900000947
sonar,208,60,166,0,nrs,44,0.012048192771084376,-1.0,-1,-1,2.0,1,0.03417595900000947
sonar,208,60,166,0,nrs,45,0.012048192771084376,-1.0,-1,-1,2.0,1,0.03417595900000947
sonar,208,60,166,0,nrs,46,0.012048192771084376,-1.0,-1,-1,2.0,1,0.03417595900000947
sonar,208,60,166,0,nrs,47,0.012048192771084376,-1.0,-1,-1,2.0,1,0.03417595900000947
sonar,208,60,166,0,nrs,48,0.012048192771084376,-1.0,-1,-1,2.0,1,0.03417595900000947
sonar,208,60,166,0,nrs,49,0.0,-1.0,-1,-1,2.0,1,0.03417595900000947
sonar,208,60,166,0,nrs,50,0.01807228915662651,-1.0,-1,-1,2.0,1,0.03417595900000947
sonar,208,60,166,0,nrs,51,0.012048192771084376,-1.0,-1,-1,2.0,1,0.03417595900000947
sonar,208,60,166,0,nrs,52,0.006024096385542188,-1.0,-1,-1,2.0,1,0.03417595900000947
sonar,208,60,166,0,nrs,53,0.012048192771084376,-1.0,-1,-1,2.0,1,0.03417595900000947
sonar,208,60,166,0,nrs,54,0.0,-1.0,-1,-1,2.0,1,0.03417595900000947
sonar,208,60,166,0,nrs,55,0.0,-1.0,-1,-1,2.0,1,0.03417595900000947
sonar,208,60,166,0,nrs,56,0.0,-1.0,-1,-1,2.0,1,0.03417595900000947
sonar,208,60,166,0,nrs,57,-0.01204819277108432,-1.0,-1,-1,2.0,1,0.03417595900000947
sonar,208,60,166,0,nrs,58,0.006024096385542188,-1.0,-1,-1,2.0,1,0.03417595900000947
sonar,208,60,166,0,nrs,59,-0.01204819277108432,-1.0,-1,-1,2.0,1,0.03417595900000947
sonar,208,60,166,0,relieff,0,0.010685663006006327,-1.0,-1,-1,2.0,1,0.08872599999997988
sonar,208,60,166,0,relieff,1,0.0062621682615588824,-1.0,-1,-1,2.0,1,0.08872599999997988
sonar,208,60,166,0,relieff,2,0.001616452670075835,-1.0,-1,-1,2.0,1,0.08872599999997988
sonar,208,60,166,0,relieff,3,0.0038854419102945267,-1.0,-1,-1,2.0,1,0.08872599999997988
sonar,208,60,166,0,relieff,4,0.008750294100571696,-1.0,-1,-1,2.0,1,0.08872599999997988
sonar,208,60,166,0,relieff,5,0.007122227151012,-1.0,-1,-1,2.0,1,0.08872599999997988
sonar,208,60,166,0,relieff,6,0.0010302573932092056,-1.0,-1,-1,2.0,1,0.08872599999997988
sonar,208,60,166,0,relieff,7,0.022230177601253964,-1.0,-1,-1,2.0,1,0.08872599999997988
sonar,208,60,166,0,relieff,8,0.044297759674861124,-1.0,-1,-1,2.0,1,0.08872599999997988
sonar,208,60,166,0,relieff,9,0.05765257512245465,-1.0,-1,-1,2.0,1,0.08872599999997988
sonar,208,60,166,0,relieff,10,0.06275839213937845,-1.0,-1,-1,2.0,1,0.08872599999997988
sonar,208,60,166,0,relieff,11,0.07080317165496688,-1.0,-1,-1,2.0,1,0.08872599999997988
sonar,208,60,166,0,relieff,12,0.03298849637791125,-1.0,-1,-1,2.0,1,0.08872599999997988
sonar,208,60,166,0,relieff,13,0.007040629394549811,-1.0,-1,-1,2.0,1,0.08872599999997988
sonar,208,60,166,0,relieff,14,0.011156677578298664,-1.0,-1,-1,2.0,1,0.08872599999997988
sonar,208,60,166,0,relieff,15,0.018960037260341286,-1.0,-1,-1,2.0,1,0.08872599999997988
sonar,208,60,166,0,relieff,16,0.016343334169753313,-1.0,-1,-1,2.0,1,0.08872599999997988
sonar,208,60,166,0,relieff,17,0.007765607886089815,-1.0,-1,-1,2.0,1,0.08872599999997988
sonar,208,60,166,0,relieff,18,0.008504964524624905,-1.0,-1,-1,2.0,1,0.08872599999997988
sonar,208,60,166,0,relieff,19,0.012668073836441657,-1.0,-1,-1,2.0,1,0.08872599999997988
sonar,208,60,166,0,relieff,20,0.018503779028423983,-1.0,-1,-1,2.0,1,0.08872599999997988
sonar,208,60,166,0,relieff,21,0.015075639255550825,-1.0,-1,-1,2.0,1,0.08872599999997988
sonar,208,60,166,0,relieff,22,0.01766061810024883,-1.0,-1,-1,2.0,1,0.08872599999997988
sonar,208,60,166,0,relieff,23,0.010418273853533177,-1.0,-1,-1,2.0,1,0.08872599999997988
sonar,208,60,166,0,relieff,24,0.015221050783038469,-1.0,-1,-1,2.0,1,0.08872599999997988
sonar,208,60,166,0,relieff,25,0.01420046984675132,-1.0,-1,-1,2.0,1,0.08872599999997988
sonar,208,60,166,0,relieff,26,0.015165197278264935,-1.0,-1,-1,2.0,1,0.08872599999997988
sonar,208,60,166,0,relieff,27,0.021709191645131368,-1.0,-1,-1,2.0,1,0.08872599999997988
sonar,208,60,166,0,relieff,28,0.018103827648255365,-1.0,-1,-1,2.0,1,0.08872599999997988
sonar,208,60,166,0,relieff,29,0.013226636170761667,-1.0,-1,-1,2.0,1,0.08872599999997988
sonar,208,60,166,0,relieff,30,0.022636814287121245,-1.0,-1,-1,2.0,1,0.08872599999997988
sonar,208,60,166,0,relieff,31,0.024434403531898883,-1.0,-1,-1,2.0,1,0.08872599999997988
sonar,208,60,166,0,relieff,32,0.0124295322912927,-1.0,-1,-1,2.0,1,0.08872599999997988
sonar,208,60,166,0,relieff,33,0.017648909666981943,-1.0,-1,-1,2.0,1,0.08872599999997988
sonar,208,60,166,0,relieff,34,0.014478842032752053,-1.0,-1,-1,2.0,1,0.08872599999997988
sonar,208,60,166,0,relieff,35,0.047689589001165954,-1.0,-1,-1,2.0,1,0.08872599999997988
sonar,208,60,166,0,relieff,36,0.030542880026557147,-1.0,-1,-1,2.0,1,0.08872599999997988
sonar,208,60,166,0,relieff,37,0.011882243715987395,-1.0,-1,-1,2.0,1,0.08872599999997988
sonar,208,60,166,0,relieff,38,0.009621280822213581,-1.0,-1,-1,2.0,1,0.08872599999997988
sonar,208,60,166,0,relieff,39,0.011022258970522612,-1.0,-1,-1,2.0,1,0.08872599999997988
sonar,208,60,166,0,relieff,40,0.020097041321045617,-1.0,-1,-1,2.0,1,0.08872599999997988
sonar,208,60,166,0,relieff,41,0.019830016034835325,-1.0,-1,-1,2.0,1,0.08872599999997988
sonar,208,60,166,0,relieff,42,0.02133720450144039,-1.0,-1,-1,2.0,1,0.08872599999997988
sonar,208,60,166,0,relieff,43,0.027666295172961874,-1.0,-1,-1,2.0,1,0.08872599999997988
sonar,208,60,166,0,relieff,44,0.03614646244917114,-1.0,-1,-1,2.0,1,0.08872599999997988
sonar,208,60,166,0,relieff,45,0.031137027539670455,-1.0,-1,-1,2.0,1,0.08872599999997988
sonar,208,60,166,0,relieff,46,0.029663601890357518,-1.0,-1,-1,2.0,1,0.08872599999997988
sonar,208,60,166,0,relieff,47,0.03716465141789079,-1.0,-1,-1,2.0,1,0.08872599999997988
sonar,208,60,166,0,relieff,48,0.03734088296649495,-1.0,-1,-1,2.0,1,0.08872599999997988
sonar,208,60,166,0,relieff,49,0.010056142413041124,-1.0,-1,-1,2.0,1,0.08872599999997988
sonar,208,60,166,0,relieff,50,0.01314981039696635,-1.0,-1,-1,2.0,1,0.08872599999997988
sonar,208,60,166,0,relieff,51,0.01682678991829387,-1.0,-1,-1,2.0,1,0.08872599999997988
sonar,208,60,166,0,relieff,52,0.007016116413706769,-1.0,-1,-1,2.0,1,0.08872599999997988
sonar,208,60,166,0,relieff,53,0.012254280279010777,-1.0,-1,-1,2.0,1,0.08872599999997988
sonar,208,60,166,0,relieff,54,0.001360999553770636,-1.0,-1,-1,2.0,1,0.08872599999997988
sonar,208,60,166,0,relieff,55,-0.002035471076854,-1.0,-1,-1,2.0,1,0.08872599999997988
sonar,208,60,166,0,relieff,56,-0.000682861740120089,-1.0,-1,-1,2.0,1,0.08872599999997988
sonar,208,60,166,0,relieff,57,0.002830036724437858,-1.0,-1,-1,2.0,1,0.08872599999997988
sonar,208,60,166,0,relieff,58,0.00646452881010446,-1.0,-1,-1,2.0,1,0.08872599999997988
sonar,208,60,166,0,relieff,59,0.0046926736970978565,-1.0,-1,-1,2.0,1,0.08872599999997988
sonar,208,60,166,0,mutual_info,0,0.0667383363192866,-1.0,-1,-1,2.0,1,0.0333402910000018
sonar,208,60,166,0,mutual_info,1,0.0,-1.0,-1,-1,2.0,1,0.0333402910000018
sonar,208,60,166,0,mutual_info,2,0.0,-1.0,-1,-1,2.0,1,0.0333402910000018
sonar,208,60,166,0,mutual_info,3,0.0,-1.0,-1,-1,2.0,1,0.0333402910000018
sonar,208,60,166,0,mutual_info,4,0.07738719276992634,-1.0,-1,-1,2.0,1,0.0333402910000018
sonar,208,60,166,0,mutual_info,5,0.0,-1.0,-1,-1,2.0,1,0.0333402910000018
sonar,208,60,166,0,mutual_info,6,0.0,-1.0,-1,-1,2.0,1,0.0333402910000018
sonar,208,60,166,0,mutual_info,7,0.04287554760001333,-1.0,-1,-1,2.0,1,0.0333402910000018
sonar,208,60,166,0,mutual_info,8,0.10251481187769396,-1.0,-1,-1,2.0,1,0.0333402910000018
sonar,208,60,166,0,mutual_info,9,0.066690125446353,-1.0,-1,-1,2.0,1,0.0333402910000018
sonar,208,60,166,0,mutual_info,10,0.07636163086854508,-1.0,-1,-1,2.0,1,0.0333402910000018
sonar,208,60,166,0,mutual_info,11,0.11344493999873739,-1.0,-1,-1,2.0,1,0.0333402910000018
sonar,208,60,166,0,mutual_info,12,0.005256773154520333,-1.0,-1,-1,2.0,1,0.0333402910000018
sonar,208,60,166,0,mutual_info,13,0.0,-1.0,-1,-1,2.0,1,0.0333402910000018
sonar,208,60,166,0,mutual_info,14,0.08339644394124979,-1.0,-1,-1,2.0,1,0.0333402910000018
sonar,208,60,166,0,mutual_info,15,0.083220320749535,-1.0,-1,-1,2.0,1,0.0333402910000018
sonar,208,60,166,0,mutual_info,16,0.006106484019291258,-1.0,-1,-1,2.0,1,0.0333402910000018
sonar,208,60,166,0,mutual_info,17,0.0,-1.0,-1,-1,2.0,1,0.0333402910000018
sonar,208,60,166,0,mutual_info,18,0.024298683386189346,-1.0,-1,-1,2.0,1,0.0333402910000018
sonar,208,60,166,0,mutual_info,19,0.013687256660305014,-1.0,-1,-1,2.0,1,0.0333402910000018
sonar,208,60,166,0,mutual_info,20,0.06130549167316457,-1.0,-1,-1,2.0,1,0.0333402910000018
sonar,208,60,166,0,mutual_info,21,0.0,-1.0,-1,-1,2.0,1,0.0333402910000018
sonar,208,60,166,0,mutual_info,22,0.021043297731935695,-1.0,-1,-1,2.0,1,0.0333402910000018
sonar,208,60,166,0,mutual_info,23,0.03244131886316226,-1.0,-1,-1,2.0,1,0.0333402910000018
sonar,208,60,166,0,mutual_info,24,0.012773361318698662,-1.0,-1,-1,2.0,1,0.0333402910000018
sonar,208,60,166,0,mutual_info,25,0.011682684926817455,-1.0,-1,-1,2.0,1,0.0333402910000018
sonar,208,60,166,0,mutual_info,26,0.0,-1.0,-1,-1,2.0,1,0.0333402910000018
sonar,208,60,166,0,mutual_info,27,0.038897511969411935,-1.0,-1,-1,2.0,1,0.0333402910000018
sonar,208,60,166,0,mutual_info,28,0.03235222747101041,-1.0,-1,-1,2.0,1,0.0333402910000018
sonar,208,60,166,0,mutual_info,29,0.06961050008354808,-1.0,-1,-1,2.0,1,0.0333402910000018
sonar,208,60,166,0,mutual_info,30,0.03030313743281221,-1.0,-1,-1,2.0,1,0.0333402910000018
sonar,208,60,166,0,mutual_info,31,0.0705530726447936,-1.0,-1,-1,2.0,1,0.0333402910000018
sonar,208,60,166,0,mutual_info,32,0.0,-1.0,-1,-1,2.0,1,0.0333402910000018
sonar,208,60,166,0,mutual_info,33,0.0,-1.0,-1,-1,2.0,1,0.0333402910000018
sonar,208,60,166,0,mutual_info,34,0.004490990648930326,-1.0,-1,-1,2.0,1,0.0333402910000018
sonar,208,60,166,0,mutual_info,35,0.0799726124407929,-1.0,-1,-1,2.0,1,0.0333402910000018
sonar,208,60,166,0,mutual_info,36,0.044483929437049596,-1.0,-1,-1,2.0,1,0.0333402910000018
sonar,208,60,166,0,mutual_info,37,0.032739071645854434,-1.0,-1,-1,2.0,1,0.0333402910000018
sonar,208,60,166,0,mutual_info,38,0.005543208606618277,-1.0,-1,-1,2.0,1,0.0333402910000018
sonar,208,60,166,0,mutual_info,39,0.04819559470779944,-1.0,-1,-1,2.0,1,0.0333402910000018
sonar,208,60,166,0,mutual_info,40,0.0,-1.0,-1,-1,2.0,1,0.0333402910000018
sonar,208,60,166,0,mutual_info,41,0.0,-1.0,-1,-1,2.0,1,0.0333402910000018
sonar,208,60,166,0,mutual_info,42,0.06405802336784516,-1.0,-1,-1,2.0,1,0.0333402910000018
sonar,208,60,166,0,mutual_info,43,0.008903225264874193,-1.0,-1,-1,2.0,1,0.0333402910000018
sonar,208,60,166,0,mutual_info,44,0.022700572416973985,-1.0,-1,-1,2.0,1,0.0333402910000018
sonar,208,60,166,0,mutual_info,45,0.08747860026309251,-1.0,-1,-1,2.0,1,0.0333402910000018
sonar,208,60,166,0,mutual_info,46,0.03309940162613523,-1.0,-1,-1,2.0,1,0.0333402910000018
sonar,208,60,166,0,mutual_info,47,0.07355537365196252,-1.0,-1,-1,2.0,1,0.0333402910000018
sonar,208,60,166,0,mutual_info,48,0.11039128692293709,-1.0,-1,-1,2.0,1,0.0333402910000018
sonar,208,60,166,0,mutual_info,49,0.0025122369009475953,-1.0,-1,-1,2.0,1,0.0333402910000018
sonar,208,60,166,0,mutual_info,50,0.012981506685419753,-1.0,-1,-1,2.0,1,0.0333402910000018
sonar,208,60,166,0,mutual_info,51,0.04571067634948034,-1.0,-1,-1,2.0,1,0.0333402910000018
sonar,208,60,166,0,mutual_info,52,0.01010802720403814,-1.0,-1,-1,2.0,1,0.0333402910000018
sonar,208,60,166,0,mutual_info,53,0.057605052385329536,-1.0,-1,-1,2.0,1,0.0333402910000018
sonar,208,60,166,0,mutual_info,54,0.08761643746847225,-1.0,-1,-1,2.0,1,0.0333402910000018
sonar,208,60,166,0,mutual_info,55,0.0014368731749814234,-1.0,-1,-1,2.0,1,0.0333402910000018
sonar,208,60,166,0,mutual_info,56,0.0,-1.0,-1,-1,2.0,1,0.0333402910000018
sonar,208,60,166,0,mutual_info,57,0.01801821686475935,-1.0,-1,-1,2.0,1,0.0333402910000018
sonar,208,60,166,0,mutual_info,58,0.03649723617209211,-1.0,-1,-1,2.0,1,0.0333402910000018
sonar,208,60,166,0,mutual_info,59,0.05746907724935468,-1.0,-1,-1,2.0,1,0.0333402910000018
sonar,208,60,166,0,variance,0,1.0871124352399213,-1.0,-1,-1,2.0,1,2.541700001756908e-05
sonar,208,60,166,0,variance,1,1.1274082195645139,-1.0,-1,-1,2.0,1,2.541700001756908e-05
sonar,208,60,166,0,variance,2,1.1111397856970981,-1.0,-1,-1,2.0,1,2.541700001756908e-05
sonar,208,60,166,0,variance,3,1.1188973429873486,-1.0,-1,-1,2.0,1,2.541700001756908e-05
sonar,208,60,166,0,variance,4,1.0883367262478678,-1.0,-1,-1,2.0,1,2.541700001756908e-05
sonar,208,60,166,0,variance,5,1.1314809940624089,-1.0,-1,-1,2.0,1,2.541700001756908e-05
sonar,208,60,166,0,variance,6,1.030530467041664,-1.0,-1,-1,2.0,1,2.541700001756908e-05
sonar,208,60,166,0,variance,7,1.0134366218649948,-1.0,-1,-1,2.0,1,2.541700001756908e-05
sonar,208,60,166,0,variance,8,1.0588917295458162,-1.0,-1,-1,2.0,1,2.541700001756908e-05
sonar,208,60,166,0,variance,9,1.0553684611209968,-1.0,-1,-1,2.0,1,2.541700001756908e-05
sonar,208,60,166,0,variance,10,1.0417888116313314,-1.0,-1,-1,2.0,1,2.541700001756908e-05
sonar,208,60,166,0,variance,11,0.9992559414232915,-1.0,-1,-1,2.0,1,2.541700001756908e-05
sonar,208,60,166,0,variance,12,1.019057532557173,-1.0,-1,-1,2.0,1,2.541700001756908e-05
sonar,208,60,166,0,variance,13,0.9403839522478042,-1.0,-1,-1,2.0,1,2.541700001756908e-05
sonar,208,60,166,0,variance,14,0.9878063394295084,-1.0,-1,-1,2.0,1,2.541700001756908e-05
sonar,208,60,166,0,variance,15,0.9960557018239105,-1.0,-1,-1,2.0,1,2.541700001756908e-05
sonar,208,60,166,0,variance,16,1.0048503064955954,-1.0,-1,-1,2.0,1,2.541700001756908e-05
sonar,208,60,166,0,variance,17,1.0174775289624816,-1.0,-1,-1,2.0,1,2.541700001756908e-05
sonar,208,60,166,0,variance,18,1.0217355111142412,-1.0,-1,-1,2.0,1,2.541700001756908e-05
sonar,208,60,166,0,variance,19,1.0218166151499868,-1.0,-1,-1,2.0,1,2.541700001756908e-05
sonar,208,60,166,0,variance,20,1.0417962994004826,-1.0,-1,-1,2.0,1,2.541700001756908e-05
sonar,208,60,166,0,variance,21,1.0073603263551496,-1.0,-1,-1,2.0,1,2.541700001756908e-05
sonar,208,60,166,0,variance,22,1.02417651887515,-1.0,-1,-1,2.0,1,2.541700001756908e-05
sonar,208,60,166,0,variance,23,1.0244241710221396,-1.0,-1,-1,2.0,1,2.541700001756908e-05
sonar,208,60,166,0,variance,24,1.0114652397403479,-1.0,-1,-1,2.0,1,2.541700001756908e-05
sonar,208,60,166,0,variance,25,1.0355503794127017,-1.0,-1,-1,2.0,1,2.541700001756908e-05
sonar,208,60,166,0,variance,26,1.0692065435272797,-1.0,-1,-1,2.0,1,2.541700001756908e-05
sonar,208,60,166,0,variance,27,1.0324129164027271,-1.0,-1,-1,2.0,1,2.541700001756908e-05
sonar,208,60,166,0,variance,28,1.0338446232884877,-1.0,-1,-1,2.0,1,2.541700001756908e-05
sonar,208,60,166,0,variance,29,1.068601805934097,-1.0,-1,-1,2.0,1,2.541700001756908e-05
sonar,208,60,166,0,variance,30,1.0515283729794291,-1.0,-1,-1,2.0,1,2.541700001756908e-05
sonar,208,60,166,0,variance,31,0.9645589481942394,-1.0,-1,-1,2.0,1,2.541700001756908e-05
sonar,208,60,166,0,variance,32,0.9477528170827968,-1.0,-1,-1,2.0,1,2.541700001756908e-05
sonar,208,60,166,0,variance,33,0.9492778283246692,-1.0,-1,-1,2.0,1,2.541700001756908e-05
sonar,208,60,166,0,variance,34,0.9974580454785016,-1.0,-1,-1,2.0,1,2.541700001756908e-05
sonar,208,60,166,0,variance,35,1.030460651152715,-1.0,-1,-1,2.0,1,2.541700001756908e-05
sonar,208,60,166,0,variance,36,1.0244919083318564,-1.0,-1,-1,2.0,1,2.541700001756908e-05
sonar,208,60,166,0,variance,37,1.027323660242621,-1.0,-1,-1,2.0,1,2.541700001756908e-05
sonar,208,60,166,0,variance,38,1.0102762525288729,-1.0,-1,-1,2.0,1,2.541700001756908e-05
sonar,208,60,166,0,variance,39,1.0434013702623068,-1.0,-1,-1,2.0,1,2.541700001756908e-05
sonar,208,60,166,0,variance,40,0.9885923726405621,-1.0,-1,-1,2.0,1,2.541700001756908e-05
sonar,208,60,166,0,variance,41,1.0047351855053501,-1.0,-1,-1,2.0,1,2.541700001756908e-05
sonar,208,60,166,0,variance,42,1.008400946133515,-1.0,-1,-1,2.0,1,2.541700001756908e-05
sonar,208,60,166,0,variance,43,1.0127314586820422,-1.0,-1,-1,2.0,1,2.541700001756908e-05
sonar,208,60,166,0,variance,44,1.0010824489539913,-1.0,-1,-1,2.0,1,2.541700001756908e-05
sonar,208,60,166,0,variance,45,0.9767236302565983,-1.0,-1,-1,2.0,1,2.541700001756908e-05
sonar,208,60,166,0,variance,46,0.9849210328109775,-1.0,-1,-1,2.0,1,2.541700001756908e-05
sonar,208,60,166,0,variance,47,1.0409414841555995,-1.0,-1,-1,2.0,1,2.541700001756908e-05
sonar,208,60,166,0,variance,48,0.9938975599073124,-1.0,-1,-1,2.0,1,2.541700001756908e-05
sonar,208,60,166,0,variance,49,0.9067016696148745,-1.0,-1,-1,2.0,1,2.541700001756908e-05
sonar,208,60,166,0,variance,50,0.9657599104702137,-1.0,-1,-1,2.0,1,2.541700001756908e-05
sonar,208,60,166,0,variance,51,1.0888868523458362,-1.0,-1,-1,2.0,1,2.541700001756908e-05
sonar,208,60,166,0,variance,52,1.041852667893655,-1.0,-1,-1,2.0,1,2.541700001756908e-05
sonar,208,60,166,0,variance,53,0.9926907981299192,-1.0,-1,-1,2.0,1,2.541700001756908e-05
sonar,208,60,166,0,variance,54,0.7189766603125327,-1.0,-1,-1,2.0,1,2.541700001756908e-05
sonar,208,60,166,0,variance,55,0.9325339045719804,-1.0,-1,-1,2.0,1,2.541700001756908e-05
sonar,208,60,166,0,variance,56,0.852092517704027,-1.0,-1,-1,2.0,1,2.541700001756908e-05
sonar,208,60,166,0,variance,57,0.8252080441351813,-1.0,-1,-1,2.0,1,2.541700001756908e-05
sonar,208,60,166,0,variance,58,0.8977469388707663,-1.0,-1,-1,2.0,1,2.541700001756908e-05
sonar,208,60,166,0,variance,59,1.0412777388920045,-1.0,-1,-1,2.0,1,2.541700001756908e-05
sonar,208,60,166,1,pai,0,0.9841067790985107,11.31865824916971,166,0,2.0,1,0.01799999999997226
sonar,208,60,166,1,pai,1,0.9759537577629089,14.123828595171087,166,0,2.0,1,0.01799999999997226
sonar,208,60,166,1,pai,2,0.0,15.880789626259233,166,0,2.0,1,0.01799999999997226
sonar,208,60,166,1,pai,3,0.0,18.110140982443003,166,0,2.0,1,0.01799999999997226
sonar,208,60,166,1,pai,4,0.0,14.22991342684136,166,0,2.0,1,0.01799999999997226
sonar,208,60,166,1,pai,5,0.0,12.621434528816458,166,0,2.0,1,0.01799999999997226
sonar,208,60,166,1,pai,6,0.9966805577278137,11.992371872978172,166,0,2.0,1,0.01799999999997226
sonar,208,60,166,1,pai,7,0.0,10.620709367134296,166,0,2.0,1,0.01799999999997226
sonar,208,60,166,1,pai,8,0.0,11.364727082609907,166,0,2.0,1,0.01799999999997226
sonar,208,60,166,1,pai,9,0.0,9.069877478163477,166,0,2.0,1,0.01799999999997226
sonar,208,60,166,1,pai,10,0.0,9.64760256500681,166,0,2.0,1,0.01799999999997226
sonar,208,60,166,1,pai,11,0.0,9.767067973960298,166,0,2.0,1,0.01799999999997226
sonar,208,60,166,1,pai,12,0.9689599275588989,8.759601349148411,166,0,2.0,1,0.01799999999997226
sonar,208,60,166,1,pai,13,0.9655332565307617,11.819947555143994,166,0,2.0,1,0.01799999999997226
sonar,208,60,166,1,pai,14,0.9924724698066711,9.669530223112268,166,0,2.0,1,0.01799999999997226
sonar,208,60,166,1,pai,15,0.0,8.243351606163948,166,0,2.0,1,0.01799999999997226
sonar,208,60,166,1,pai,16,0.0,7.324292267982816,166,0,2.0,1,0.01799999999997226
sonar,208,60,166,1,pai,17,0.0,7.378308732981794,166,0,2.0,1,0.01799999999997226
sonar,208,60,166,1,pai,18,0.0,7.191274922582686,166,0,2.0,1,0.01799999999997226
sonar,208,60,166,1,pai,19,0.0,7.068144863932604,166,0,2.0,1,0.01799999999997226
sonar,208,60,166,1,pai,20,0.0,7.37798376368074,166,0,2.0,1,0.01799999999997226
sonar,208,60,166,1,pai,21,0.0,7.663340412846905,166,0,2.0,1,0.01799999999997226
sonar,208,60,166,1,pai,22,0.0,7.479165572683973,166,0,2.0,1,0.01799999999997226
sonar,208,60,166,1,pai,23,0.0,7.963420345235976,166,0,2.0,1,0.01799999999997226
sonar,208,60,166,1,pai,24,0.0,7.988967248018179,166,0,2.0,1,0.01799999999997226
sonar,208,60,166,1,pai,25,0.0,7.672714750122436,166,0,2.0,1,0.01799999999997226
sonar,208,60,166,1,pai,26,0.0,7.768528111121972,166,0,2.0,1,0.01799999999997226
sonar,208,60,166,1,pai,27,0.0,8.212386711757665,166,0,2.0,1,0.01799999999997226
sonar,208,60,166,1,pai,28,0.0,8.224589023046313,166,0,2.0,1,0.01799999999997226
sonar,208,60,166,1,pai,29,0.9994351267814636,8.525184656593167,166,0,2.0,1,0.01799999999997226
sonar,208,60,166,1,pai,30,0.0,8.594820284036118,166,0,2.0,1,0.01799999999997226
sonar,208,60,166,1,pai,31,0.0,8.23979644816291,166,0,2.0,1,0.01799999999997226
sonar,208,60,166,1,pai,32,0.0,9.244918420154706,166,0,2.0,1,0.01799999999997226
sonar,208,60,166,1,pai,33,0.0,8.002253367247762,166,0,2.0,1,0.01799999999997226
sonar,208,60,166,1,pai,34,0.0,7.564159941186107,166,0,2.0,1,0.01799999999997226
sonar,208,60,166,1,pai,35,0.0,7.529831874376546,166,0,2.0,1,0.01799999999997226
sonar,208,60,166,1,pai,36,0.0,7.577663391924158,166,0,2.0,1,0.01799999999997226
sonar,208,60,166,1,pai,37,0.0,9.052967059484287,166,0,2.0,1,0.01799999999997226
sonar,208,60,166,1,pai,38,0.0,9.553088387342523,166,0,2.0,1,0.01799999999997226
sonar,208,60,166,1,pai,39,0.0,10.155329344477245,166,0,2.0,1,0.01799999999997226
sonar,208,60,166,1,pai,40,0.0,8.659673338994185,166,0,2.0,1,0.01799999999997226
sonar,208,60,166,1,pai,41,0.0,9.731336980435506,166,0,2.0,1,0.01799999999997226
sonar,208,60,166,1,pai,42,0.0,11.153993445736038,166,0,2.0,1,0.01799999999997226
sonar,208,60,166,1,pai,43,0.9740397930145264,11.674800784308077,166,0,2.0,1,0.01799999999997226
sonar,208,60,166,1,pai,44,0.9744116067886353,9.300324767002449,166,0,2.0,1,0.01799999999997226
sonar,208,60,166,1,pai,45,0.0,9.30131167629906,166,0,2.0,1,0.01799999999997226
sonar,208,60,166,1,pai,46,0.0,9.381687748275196,166,0,2.0,1,0.01799999999997226
sonar,208,60,166,1,pai,47,0.0,9.459341389676691,166,0,2.0,1,0.01799999999997226
sonar,208,60,166,1,pai,48,0.0,8.832523800903916,166,0,2.0,1,0.01799999999997226
sonar,208,60,166,1,pai,49,0.9963083267211914,12.103763074987057,166,0,2.0,1,0.01799999999997226
sonar,208,60,166,1,pai,50,0.0,8.013626231407684,166,0,2.0,1,0.01799999999997226
sonar,208,60,166,1,pai,51,0.0,9.302035197996606,166,0,2.0,1,0.01799999999997226
sonar,208,60,166,1,pai,52,0.0,10.108832636242493,166,0,2.0,1,0.01799999999997226
sonar,208,60,166,1,pai,53,0.0,9.391432787934544,166,0,2.0,1,0.01799999999997226
sonar,208,60,166,1,pai,54,0.997694730758667,12.474238785112147,166,0,2.0,1,0.01799999999997226
sonar,208,60,166,1,pai,55,0.0,13.560969327752629,166,0,2.0,1,0.01799999999997226
sonar,208,60,166,1,pai,56,0.9870139360427856,11.989802624353032,166,0,2.0,1,0.01799999999997226
sonar,208,60,166,1,pai,57,0.0,13.541423940733374,166,0,2.0,1,0.01799999999997226
sonar,208,60,166,1,pai,58,0.0,10.735415648230756,166,0,2.0,1,0.01799999999997226
sonar,208,60,166,1,pai,59,0.9641339182853699,17.254656932248228,166,0,2.0,1,0.01799999999997226
sonar,208,60,166,1,nrs,0,0.0,-1.0,-1,-1,2.0,1,0.034584916999989446
sonar,208,60,166,1,nrs,1,0.01204819277108432,-1.0,-1,-1,2.0,1,0.034584916999989446
sonar,208,60,166,1,nrs,2,-0.006024096385542188,-1.0,-1,-1,2.0,1,0.034584916999989446
sonar,208,60,166,1,nrs,3,0.006024096385542188,-1.0,-1,-1,2.0,1,0.034584916999989446
sonar,208,60,166,1,nrs,4,0.006024096385542188,-1.0,-1,-1,2.0,1,0.034584916999989446
sonar,208,60,166,1,nrs,5,0.006024096385542188,-1.0,-1,-1,2.0,1,0.034584916999989446
sonar,208,60,166,1,nrs,6,0.0,-1.0,-1,-1,2.0,1,0.034584916999989446
sonar,208,60,166,1,nrs,7,-0.006024096385542188,-1.0,-1,-1,2.0,1,0.034584916999989446
sonar,208,60,166,1,nrs,8,0.0,-1.0,-1,-1,2.0,1,0.034584916999989446
sonar,208,60,166,1,nrs,9,0.006024096385542188,-1.0,-1,-1,2.0,1,0.034584916999989446
sonar,208,60,166,1,nrs,10,0.042168674698795205,-1.0,-1,-1,2.0,1,0.034584916999989446
sonar,208,60,166,1,nrs,11,0.01807228915662651,-1.0,-1,-1,2.0,1,0.034584916999989446
sonar,208,60,166,1,nrs,12,0.0,-1.0,-1,-1,2.0,1,0.034584916999989446
sonar,208,60,166,1,nrs,13,-0.006024096385542188,-1.0,-1,-1,2.0,1,0.034584916999989446
sonar,208,60,166,1,nrs,14,0.0,-1.0,-1,-1,2.0,1,0.034584916999989446
sonar,208,60,166,1,nrs,15,-0.006024096385542188,-1.0,-1,-1,2.0,1,0.034584916999989446
sonar,208,60,166,1,nrs,16,0.0,-1.0,-1,-1,2.0,1,0.034584916999989446
sonar,208,60,166,1,nrs,17,0.0,-1.0,-1,-1,2.0,1,0.034584916999989446
sonar,208,60,166,1,nrs,18,-0.006024096385542188,-1.0,-1,-1,2.0,1,0.034584916999989446
sonar,208,60,166,1,nrs,19,0.0,-1.0,-1,-1,2.0,1,0.034584916999989446
sonar,208,60,166,1,nrs,20,-0.01204819277108432,-1.0,-1,-1,2.0,1,0.034584916999989446
sonar,208,60,166,1,nrs,21,-0.03012048192771083,-1.0,-1,-1,2.0,1,0.034584916999989446
sonar,208,60,166,1,nrs,22,-0.01204819277108432,-1.0,-1,-1,2.0,1,0.034584916999989446
sonar,208,60,166,1,nrs,23,0.0,-1.0,-1,-1,2.0,1,0.034584916999989446
sonar,208,60,166,1,nrs,24,-0.01204819277108432,-1.0,-1,-1,2.0,1,0.034584916999989446
sonar,208,60,166,1,nrs,25,-0.006024096385542188,-1.0,-1,-1,2.0,1,0.034584916999989446
sonar,208,60,166,1,nrs,26,-0.01204819277108432,-1.0,-1,-1,2.0,1,0.034584916999989446
sonar,208,60,166,1,nrs,27,-0.006024096385542188,-1.0,-1,-1,2.0,1,0.034584916999989446
sonar,208,60,166,1,nrs,28,0.006024096385542188,-1.0,-1,-1,2.0,1,0.034584916999989446
sonar,208,60,166,1,nrs,29,0.006024096385542188,-1.0,-1,-1,2.0,1,0.034584916999989446
sonar,208,60,166,1,nrs,30,0.0,-1.0,-1,-1,2.0,1,0.034584916999989446
sonar,208,60,166,1,nrs,31,-0.006024096385542188,-1.0,-1,-1,2.0,1,0.034584916999989446
sonar,208,60,166,1,nrs,32,-0.006024096385542188,-1.0,-1,-1,2.0,1,0.034584916999989446
sonar,208,60,166,1,nrs,33,-0.01204819277108432,-1.0,-1,-1,2.0,1,0.034584916999989446
sonar,208,60,166,1,nrs,34,-0.01807228915662651,-1.0,-1,-1,2.0,1,0.034584916999989446
sonar,208,60,166,1,nrs,35,-0.01807228915662651,-1.0,-1,-1,2.0,1,0.034584916999989446
sonar,208,60,166,1,nrs,36,-0.01807228915662651,-1.0,-1,-1,2.0,1,0.034584916999989446
sonar,208,60,166,1,nrs,37,-0.006024096385542188,-1.0,-1,-1,2.0,1,0.034584916999989446
sonar,208,60,166,1,nrs,38,0.0,-1.0,-1,-1,2.0,1,0.034584916999989446
sonar,208,60,166,1,nrs,39,-0.01807228915662651,-1.0,-1,-1,2.0,1,0.034584916999989446
sonar,208,60,166,1,nrs,40,-0.01204819277108432,-1.0,-1,-1,2.0,1,0.034584916999989446
sonar,208,60,166,1,nrs,41,-0.01204819277108432,-1.0,-1,-1,2.0,1,0.034584916999989446
sonar,208,60,166,1,nrs,42,-0.01204819277108432,-1.0,-1,-1,2.0,1,0.034584916999989446
sonar,208,60,166,1,nrs,43,-0.006024096385542188,-1.0,-1,-1,2.0,1,0.034584916999989446
sonar,208,60,166,1,nrs,44,-0.006024096385542188,-1.0,-1,-1,2.0,1,0.034584916999989446
sonar,208,60,166,1,nrs,45,0.0,-1.0,-1,-1,2.0,1,0.034584916999989446
sonar,208,60,166,1,nrs,46,0.01204819277108432,-1.0,-1,-1,2.0,1,0.034584916999989446
sonar,208,60,166,1,nrs,47,0.006024096385542188,-1.0,-1,-1,2.0,1,0.034584916999989446
sonar,208,60,166,1,nrs,48,0.006024096385542188,-1.0,-1,-1,2.0,1,0.034584916999989446
sonar,208,60,166,1,nrs,49,0.0,-1.0,-1,-1,2.0,1,0.034584916999989446
sonar,208,60,166,1,nrs,50,0.0,-1.0,-1,-1,2.0,1,0.034584916999989446
sonar,208,60,166,1,nrs,51,0.01807228915662651,-1.0,-1,-1,2.0,1,0.034584916999989446
sonar,208,60,166,1,nrs,52,0.024096385542168697,-1.0,-1,-1,2.0,1,0.034584916999989446
sonar,208,60,166,1,nrs,53,0.0,-1.0,-1,-1,2.0,1,0.034584916999989446
sonar,208,60,166,1,nrs,54,0.006024096385542188,-1.0,-1,-1,2.0,1,0.034584916999989446
sonar,208,60,166,1,nrs,55,0.006024096385542188,-1.0,-1,-1,2.0,1,0.034584916999989446
sonar,208,60,166,1,nrs,56,0.006024096385542188,-1.0,-1,-1,2.0,1,0.034584916999989446
sonar,208,60,166,1,nrs,57,-0.006024096385542188,-1.0,-1,-1,2.0,1,0.034584916999989446
sonar,208,60,166,1,nrs,58,0.01204819277108432,-1.0,-1,-1,2.0,1,0.034584916999989446
sonar,208,60,166,1,nrs,59,0.006024096385542188,-1.0,-1,-1,2.0,1,0.034584916999989446
sonar,208,60,166,1,relieff,0,0.004606716542595649,-1.0,-1,-1,2.0,1,0.08857033300000694
sonar,208,60,166,1,relieff,1,-0.00032585120845137166,-1.0,-1,-1,2.0,1,0.08857033300000694
sonar,208,60,166,1,relieff,2,0.00019611956366860463,-1.0,-1,-1,2.0,1,0.08857033300000694
sonar,208,60,166,1,relieff,3,0.004963608896685958,-1.0,-1,-1,2.0,1,0.08857033300000694
sonar,208,60,166,1,relieff,4,0.013343304743192903,-1.0,-1,-1,2.0,1,0.08857033300000694
sonar,208,60,166,1,relieff,5,0.008966691814287513,-1.0,-1,-1,2.0,1,0.08857033300000694
sonar,208,60,166,1,relieff,6,-0.001839989829447664,-1.0,-1,-1,2.0,1,0.08857033300000694
sonar,208,60,166,1,relieff,7,0.02054335720180656,-1.0,-1,-1,2.0,1,0.08857033300000694
sonar,208,60,166,1,relieff,8,0.0414309899409888,-1.0,-1,-1,2.0,1,0.08857033300000694
sonar,208,60,166,1,relieff,9,0.06457413274211796,-1.0,-1,-1,2.0,1,0.08857033300000694
sonar,208,60,166,1,relieff,10,0.07561712556458214,-1.0,-1,-1,2.0,1,0.08857033300000694
sonar,208,60,166,1,relieff,11,0.06729385302052289,-1.0,-1,-1,2.0,1,0.08857033300000694
sonar,208,60,166,1,relieff,12,0.03869232409423376,-1.0,-1,-1,2.0,1,0.08857033300000694
sonar,208,60,166,1,relieff,13,0.007370308293087787,-1.0,-1,-1,2.0,1,0.08857033300000694
sonar,208,60,166,1,relieff,14,0.01325629526584335,-1.0,-1,-1,2.0,1,0.08857033300000694
sonar,208,60,166,1,relieff,15,0.024833055827743325,-1.0,-1,-1,2.0,1,0.08857033300000694
sonar,208,60,166,1,relieff,16,0.02495663125876286,-1.0,-1,-1,2.0,1,0.08857033300000694
sonar,208,60,166,1,relieff,17,0.007739133156000624,-1.0,-1,-1,2.0,1,0.08857033300000694
sonar,208,60,166,1,relieff,18,0.007239656703320742,-1.0,-1,-1,2.0,1,0.08857033300000694
sonar,208,60,166,1,relieff,19,0.018059733534570258,-1.0,-1,-1,2.0,1,0.08857033300000694
sonar,208,60,166,1,relieff,20,0.020550562282858245,-1.0,-1,-1,2.0,1,0.08857033300000694
sonar,208,60,166,1,relieff,21,0.014035202254678667,-1.0,-1,-1,2.0,1,0.08857033300000694
sonar,208,60,166,1,relieff,22,0.012078852213740856,-1.0,-1,-1,2.0,1,0.08857033300000694
sonar,208,60,166,1,relieff,23,0.009404706634497556,-1.0,-1,-1,2.0,1,0.08857033300000694
sonar,208,60,166,1,relieff,24,0.015956140134307722,-1.0,-1,-1,2.0,1,0.08857033300000694
sonar,208,60,166,1,relieff,25,0.02265117303667804,-1.0,-1,-1,2.0,1,0.08857033300000694
sonar,208,60,166,1,relieff,26,0.021874576781756732,-1.0,-1,-1,2.0,1,0.08857033300000694
sonar,208,60,166,1,relieff,27,0.028011552178247773,-1.0,-1,-1,2.0,1,0.08857033300000694
sonar,208,60,166,1,relieff,28,0.020332425481145368,-1.0,-1,-1,2.0,1,0.08857033300000694
sonar,208,60,166,1,relieff,29,0.012162359890183935,-1.0,-1,-1,2.0,1,0.08857033300000694
sonar,208,60,166,1,relieff,30,0.022227759960706136,-1.0,-1,-1,2.0,1,0.08857033300000694
sonar,208,60,166,1,relieff,31,0.01854987269937806,-1.0,-1,-1,2.0,1,0.08857033300000694
sonar,208,60,166,1,relieff,32,0.009155576416766514,-1.0,-1,-1,2.0,1,0.08857033300000694
sonar,208,60,166,1,relieff,33,0.015224843034108261,-1.0,-1,-1,2.0,1,0.08857033300000694
sonar,208,60,166,1,relieff,34,0.011653179148012728,-1.0,-1,-1,2.0,1,0.08857033300000694
sonar,208,60,166,1,relieff,35,0.030067224543334627,-1.0,-1,-1,2.0,1,0.08857033300000694
sonar,208,60,166,1,relieff,36,0.01912451304999441,-1.0,-1,-1,2.0,1,0.08857033300000694
sonar,208,60,166,1,relieff,37,0.00891856915026227,-1.0,-1,-1,2.0,1,0.08857033300000694
sonar,208,60,166,1,relieff,38,0.010976924776906488,-1.0,-1,-1,2.0,1,0.08857033300000694
sonar,208,60,166,1,relieff,39,0.003768754576316313,-1.0,-1,-1,2.0,1,0.08857033300000694
sonar,208,60,166,1,relieff,40,0.00822059717696384,-1.0,-1,-1,2.0,1,0.08857033300000694
sonar,208,60,166,1,relieff,41,0.01525574826779646,-1.0,-1,-1,2.0,1,0.08857033300000694
sonar,208,60,166,1,relieff,42,0.017246536904114578,-1.0,-1,-1,2.0,1,0.08857033300000694
sonar,208,60,166,1,relieff,43,0.022601149250441602,-1.0,-1,-1,2.0,1,0.08857033300000694
sonar,208,60,166,1,relieff,44,0.03205129303109509,-1.0,-1,-1,2.0,1,0.08857033300000694
sonar,208,60,166,1,relieff,45,0.03363702638038475,-1.0,-1,-1,2.0,1,0.08857033300000694
sonar,208,60,166,1,relieff,46,0.03191956817192583,-1.0,-1,-1,2.0,1,0.08857033300000694
sonar,208,60,166,1,relieff,47,0.03635935933888354,-1.0,-1,-1,2.0,1,0.08857033300000694
sonar,208,60,166,1,relieff,48,0.03433887063405136,-1.0,-1,-1,2.0,1,0.08857033300000694
sonar,208,60,166,1,relieff,49,-0.0008090543994158457,-1.0,-1,-1,2.0,1,0.08857033300000694
sonar,208,60,166,1,relieff,50,0.013022088353413654,-1.0,-1,-1,2.0,1,0.08857033300000694
sonar,208,60,166,1,relieff,51,0.02007223524972372,-1.0,-1,-1,2.0,1,0.08857033300000694
sonar,208,60,166,1,relieff,52,0.008574184377961279,-1.0,-1,-1,2.0,1,0.08857033300000694
sonar,208,60,166,1,relieff,53,0.006010004932008743,-1.0,-1,-1,2.0,1,0.08857033300000694
sonar,208,60,166,1,relieff,54,0.004233259568887796,-1.0,-1,-1,2.0,1,0.08857033300000694
sonar,208,60,166,1,relieff,55,0.0028754192025835295,-1.0,-1,-1,2.0,1,0.08857033300000694
sonar,208,60,166,1,relieff,56,-0.0006598648930984086,-1.0,-1,-1,2.0,1,0.08857033300000694
sonar,208,60,166,1,relieff,57,0.004837197761296906,-1.0,-1,-1,2.0,1,0.08857033300000694
sonar,208,60,166,1,relieff,58,0.004888435918902195,-1.0,-1,-1,2.0,1,0.08857033300000694
sonar,208,60,166,1,relieff,59,0.008204179303820365,-1.0,-1,-1,2.0,1,0.08857033300000694
sonar,208,60,166,1,mutual_info,0,0.021319757241068826,-1.0,-1,-1,2.0,1,0.032799457999999504
sonar,208,60,166,1,mutual_info,1,0.0,-1.0,-1,-1,2.0,1,0.032799457999999504
sonar,208,60,166,1,mutual_info,2,0.0,-1.0,-1,-1,2.0,1,0.032799457999999504
sonar,208,60,166,1,mutual_info,3,0.0,-1.0,-1,-1,2.0,1,0.032799457999999504
sonar,208,60,166,1,mutual_info,4,0.052917546116497904,-1.0,-1,-1,2.0,1,0.032799457999999504
sonar,208,60,166,1,mutual_info,5,0.0,-1.0,-1,-1,2.0,1,0.032799457999999504
sonar,208,60,166,1,mutual_info,6,0.015403863346791224,-1.0,-1,-1,2.0,1,0.032799457999999504
sonar,208,60,166,1,mutual_info,7,0.03464644403958439,-1.0,-1,-1,2.0,1,0.032799457999999504
sonar,208,60,166,1,mutual_info,8,0.07730272800308269,-1.0,-1,-1,2.0,1,0.032799457999999504
sonar,208,60,166,1,mutual_info,9,0.02934070376401121,-1.0,-1,-1,2.0,1,0.032799457999999504
sonar,208,60,166,1,mutual_info,10,0.12017773921647645,-1.0,-1,-1,2.0,1,0.032799457999999504
sonar,208,60,166,1,mutual_info,11,0.1317438059568803,-1.0,-1,-1,2.0,1,0.032799457999999504
sonar,208,60,166,1,mutual_info,12,0.0,-1.0,-1,-1,2.0,1,0.032799457999999504
sonar,208,60,166,1,mutual_info,13,0.018873152997959997,-1.0,-1,-1,2.0,1,0.032799457999999504
sonar,208,60,166,1,mutual_info,14,0.010116388725557313,-1.0,-1,-1,2.0,1,0.032799457999999504
sonar,208,60,166,1,mutual_info,15,0.032707384791878846,-1.0,-1,-1,2.0,1,0.032799457999999504
sonar,208,60,166,1,mutual_info,16,0.03616496302355321,-1.0,-1,-1,2.0,1,0.032799457999999504
sonar,208,60,166,1,mutual_info,17,0.0,-1.0,-1,-1,2.0,1,0.032799457999999504
sonar,208,60,166,1,mutual_info,18,0.025938342254764102,-1.0,-1,-1,2.0,1,0.032799457999999504
sonar,208,60,166,1,mutual_info,19,0.06108225686009994,-1.0,-1,-1,2.0,1,0.032799457999999504
sonar,208,60,166,1,mutual_info,20,0.07435249011965595,-1.0,-1,-1,2.0,1,0.032799457999999504
sonar,208,60,166,1,mutual_info,21,0.06051300454026953,-1.0,-1,-1,2.0,1,0.032799457999999504
sonar,208,60,166,1,mutual_info,22,0.016682073894884963,-1.0,-1,-1,2.0,1,0.032799457999999504
sonar,208,60,166,1,mutual_info,23,0.0,-1.0,-1,-1,2.0,1,0.032799457999999504
sonar,208,60,166,1,mutual_info,24,0.042282373056625744,-1.0,-1,-1,2.0,1,0.032799457999999504
sonar,208,60,166,1,mutual_info,25,0.0,-1.0,-1,-1,2.0,1,0.032799457999999504
sonar,208,60,166,1,mutual_info,26,0.0,-1.0,-1,-1,2.0,1,0.032799457999999504
sonar,208,60,166,1,mutual_info,27,0.0,-1.0,-1,-1,2.0,1,0.032799457999999504
sonar,208,60,166,1,mutual_info,28,0.0008474776307665355,-1.0,-1,-1,2.0,1,0.032799457999999504
sonar,208,60,166,1,mutual_info,29,0.05614922909215703,-1.0,-1,-1,2.0,1,0.032799457999999504
sonar,208,60,166,1,mutual_info,30,0.0,-1.0,-1,-1,2.0,1,0.032799457999999504
sonar,208,60,166,1,mutual_info,31,0.016908649177502788,-1.0,-1,-1,2.0,1,0.032799457999999504
sonar,208,60,166,1,mutual_info,32,0.02046680330076578,-1.0,-1,-1,2.0,1,0.032799457999999504
sonar,208,60,166,1,mutual_info,33,0.0,-1.0,-1,-1,2.0,1,0.032799457999999504
sonar,208,60,166,1,mutual_info,34,0.010919198275662234,-1.0,-1,-1,2.0,1,0.032799457999999504
sonar,208,60,166,1,mutual_info,35,0.05212689944527016,-1.0,-1,-1,2.0,1,0.032799457999999504
sonar,208,60,166,1,mutual_info,36,0.0734071007893029,-1.0,-1,-1,2.0,1,0.032799457999999504
sonar,208,60,166,1,mutual_info,37,0.0,-1.0,-1,-1,2.0,1,0.032799457999999504
sonar,208,60,166,1,mutual_info,38,6.799439646432148e-05,-1.0,-1,-1,2.0,1,0.032799457999999504
sonar,208,60,166,1,mutual_info,39,0.05405485425681822,-1.0,-1,-1,2.0,1,0.032799457999999504
sonar,208,60,166,1,mutual_info,40,0.0,-1.0,-1,-1,2.0,1,0.032799457999999504
sonar,208,60,166,1,mutual_info,41,0.0,-1.0,-1,-1,2.0,1,0.032799457999999504
sonar,208,60,166,1,mutual_info,42,0.07136017276695616,-1.0,-1,-1,2.0,1,0.032799457999999504
sonar,208,60,166,1,mutual_info,43,0.0,-1.0,-1,-1,2.0,1,0.032799457999999504
sonar,208,60,166,1,mutual_info,44,0.07973770691118554,-1.0,-1,-1,2.0,1,0.032799457999999504
sonar,208,60,166,1,mutual_info,45,0.09979090368262677,-1.0,-1,-1,2.0,1,0.032799457999999504
sonar,208,60,166,1,mutual_info,46,0.0,-1.0,-1,-1,2.0,1,0.032799457999999504
sonar,208,60,166,1,mutual_info,47,0.04046216348039233,-1.0,-1,-1,2.0,1,0.032799457999999504
sonar,208,60,166,1,mutual_info,48,0.0927743664588827,-1.0,-1,-1,2.0,1,0.032799457999999504
sonar,208,60,166,1,mutual_info,49,0.0027810611155549836,-1.0,-1,-1,2.0,1,0.032799457999999504
sonar,208,60,166,1,mutual_info,50,0.0,-1.0,-1,-1,2.0,1,0.032799457999999504
sonar,208,60,166,1,mutual_info,51,0.04388736110739733,-1.0,-1,-1,2.0,1,0.032799457999999504
sonar,208,60,166,1,mutual_info,52,0.0,-1.0,-1,-1,2.0,1,0.032799457999999504
sonar,208,60,166,1,mutual_info,53,0.0,-1.0,-1,-1,2.0,1,0.032799457999999504
sonar,208,60,166,1,mutual_info,54,0.027485113756354984,-1.0,-1,-1,2.0,1,0.032799457999999504
sonar,208,60,166,1,mutual_info,55,0.0,-1.0,-1,-1,2.0,1,0.032799457999999504
sonar,208,60,166,1,mutual_info,56,0.0,-1.0,-1,-1,2.0,1,0.032799457999999504
sonar,208,60,166,1,mutual_info,57,0.007985361500578492,-1.0,-1,-1,2.0,1,0.032799457999999504
sonar,208,60,166,1,mutual_info,58,0.0,-1.0,-1,-1,2.0,1,0.032799457999999504
sonar,208,60,166,1,mutual_info,59,0.00039750090066914545,-1.0,-1,-1,2.0,1,0.032799457999999504
sonar,208,60,166,1,variance,0,0.7632378601771195,-1.0,-1,-1,2.0,1,2.3791000018036357e-05
sonar,208,60,166,1,variance,1,0.9483266048560887,-1.0,-1,-1,2.0,1,2.3791000018036357e-05
sonar,208,60,166,1,variance,2,1.0151759996678913,-1.0,-1,-1,2.0,1,2.3791000018036357e-05
sonar,208,60,166,1,variance,3,1.0514415093294402,-1.0,-1,-1,2.0,1,2.3791000018036357e-05
sonar,208,60,166,1,variance,4,1.1020721084414946,-1.0,-1,-1,2.0,1,2.3791000018036357e-05
sonar,208,60,166,1,variance,5,1.0293941689109098,-1.0,-1,-1,2.0,1,2.3791000018036357e-05
sonar,208,60,166,1,variance,6,0.9214565483513082,-1.0,-1,-1,2.0,1,2.3791000018036357e-05
sonar,208,60,166,1,variance,7,0.9561172793762317,-1.0,-1,-1,2.0,1,2.3791000018036357e-05
sonar,208,60,166,1,variance,8,0.9445141058955902,-1.0,-1,-1,2.0,1,2.3791000018036357e-05
sonar,208,60,166,1,variance,9,0.8896166497204036,-1.0,-1,-1,2.0,1,2.3791000018036357e-05
sonar,208,60,166,1,variance,10,0.9286389804982915,-1.0,-1,-1,2.0,1,2.3791000018036357e-05
sonar,208,60,166,1,variance,11,0.9863618707819815,-1.0,-1,-1,2.0,1,2.3791000018036357e-05
sonar,208,60,166,1,variance,12,0.9357526490397476,-1.0,-1,-1,2.0,1,2.3791000018036357e-05
sonar,208,60,166,1,variance,13,0.9429315639808998,-1.0,-1,-1,2.0,1,2.3791000018036357e-05
sonar,208,60,166,1,variance,14,0.9688362181515228,-1.0,-1,-1,2.0,1,2.3791000018036357e-05
sonar,208,60,166,1,variance,15,0.989231428729183,-1.0,-1,-1,2.0,1,2.3791000018036357e-05
sonar,208,60,166,1,variance,16,1.0168648502355058,-1.0,-1,-1,2.0,1,2.3791000018036357e-05
sonar,208,60,166,1,variance,17,0.9997642024238297,-1.0,-1,-1,2.0,1,2.3791000018036357e-05
sonar,208,60,166,1,variance,18,1.0068407434005597,-1.0,-1,-1,2.0,1,2.3791000018036357e-05
sonar,208,60,166,1,variance,19,0.9596557854352366,-1.0,-1,-1,2.0,1,2.3791000018036357e-05
sonar,208,60,166,1,variance,20,0.9688352560118852,-1.0,-1,-1,2.0,1,2.3791000018036357e-05
sonar,208,60,166,1,variance,21,1.0138765620397772,-1.0,-1,-1,2.0,1,2.3791000018036357e-05
sonar,208,60,166,1,variance,22,0.9319315146359685,-1.0,-1,-1,2.0,1,2.3791000018036357e-05
sonar,208,60,166,1,variance,23,0.9119262735077234,-1.0,-1,-1,2.0,1,2.3791000018036357e-05
sonar,208,60,166,1,variance,24,0.983975564567013,-1.0,-1,-1,2.0,1,2.3791000018036357e-05
sonar,208,60,166,1,variance,25,0.99440551127051,-1.0,-1,-1,2.0,1,2.3791000018036357e-05
sonar,208,60,166,1,variance,26,0.9723078630932147,-1.0,-1,-1,2.0,1,2.3791000018036357e-05
sonar,208,60,166,1,variance,27,1.0390737426821663,-1.0,-1,-1,2.0,1,2.3791000018036357e-05
sonar,208,60,166,1,variance,28,1.050462939526742,-1.0,-1,-1,2.0,1,2.3791000018036357e-05
sonar,208,60,166,1,variance,29,0.9582972984742604,-1.0,-1,-1,2.0,1,2.3791000018036357e-05
sonar,208,60,166,1,variance,30,0.9496982418360284,-1.0,-1,-1,2.0,1,2.3791000018036357e-05
sonar,208,60,166,1,variance,31,0.8759295009391698,-1.0,-1,-1,2.0,1,2.3791000018036357e-05
sonar,208,60,166,1,variance,32,0.9367381253351573,-1.0,-1,-1,2.0,1,2.3791000018036357e-05
sonar,208,60,166,1,variance,33,0.9875636468520812,-1.0,-1,-1,2.0,1,2.3791000018036357e-05
sonar,208,60,166,1,variance,34,1.0106963578973798,-1.0,-1,-1,2.0,1,2.3791000018036357e-05
sonar,208,60,166,1,variance,35,1.0068684299894384,-1.0,-1,-1,2.0,1,2.3791000018036357e-05
sonar,208,60,166,1,variance,36,0.9728985323427108,-1.0,-1,-1,2.0,1,2.3791000018036357e-05
sonar,208,60,166,1,variance,37,0.9240783215805288,-1.0,-1,-1,2.0,1,2.3791000018036357e-05
sonar,208,60,166,1,variance,38,0.9350669756900439,-1.0,-1,-1,2.0,1,2.3791000018036357e-05
sonar,208,60,166,1,variance,39,0.9926053969263438,-1.0,-1,-1,2.0,1,2.3791000018036357e-05
sonar,208,60,166,1,variance,40,0.9767175135113717,-1.0,-1,-1,2.0,1,2.3791000018036357e-05
sonar,208,60,166,1,variance,41,0.8833417221448046,-1.0,-1,-1,2.0,1,2.3791000018036357e-05
sonar,208,60,166,1,variance,42,0.9365455269867319,-1.0,-1,-1,2.0,1,2.3791000018036357e-05
sonar,208,60,166,1,variance,43,0.9234168651740766,-1.0,-1,-1,2.0,1,2.3791000018036357e-05
sonar,208,60,166,1,variance,44,0.822719707396007,-1.0,-1,-1,2.0,1,2.3791000018036357e-05
sonar,208,60,166,1,variance,45,0.7273754598030855,-1.0,-1,-1,2.0,1,2.3791000018036357e-05
sonar,208,60,166,1,variance,46,0.7327611052080922,-1.0,-1,-1,2.0,1,2.3791000018036357e-05
sonar,208,60,166,1,variance,47,0.8438174727179093,-1.0,-1,-1,2.0,1,2.3791000018036357e-05
sonar,208,60,166,1,variance,48,0.8139016666564876,-1.0,-1,-1,2.0,1,2.3791000018036357e-05
sonar,208,60,166,1,variance,49,0.8212335619809961,-1.0,-1,-1,2.0,1,2.3791000018036357e-05
sonar,208,60,166,1,variance,50,0.5937902976939116,-1.0,-1,-1,2.0,1,2.3791000018036357e-05
sonar,208,60,166,1,variance,51,0.7882458764075384,-1.0,-1,-1,2.0,1,2.3791000018036357e-05
sonar,208,60,166,1,variance,52,0.8919212998305527,-1.0,-1,-1,2.0,1,2.3791000018036357e-05
sonar,208,60,166,1,variance,53,0.865555892507388,-1.0,-1,-1,2.0,1,2.3791000018036357e-05
sonar,208,60,166,1,variance,54,0.9285284026161486,-1.0,-1,-1,2.0,1,2.3791000018036357e-05
sonar,208,60,166,1,variance,55,0.9896498818845263,-1.0,-1,-1,2.0,1,2.3791000018036357e-05
sonar,208,60,166,1,variance,56,1.0467740043427667,-1.0,-1,-1,2.0,1,2.3791000018036357e-05
sonar,208,60,166,1,variance,57,0.9506917144533733,-1.0,-1,-1,2.0,1,2.3791000018036357e-05
sonar,208,60,166,1,variance,58,0.9306481388004426,-1.0,-1,-1,2.0,1,2.3791000018036357e-05
sonar,208,60,166,1,variance,59,0.9261014629850322,-1.0,-1,-1,2.0,1,2.3791000018036357e-05
sonar,208,60,166,2,pai,0,0.9841067790985107,11.737221882420979,166,0,2.0,1,0.017726334000002453
sonar,208,60,166,2,pai,1,0.9759537577629089,14.190737343899288,166,0,2.0,1,0.017726334000002453
sonar,208,60,166,2,pai,2,0.0,15.880789626259233,166,0,2.0,1,0.017726334000002453
sonar,208,60,166,2,pai,3,0.0,18.110140982443003,166,0,2.0,1,0.017726334000002453
sonar,208,60,166,2,pai,4,0.0,14.22991342684136,166,0,2.0,1,0.017726334000002453
sonar,208,60,166,2,pai,5,0.0,12.621434528816458,166,0,2.0,1,0.017726334000002453
sonar,208,60,166,2,pai,6,0.9966805577278137,11.677637005099687,166,0,2.0,1,0.017726334000002453
sonar,208,60,166,2,pai,7,0.0,10.677215025483047,166,0,2.0,1,0.017726334000002453
sonar,208,60,166,2,pai,8,0.0,11.364727082609907,166,0,2.0,1,0.017726334000002453
sonar,208,60,166,2,pai,9,0.0,10.310814505269548,166,0,2.0,1,0.017726334000002453
sonar,208,60,166,2,pai,10,0.0,10.65526791277686,166,0,2.0,1,0.017726334000002453
sonar,208,60,166,2,pai,11,0.0,9.767067973960298,166,0,2.0,1,0.017726334000002453
sonar,208,60,166,2,pai,12,0.9689599275588989,9.880329691919794,166,0,2.0,1,0.017726334000002453
sonar,208,60,166,2,pai,13,0.9655332565307617,11.819947555143994,166,0,2.0,1,0.017726334000002453
sonar,208,60,166,2,pai,14,0.9924724698066711,9.729062050283225,166,0,2.0,1,0.017726334000002453
sonar,208,60,166,2,pai,15,0.0,8.467402559289875,166,0,2.0,1,0.017726334000002453
sonar,208,60,166,2,pai,16,0.0,7.33797827035214,166,0,2.0,1,0.017726334000002453
sonar,208,60,166,2,pai,17,0.0,7.378308732981794,166,0,2.0,1,0.017726334000002453
sonar,208,60,166,2,pai,18,0.0,7.00632534061006,166,0,2.0,1,0.017726334000002453
sonar,208,60,166,2,pai,19,0.0,7.068144863932604,166,0,2.0,1,0.017726334000002453
sonar,208,60,166,2,pai,20,0.0,7.37798376368074,166,0,2.0,1,0.017726334000002453
sonar,208,60,166,2,pai,21,0.0,7.295098924856102,166,0,2.0,1,0.017726334000002453
sonar,208,60,166,2,pai,22,0.0,7.562507822717096,166,0,2.0,1,0.017726334000002453
sonar,208,60,166,2,pai,23,0.0,8.183927773199448,166,0,2.0,1,0.017726334000002453
sonar,208,60,166,2,pai,24,0.0,7.862093280452317,166,0,2.0,1,0.017726334000002453
sonar,208,60,166,2,pai,25,0.0,7.05409736967419,166,0,2.0,1,0.017726334000002453
sonar,208,60,166,2,pai,26,0.0,7.447797829824468,166,0,2.0,1,0.017726334000002453
sonar,208,60,166,2,pai,27,0.0,7.946980224778258,166,0,2.0,1,0.017726334000002453
sonar,208,60,166,2,pai,28,0.0,8.224589023046313,166,0,2.0,1,0.017726334000002453
sonar,208,60,166,2,pai,29,0.9994351267814636,8.525184656593167,166,0,2.0,1,0.017726334000002453
sonar,208,60,166,2,pai,30,0.0,8.595757151300564,166,0,2.0,1,0.017726334000002453
sonar,208,60,166,2,pai,31,0.0,8.369542216059585,166,0,2.0,1,0.017726334000002453
sonar,208,60,166,2,pai,32,0.0,9.244918420154706,166,0,2.0,1,0.017726334000002453
sonar,208,60,166,2,pai,33,0.0,8.098488483581942,166,0,2.0,1,0.017726334000002453
sonar,208,60,166,2,pai,34,0.0,7.564159941186107,166,0,2.0,1,0.017726334000002453
sonar,208,60,166,2,pai,35,0.0,7.529831874376546,166,0,2.0,1,0.017726334000002453
sonar,208,60,166,2,pai,36,0.0,7.550086981256593,166,0,2.0,1,0.017726334000002453
sonar,208,60,166,2,pai,37,0.0,8.97954172615375,166,0,2.0,1,0.017726334000002453
sonar,208,60,166,2,pai,38,0.0,9.553088387342523,166,0,2.0,1,0.017726334000002453
sonar,208,60,166,2,pai,39,0.0,10.155329344477245,166,0,2.0,1,0.017726334000002453
sonar,208,60,166,2,pai,40,0.0,8.659673338994185,166,0,2.0,1,0.017726334000002453
sonar,208,60,166,2,pai,41,0.0,9.45567517586151,166,0,2.0,1,0.017726334000002453
sonar,208,60,166,2,pai,42,0.0,10.924653608949276,166,0,2.0,1,0.017726334000002453
sonar,208,60,166,2,pai,43,0.9740397930145264,11.291256053568762,166,0,2.0,1,0.017726334000002453
sonar,208,60,166,2,pai,44,0.9744116067886353,9.239503763408177,166,0,2.0,1,0.017726334000002453
sonar,208,60,166,2,pai,45,0.0,10.87747537039995,166,0,2.0,1,0.017726334000002453
sonar,208,60,166,2,pai,46,0.0,12.563484035475927,166,0,2.0,1,0.017726334000002453
sonar,208,60,166,2,pai,47,0.0,10.593177556249142,166,0,2.0,1,0.017726334000002453
sonar,208,60,166,2,pai,48,0.0,9.596447892269973,166,0,2.0,1,0.017726334000002453
sonar,208,60,166,2,pai,49,0.9963083267211914,11.45822904432108,166,0,2.0,1,0.017726334000002453
sonar,208,60,166,2,pai,50,0.0,16.461323883683285,166,0,2.0,1,0.017726334000002453
sonar,208,60,166,2,pai,51,0.0,14.483705811645724,166,0,2.0,1,0.017726334000002453
sonar,208,60,166,2,pai,52,0.0,10.932304957734157,166,0,2.0,1,0.017726334000002453
sonar,208,60,166,2,pai,53,0.0,9.391432787934544,166,0,2.0,1,0.017726334000002453
sonar,208,60,166,2,pai,54,0.997694730758667,12.33280750636938,166,0,2.0,1,0.017726334000002453
sonar,208,60,166,2,pai,55,0.0,13.630871231503932,166,0,2.0,1,0.017726334000002453
sonar,208,60,166,2,pai,56,0.9870139360427856,12.197718276798462,166,0,2.0,1,0.017726334000002453
sonar,208,60,166,2,pai,57,0.0,13.541423940733374,166,0,2.0,1,0.017726334000002453
sonar,208,60,166,2,pai,58,0.0,11.740847325255388,166,0,2.0,1,0.017726334000002453
sonar,208,60,166,2,pai,59,0.9641339182853699,17.254656932248228,166,0,2.0,1,0.017726334000002453
sonar,208,60,166,2,nrs,0,-0.01204819277108432,-1.0,-1,-1,2.0,1,0.03373083300002122
sonar,208,60,166,2,nrs,1,-0.02409638554216864,-1.0,-1,-1,2.0,1,0.03373083300002122
sonar,208,60,166,2,nrs,2,-0.01204819277108432,-1.0,-1,-1,2.0,1,0.03373083300002122
sonar,208,60,166,2,nrs,3,-0.0060240963855421326,-1.0,-1,-1,2.0,1,0.03373083300002122
sonar,208,60,166,2,nrs,4,0.0,-1.0,-1,-1,2.0,1,0.03373083300002122
sonar,208,60,166,2,nrs,5,0.01807228915662651,-1.0,-1,-1,2.0,1,0.03373083300002122
sonar,208,60,166,2,nrs,6,0.01807228915662651,-1.0,-1,-1,2.0,1,0.03373083300002122
sonar,208,60,166,2,nrs,7,0.006024096385542188,-1.0,-1,-1,2.0,1,0.03373083300002122
sonar,208,60,166,2,nrs,8,0.006024096385542188,-1.0,-1,-1,2.0,1,0.03373083300002122
sonar,208,60,166,2,nrs,9,0.01807228915662651,-1.0,-1,-1,2.0,1,0.03373083300002122
sonar,208,60,166,2,nrs,10,0.024096385542168697,-1.0,-1,-1,2.0,1,0.03373083300002122
sonar,208,60,166,2,nrs,11,0.030120481927710885,-1.0,-1,-1,2.0,1,0.03373083300002122
sonar,208,60,166,2,nrs,12,0.024096385542168697,-1.0,-1,-1,2.0,1,0.03373083300002122
sonar,208,60,166,2,nrs,13,-0.01204819277108432,-1.0,-1,-1,2.0,1,0.03373083300002122
sonar,208,60,166,2,nrs,14,-0.01204819277108432,-1.0,-1,-1,2.0,1,0.03373083300002122
sonar,208,60,166,2,nrs,15,0.0,-1.0,-1,-1,2.0,1,0.03373083300002122
sonar,208,60,166,2,nrs,16,0.0,-1.0,-1,-1,2.0,1,0.03373083300002122
sonar,208,60,166,2,nrs,17,-0.01204819277108432,-1.0,-1,-1,2.0,1,0.03373083300002122
sonar,208,60,166,2,nrs,18,-0.0060240963855421326,-1.0,-1,-1,2.0,1,0.03373083300002122
sonar,208,60,166,2,nrs,19,-0.0060240963855421326,-1.0,-1,-1,2.0,1,0.03373083300002122
sonar,208,60,166,2,nrs,20,-0.0060240963855421326,-1.0,-1,-1,2.0,1,0.03373083300002122
sonar,208,60,166,2,nrs,21,0.01807228915662651,-1.0,-1,-1,2.0,1,0.03373083300002122
sonar,208,60,166,2,nrs,22,0.012048192771084376,-1.0,-1,-1,2.0,1,0.03373083300002122
sonar,208,60,166,2,nrs,23,0.0,-1.0,-1,-1,2.0,1,0.03373083300002122
sonar,208,60,166,2,nrs,24,-0.01204819277108432,-1.0,-1,-1,2.0,1,0.03373083300002122
sonar,208,60,166,2,nrs,25,-0.01204819277108432,-1.0,-1,-1,2.0,1,0.03373083300002122
sonar,208,60,166,2,nrs,26,0.0,-1.0,-1,-1,2.0,1,0.03373083300002122
sonar,208,60,166,2,nrs,27,-0.0060240963855421326,-1.0,-1,-1,2.0,1,0.03373083300002122
sonar,208,60,166,2,nrs,28,0.0,-1.0,-1,-1,2.0,1,0.03373083300002122
sonar,208,60,166,2,nrs,29,0.006024096385542188,-1.0,-1,-1,2.0,1,0.03373083300002122
sonar,208,60,166,2,nrs,30,0.012048192771084376,-1.0,-1,-1,2.0,1,0.03373083300002122
sonar,208,60,166,2,nrs,31,0.006024096385542188,-1.0,-1,-1,2.0,1,0.03373083300002122
sonar,208,60,166,2,nrs,32,-0.0060240963855421326,-1.0,-1,-1,2.0,1,0.03373083300002122
sonar,208,60,166,2,nrs,33,-0.0060240963855421326,-1.0,-1,-1,2.0,1,0.03373083300002122
sonar,208,60,166,2,nrs,34,-0.018072289156626453,-1.0,-1,-1,2.0,1,0.03373083300002122
sonar,208,60,166,2,nrs,35,0.0,-1.0,-1,-1,2.0,1,0.03373083300002122
sonar,208,60,166,2,nrs,36,0.012048192771084376,-1.0,-1,-1,2.0,1,0.03373083300002122
sonar,208,60,166,2,nrs,37,0.012048192771084376,-1.0,-1,-1,2.0,1,0.03373083300002122
sonar,208,60,166,2,nrs,38,0.01807228915662651,-1.0,-1,-1,2.0,1,0.03373083300002122
sonar,208,60,166,2,nrs,39,0.01807228915662651,-1.0,-1,-1,2.0,1,0.03373083300002122
sonar,208,60,166,2,nrs,40,0.0,-1.0,-1,-1,2.0,1,0.03373083300002122
sonar,208,60,166,2,nrs,41,0.0,-1.0,-1,-1,2.0,1,0.03373083300002122
sonar,208,60,166,2,nrs,42,0.0,-1.0,-1,-1,2.0,1,0.03373083300002122
sonar,208,60,166,2,nrs,43,0.0,-1.0,-1,-1,2.0,1,0.03373083300002122
sonar,208,60,166,2,nrs,44,-0.0060240963855421326,-1.0,-1,-1,2.0,1,0.03373083300002122
sonar,208,60,166,2,nrs,45,0.0,-1.0,-1,-1,2.0,1,0.03373083300002122
sonar,208,60,166,2,nrs,46,0.0,-1.0,-1,-1,2.0,1,0.03373083300002122
sonar,208,60,166,2,nrs,47,0.0,-1.0,-1,-1,2.0,1,0.03373083300002122
sonar,208,60,166,2,nrs,48,0.012048192771084376,-1.0,-1,-1,2.0,1,0.03373083300002122
sonar,208,60,166,2,nrs,49,-0.0060240963855421326,-1.0,-1,-1,2.0,1,0.03373083300002122
sonar,208,60,166,2,nrs,50,0.0,-1.0,-1,-1,2.0,1,0.03373083300002122
sonar,208,60,166,2,nrs,51,0.006024096385542188,-1.0,-1,-1,2.0,1,0.03373083300002122
sonar,208,60,166,2,nrs,52,0.006024096385542188,-1.0,-1,-1,2.0,1,0.03373083300002122
sonar,208,60,166,2,nrs,53,-0.018072289156626453,-1.0,-1,-1,2.0,1,0.03373083300002122
sonar,208,60,166,2,nrs,54,-0.01204819277108432,-1.0,-1,-1,2.0,1,0.03373083300002122
sonar,208,60,166,2,nrs,55,0.006024096385542188,-1.0,-1,-1,2.0,1,0.03373083300002122
sonar,208,60,166,2,nrs,56,-0.0060240963855421326,-1.0,-1,-1,2.0,1,0.03373083300002122
sonar,208,60,166,2,nrs,57,-0.0060240963855421326,-1.0,-1,-1,2.0,1,0.03373083300002122
sonar,208,60,166,2,nrs,58,0.0,-1.0,-1,-1,2.0,1,0.03373083300002122
sonar,208,60,166,2,nrs,59,-0.01204819277108432,-1.0,-1,-1,2.0,1,0.03373083300002122
sonar,208,60,166,2,relieff,0,0.006258167887001198,-1.0,-1,-1,2.0,1,0.08890462499999785
sonar,208,60,166,2,relieff,1,0.01137322543495887,-1.0,-1,-1,2.0,1,0.08890462499999785
sonar,208,60,166,2,relieff,2,0.003952670075835539,-1.0,-1,-1,2.0,1,0.08890462499999785
sonar,208,60,166,2,relieff,3,0.006754068379155452,-1.0,-1,-1,2.0,1,0.08890462499999785
sonar,208,60,166,2,relieff,4,0.011680299692302047,-1.0,-1,-1,2.0,1,0.08890462499999785
sonar,208,60,166,2,relieff,5,0.015883798564319086,-1.0,-1,-1,2.0,1,0.08890462499999785
sonar,208,60,166,2,relieff,6,-0.002627737959339441,-1.0,-1,-1,2.0,1,0.08890462499999785
sonar,208,60,166,2,relieff,7,0.01673144618163946,-1.0,-1,-1,2.0,1,0.08890462499999785
sonar,208,60,166,2,relieff,8,0.04902542669560676,-1.0,-1,-1,2.0,1,0.08890462499999785
sonar,208,60,166,2,relieff,9,0.06171139062252187,-1.0,-1,-1,2.0,1,0.08890462499999785
sonar,208,60,166,2,relieff,10,0.07036542597442086,-1.0,-1,-1,2.0,1,0.08890462499999785
sonar,208,60,166,2,relieff,11,0.07177917414087771,-1.0,-1,-1,2.0,1,0.08890462499999785
sonar,208,60,166,2,relieff,12,0.03707321007074216,-1.0,-1,-1,2.0,1,0.08890462499999785
sonar,208,60,166,2,relieff,13,0.008837536388722877,-1.0,-1,-1,2.0,1,0.08890462499999785
sonar,208,60,166,2,relieff,14,0.011738497776843155,-1.0,-1,-1,2.0,1,0.08890462499999785
sonar,208,60,166,2,relieff,15,0.016156545579836153,-1.0,-1,-1,2.0,1,0.08890462499999785
sonar,208,60,166,2,relieff,16,0.01747868065360603,-1.0,-1,-1,2.0,1,0.08890462499999785
sonar,208,60,166,2,relieff,17,0.008986199342825853,-1.0,-1,-1,2.0,1,0.08890462499999785
sonar,208,60,166,2,relieff,18,0.01828496327813472,-1.0,-1,-1,2.0,1,0.08890462499999785
sonar,208,60,166,2,relieff,19,0.018352220978948196,-1.0,-1,-1,2.0,1,0.08890462499999785
sonar,208,60,166,2,relieff,20,0.02487955616733376,-1.0,-1,-1,2.0,1,0.08890462499999785
sonar,208,60,166,2,relieff,21,0.014324422596410782,-1.0,-1,-1,2.0,1,0.08890462499999785
sonar,208,60,166,2,relieff,22,0.015538172612033389,-1.0,-1,-1,2.0,1,0.08890462499999785
sonar,208,60,166,2,relieff,23,0.008023940861283475,-1.0,-1,-1,2.0,1,0.08890462499999785
sonar,208,60,166,2,relieff,24,0.013927986804061642,-1.0,-1,-1,2.0,1,0.08890462499999785
sonar,208,60,166,2,relieff,25,0.020434078472750476,-1.0,-1,-1,2.0,1,0.08890462499999785
sonar,208,60,166,2,relieff,26,0.017940136614835414,-1.0,-1,-1,2.0,1,0.08890462499999785
sonar,208,60,166,2,relieff,27,0.02837123862392776,-1.0,-1,-1,2.0,1,0.08890462499999785
sonar,208,60,166,2,relieff,28,0.01319940883664528,-1.0,-1,-1,2.0,1,0.08890462499999785
sonar,208,60,166,2,relieff,29,0.007066424855702761,-1.0,-1,-1,2.0,1,0.08890462499999785
sonar,208,60,166,2,relieff,30,0.024715669216375035,-1.0,-1,-1,2.0,1,0.08890462499999785
sonar,208,60,166,2,relieff,31,0.0178092509331868,-1.0,-1,-1,2.0,1,0.08890462499999785
sonar,208,60,166,2,relieff,32,0.00964241297859716,-1.0,-1,-1,2.0,1,0.08890462499999785
sonar,208,60,166,2,relieff,33,0.017396359874784443,-1.0,-1,-1,2.0,1,0.08890462499999785
sonar,208,60,166,2,relieff,34,0.013509022281208299,-1.0,-1,-1,2.0,1,0.08890462499999785
sonar,208,60,166,2,relieff,35,0.04311734842596192,-1.0,-1,-1,2.0,1,0.08890462499999785
sonar,208,60,166,2,relieff,36,0.03347517352197945,-1.0,-1,-1,2.0,1,0.08890462499999785
sonar,208,60,166,2,relieff,37,0.017856118887964054,-1.0,-1,-1,2.0,1,0.08890462499999785
sonar,208,60,166,2,relieff,38,0.022098768254548876,-1.0,-1,-1,2.0,1,0.08890462499999785
sonar,208,60,166,2,relieff,39,0.011248219396924717,-1.0,-1,-1,2.0,1,0.08890462499999785
sonar,208,60,166,2,relieff,40,0.0254806806715429,-1.0,-1,-1,2.0,1,0.08890462499999785
sonar,208,60,166,2,relieff,41,0.01970185340507544,-1.0,-1,-1,2.0,1,0.08890462499999785
sonar,208,60,166,2,relieff,42,0.026353154895791254,-1.0,-1,-1,2.0,1,0.08890462499999785
sonar,208,60,166,2,relieff,43,0.03704341811096793,-1.0,-1,-1,2.0,1,0.08890462499999785
sonar,208,60,166,2,relieff,44,0.049537761808539235,-1.0,-1,-1,2.0,1,0.08890462499999785
sonar,208,60,166,2,relieff,45,0.0358476426692044,-1.0,-1,-1,2.0,1,0.08890462499999785
sonar,208,60,166,2,relieff,46,0.030372103204522997,-1.0,-1,-1,2.0,1,0.08890462499999785
sonar,208,60,166,2,relieff,47,0.043775343947043494,-1.0,-1,-1,2.0,1,0.08890462499999785
sonar,208,60,166,2,relieff,48,0.05160490888597973,-1.0,-1,-1,2.0,1,0.08890462499999785
sonar,208,60,166,2,relieff,49,0.005194144053808066,-1.0,-1,-1,2.0,1,0.08890462499999785
sonar,208,60,166,2,relieff,50,0.010444414575136243,-1.0,-1,-1,2.0,1,0.08890462499999785
sonar,208,60,166,2,relieff,51,0.015106114111618886,-1.0,-1,-1,2.0,1,0.08890462499999785
sonar,208,60,166,2,relieff,52,0.010788608981380067,-1.0,-1,-1,2.0,1,0.08890462499999785
sonar,208,60,166,2,relieff,53,0.009388430916649053,-1.0,-1,-1,2.0,1,0.08890462499999785
sonar,208,60,166,2,relieff,54,-0.0010859953575770992,-1.0,-1,-1,2.0,1,0.08890462499999785
sonar,208,60,166,2,relieff,55,0.0010333642261353103,-1.0,-1,-1,2.0,1,0.08890462499999785
sonar,208,60,166,2,relieff,56,-0.0005288198247535588,-1.0,-1,-1,2.0,1,0.08890462499999785
sonar,208,60,166,2,relieff,57,0.007084171927986546,-1.0,-1,-1,2.0,1,0.08890462499999785
sonar,208,60,166,2,relieff,58,0.004877521134260796,-1.0,-1,-1,2.0,1,0.08890462499999785
sonar,208,60,166,2,relieff,59,0.006146526058042793,-1.0,-1,-1,2.0,1,0.08890462499999785
sonar,208,60,166,2,mutual_info,0,0.02507887498416772,-1.0,-1,-1,2.0,1,0.032813458999982004
sonar,208,60,166,2,mutual_info,1,0.06589403434207375,-1.0,-1,-1,2.0,1,0.032813458999982004
sonar,208,60,166,2,mutual_info,2,0.0,-1.0,-1,-1,2.0,1,0.032813458999982004
sonar,208,60,166,2,mutual_info,3,0.0,-1.0,-1,-1,2.0,1,0.032813458999982004
sonar,208,60,166,2,mutual_info,4,0.002075233810788557,-1.0,-1,-1,2.0,1,0.032813458999982004
sonar,208,60,166,2,mutual_info,5,0.01903963064318659,-1.0,-1,-1,2.0,1,0.032813458999982004
sonar,208,60,166,2,mutual_info,6,0.03251912241728072,-1.0,-1,-1,2.0,1,0.032813458999982004
sonar,208,60,166,2,mutual_info,7,0.058838552652374254,-1.0,-1,-1,2.0,1,0.032813458999982004
sonar,208,60,166,2,mutual_info,8,0.027289520968409864,-1.0,-1,-1,2.0,1,0.032813458999982004
sonar,208,60,166,2,mutual_info,9,0.0676451837525911,-1.0,-1,-1,2.0,1,0.032813458999982004
sonar,208,60,166,2,mutual_info,10,0.0974192720771705,-1.0,-1,-1,2.0,1,0.032813458999982004
sonar,208,60,166,2,mutual_info,11,0.10972557559235785,-1.0,-1,-1,2.0,1,0.032813458999982004
sonar,208,60,166,2,mutual_info,12,0.005626342388427297,-1.0,-1,-1,2.0,1,0.032813458999982004
sonar,208,60,166,2,mutual_info,13,0.010100377487905599,-1.0,-1,-1,2.0,1,0.032813458999982004
sonar,208,60,166,2,mutual_info,14,0.018045228624641974,-1.0,-1,-1,2.0,1,0.032813458999982004
sonar,208,60,166,2,mutual_info,15,0.028595296027118522,-1.0,-1,-1,2.0,1,0.032813458999982004
sonar,208,60,166,2,mutual_info,16,0.007218722466810323,-1.0,-1,-1,2.0,1,0.032813458999982004
sonar,208,60,166,2,mutual_info,17,0.0,-1.0,-1,-1,2.0,1,0.032813458999982004
sonar,208,60,166,2,mutual_info,18,0.007926532060162028,-1.0,-1,-1,2.0,1,0.032813458999982004
sonar,208,60,166,2,mutual_info,19,0.01065638843105332,-1.0,-1,-1,2.0,1,0.032813458999982004
sonar,208,60,166,2,mutual_info,20,0.06957438405864447,-1.0,-1,-1,2.0,1,0.032813458999982004
sonar,208,60,166,2,mutual_info,21,0.0681700368819802,-1.0,-1,-1,2.0,1,0.032813458999982004
sonar,208,60,166,2,mutual_info,22,0.05432987525213018,-1.0,-1,-1,2.0,1,0.032813458999982004
sonar,208,60,166,2,mutual_info,23,0.028254614285834423,-1.0,-1,-1,2.0,1,0.032813458999982004
sonar,208,60,166,2,mutual_info,24,0.09449412031095372,-1.0,-1,-1,2.0,1,0.032813458999982004
sonar,208,60,166,2,mutual_info,25,0.0,-1.0,-1,-1,2.0,1,0.032813458999982004
sonar,208,60,166,2,mutual_info,26,0.0,-1.0,-1,-1,2.0,1,0.032813458999982004
sonar,208,60,166,2,mutual_info,27,0.03327984800577366,-1.0,-1,-1,2.0,1,0.032813458999982004
sonar,208,60,166,2,mutual_info,28,0.005268762335595811,-1.0,-1,-1,2.0,1,0.032813458999982004
sonar,208,60,166,2,mutual_info,29,0.0,-1.0,-1,-1,2.0,1,0.032813458999982004
sonar,208,60,166,2,mutual_info,30,0.051457883573441165,-1.0,-1,-1,2.0,1,0.032813458999982004
sonar,208,60,166,2,mutual_info,31,0.0,-1.0,-1,-1,2.0,1,0.032813458999982004
sonar,208,60,166,2,mutual_info,32,0.0,-1.0,-1,-1,2.0,1,0.032813458999982004
sonar,208,60,166,2,mutual_info,33,0.0,-1.0,-1,-1,2.0,1,0.032813458999982004
sonar,208,60,166,2,mutual_info,34,0.0,-1.0,-1,-1,2.0,1,0.032813458999982004
sonar,208,60,166,2,mutual_info,35,0.053262115250103825,-1.0,-1,-1,2.0,1,0.032813458999982004
sonar,208,60,166,2,mutual_info,36,0.032465897100151686,-1.0,-1,-1,2.0,1,0.032813458999982004
sonar,208,60,166,2,mutual_info,37,0.049932434457630404,-1.0,-1,-1,2.0,1,0.032813458999982004
sonar,208,60,166,2,mutual_info,38,0.05657189606697166,-1.0,-1,-1,2.0,1,0.032813458999982004
sonar,208,60,166,2,mutual_info,39,0.027246586169372478,-1.0,-1,-1,2.0,1,0.032813458999982004
sonar,208,60,166,2,mutual_info,40,0.0,-1.0,-1,-1,2.0,1,0.032813458999982004
sonar,208,60,166,2,mutual_info,41,0.0,-1.0,-1,-1,2.0,1,0.032813458999982004
sonar,208,60,166,2,mutual_info,42,0.03435972659222286,-1.0,-1,-1,2.0,1,0.032813458999982004
sonar,208,60,166,2,mutual_info,43,0.06674577859449693,-1.0,-1,-1,2.0,1,0.032813458999982004
sonar,208,60,166,2,mutual_info,44,0.02144678116124954,-1.0,-1,-1,2.0,1,0.032813458999982004
sonar,208,60,166,2,mutual_info,45,0.08453140433486528,-1.0,-1,-1,2.0,1,0.032813458999982004
sonar,208,60,166,2,mutual_info,46,0.012287281752236812,-1.0,-1,-1,2.0,1,0.032813458999982004
sonar,208,60,166,2,mutual_info,47,0.06391611152157006,-1.0,-1,-1,2.0,1,0.032813458999982004
sonar,208,60,166,2,mutual_info,48,0.0773146417007542,-1.0,-1,-1,2.0,1,0.032813458999982004
sonar,208,60,166,2,mutual_info,49,0.0010224254572601676,-1.0,-1,-1,2.0,1,0.032813458999982004
sonar,208,60,166,2,mutual_info,50,0.00047568304304768105,-1.0,-1,-1,2.0,1,0.032813458999982004
sonar,208,60,166,2,mutual_info,51,0.03790466480229182,-1.0,-1,-1,2.0,1,0.032813458999982004
sonar,208,60,166,2,mutual_info,52,0.0,-1.0,-1,-1,2.0,1,0.032813458999982004
sonar,208,60,166,2,mutual_info,53,0.0,-1.0,-1,-1,2.0,1,0.032813458999982004
sonar,208,60,166,2,mutual_info,54,0.03452108877520077,-1.0,-1,-1,2.0,1,0.032813458999982004
sonar,208,60,166,2,mutual_info,55,0.0,-1.0,-1,-1,2.0,1,0.032813458999982004
sonar,208,60,166,2,mutual_info,56,0.0,-1.0,-1,-1,2.0,1,0.032813458999982004
sonar,208,60,166,2,mutual_info,57,0.03970189420056025,-1.0,-1,-1,2.0,1,0.032813458999982004
sonar,208,60,166,2,mutual_info,58,0.061516584931614826,-1.0,-1,-1,2.0,1,0.032813458999982004
sonar,208,60,166,2,mutual_info,59,0.0,-1.0,-1,-1,2.0,1,0.032813458999982004
sonar,208,60,166,2,variance,0,1.0703337643655948,-1.0,-1,-1,2.0,1,2.529099998582751e-05
sonar,208,60,166,2,variance,1,1.0950933575469406,-1.0,-1,-1,2.0,1,2.529099998582751e-05
sonar,208,60,166,2,variance,2,1.1053844417307532,-1.0,-1,-1,2.0,1,2.529099998582751e-05
sonar,208,60,166,2,variance,3,1.1181910550975316,-1.0,-1,-1,2.0,1,2.529099998582751e-05
sonar,208,60,166,2,variance,4,1.1193538511727374,-1.0,-1,-1,2.0,1,2.529099998582751e-05
sonar,208,60,166,2,variance,5,1.1065724690741934,-1.0,-1,-1,2.0,1,2.529099998582751e-05
sonar,208,60,166,2,variance,6,1.0491975077150588,-1.0,-1,-1,2.0,1,2.529099998582751e-05
sonar,208,60,166,2,variance,7,1.0125975125455307,-1.0,-1,-1,2.0,1,2.529099998582751e-05
sonar,208,60,166,2,variance,8,1.0298752620247456,-1.0,-1,-1,2.0,1,2.529099998582751e-05
sonar,208,60,166,2,variance,9,1.086262433992514,-1.0,-1,-1,2.0,1,2.529099998582751e-05
sonar,208,60,166,2,variance,10,1.1132786243336308,-1.0,-1,-1,2.0,1,2.529099998582751e-05
sonar,208,60,166,2,variance,11,1.0548020885721197,-1.0,-1,-1,2.0,1,2.529099998582751e-05
sonar,208,60,166,2,variance,12,1.0314662210336427,-1.0,-1,-1,2.0,1,2.529099998582751e-05
sonar,208,60,166,2,variance,13,1.0563433553137438,-1.0,-1,-1,2.0,1,2.529099998582751e-05
sonar,208,60,166,2,variance,14,1.0362205220114518,-1.0,-1,-1,2.0,1,2.529099998582751e-05
sonar,208,60,166,2,variance,15,1.0156665983649404,-1.0,-1,-1,2.0,1,2.529099998582751e-05
sonar,208,60,166,2,variance,16,1.0013390852741662,-1.0,-1,-1,2.0,1,2.529099998582751e-05
sonar,208,60,166,2,variance,17,0.9740412280706765,-1.0,-1,-1,2.0,1,2.529099998582751e-05
sonar,208,60,166,2,variance,18,0.9487208698104663,-1.0,-1,-1,2.0,1,2.529099998582751e-05
sonar,208,60,166,2,variance,19,0.9661638244353924,-1.0,-1,-1,2.0,1,2.529099998582751e-05
sonar,208,60,166,2,variance,20,0.9956113800038373,-1.0,-1,-1,2.0,1,2.529099998582751e-05
sonar,208,60,166,2,variance,21,0.9877433493868721,-1.0,-1,-1,2.0,1,2.529099998582751e-05
sonar,208,60,166,2,variance,22,0.9911061942070652,-1.0,-1,-1,2.0,1,2.529099998582751e-05
sonar,208,60,166,2,variance,23,0.9960191103637056,-1.0,-1,-1,2.0,1,2.529099998582751e-05
sonar,208,60,166,2,variance,24,0.9444306296462806,-1.0,-1,-1,2.0,1,2.529099998582751e-05
sonar,208,60,166,2,variance,25,0.8888214178004179,-1.0,-1,-1,2.0,1,2.529099998582751e-05
sonar,208,60,166,2,variance,26,0.9111495713573333,-1.0,-1,-1,2.0,1,2.529099998582751e-05
sonar,208,60,166,2,variance,27,0.9603103945353622,-1.0,-1,-1,2.0,1,2.529099998582751e-05
sonar,208,60,166,2,variance,28,0.9828821071128357,-1.0,-1,-1,2.0,1,2.529099998582751e-05
sonar,208,60,166,2,variance,29,1.0220029109913618,-1.0,-1,-1,2.0,1,2.529099998582751e-05
sonar,208,60,166,2,variance,30,1.0647248390388773,-1.0,-1,-1,2.0,1,2.529099998582751e-05
sonar,208,60,166,2,variance,31,1.0319928526018678,-1.0,-1,-1,2.0,1,2.529099998582751e-05
sonar,208,60,166,2,variance,32,1.022579805227993,-1.0,-1,-1,2.0,1,2.529099998582751e-05
sonar,208,60,166,2,variance,33,0.985196681654281,-1.0,-1,-1,2.0,1,2.529099998582751e-05
sonar,208,60,166,2,variance,34,0.9966991562065188,-1.0,-1,-1,2.0,1,2.529099998582751e-05
sonar,208,60,166,2,variance,35,0.9425158951698648,-1.0,-1,-1,2.0,1,2.529099998582751e-05
sonar,208,60,166,2,variance,36,0.9171278863958612,-1.0,-1,-1,2.0,1,2.529099998582751e-05
sonar,208,60,166,2,variance,37,0.9522184511287928,-1.0,-1,-1,2.0,1,2.529099998582751e-05
sonar,208,60,166,2,variance,38,1.0116259641247924,-1.0,-1,-1,2.0,1,2.529099998582751e-05
sonar,208,60,166,2,variance,39,1.0189248640638033,-1.0,-1,-1,2.0,1,2.529099998582751e-05
sonar,208,60,166,2,variance,40,0.9848066834155415,-1.0,-1,-1,2.0,1,2.529099998582751e-05
sonar,208,60,166,2,variance,41,1.0213797114064933,-1.0,-1,-1,2.0,1,2.529099998582751e-05
sonar,208,60,166,2,variance,42,1.017729722485133,-1.0,-1,-1,2.0,1,2.529099998582751e-05
sonar,208,60,166,2,variance,43,1.0694840060601918,-1.0,-1,-1,2.0,1,2.529099998582751e-05
sonar,208,60,166,2,variance,44,1.0788725679622813,-1.0,-1,-1,2.0,1,2.529099998582751e-05
sonar,208,60,166,2,variance,45,1.0838676843568475,-1.0,-1,-1,2.0,1,2.529099998582751e-05
sonar,208,60,166,2,variance,46,1.0476208567288263,-1.0,-1,-1,2.0,1,2.529099998582751e-05
sonar,208,60,166,2,variance,47,1.0278874588643554,-1.0,-1,-1,2.0,1,2.529099998582751e-05
sonar,208,60,166,2,variance,48,1.0005067079905512,-1.0,-1,-1,2.0,1,2.529099998582751e-05
sonar,208,60,166,2,variance,49,0.9272337129045587,-1.0,-1,-1,2.0,1,2.529099998582751e-05
sonar,208,60,166,2,variance,50,1.1108662257465203,-1.0,-1,-1,2.0,1,2.529099998582751e-05
sonar,208,60,166,2,variance,51,1.0954712995962816,-1.0,-1,-1,2.0,1,2.529099998582751e-05
sonar,208,60,166,2,variance,52,1.07712846466736,-1.0,-1,-1,2.0,1,2.529099998582751e-05
sonar,208,60,166,2,variance,53,1.010106405643542,-1.0,-1,-1,2.0,1,2.529099998582751e-05
sonar,208,60,166,2,variance,54,1.0564476719985323,-1.0,-1,-1,2.0,1,2.529099998582751e-05
sonar,208,60,166,2,variance,55,1.0814273264921037,-1.0,-1,-1,2.0,1,2.529099998582751e-05
sonar,208,60,166,2,variance,56,1.1300739152558332,-1.0,-1,-1,2.0,1,2.529099998582751e-05
sonar,208,60,166,2,variance,57,1.1216677452073527,-1.0,-1,-1,2.0,1,2.529099998582751e-05
sonar,208,60,166,2,variance,58,1.052039162129039,-1.0,-1,-1,2.0,1,2.529099998582751e-05
sonar,208,60,166,2,variance,59,1.0957028344104065,-1.0,-1,-1,2.0,1,2.529099998582751e-05
sonar,208,60,166,3,pai,0,0.9841067790985107,11.31865824916971,166,0,2.0,1,0.017819750000001022
sonar,208,60,166,3,pai,1,0.9759537577629089,14.123828595171087,166,0,2.0,1,0.017819750000001022
sonar,208,60,166,3,pai,2,0.0,15.880789626259233,166,0,2.0,1,0.017819750000001022
sonar,208,60,166,3,pai,3,0.0,18.123067564157807,166,0,2.0,1,0.017819750000001022
sonar,208,60,166,3,pai,4,0.0,14.197433279531806,166,0,2.0,1,0.017819750000001022
sonar,208,60,166,3,pai,5,0.9535604119300842,12.621434528816458,166,0,2.0,1,0.017819750000001022
sonar,208,60,166,3,pai,6,0.9966805577278137,11.992371872978172,166,0,2.0,1,0.017819750000001022
sonar,208,60,166,3,pai,7,0.0,10.677215025483047,166,0,2.0,1,0.017819750000001022
sonar,208,60,166,3,pai,8,0.0,11.435851883305721,166,0,2.0,1,0.017819750000001022
sonar,208,60,166,3,pai,9,0.0,10.23773047362508,166,0,2.0,1,0.017819750000001022
sonar,208,60,166,3,pai,10,0.0,10.65526791277686,166,0,2.0,1,0.017819750000001022
sonar,208,60,166,3,pai,11,0.0,9.039976747293851,166,0,2.0,1,0.017819750000001022
sonar,208,60,166,3,pai,12,0.9689599275588989,9.725305086130351,166,0,2.0,1,0.017819750000001022
sonar,208,60,166,3,pai,13,0.9655332565307617,11.640765097620413,166,0,2.0,1,0.017819750000001022
sonar,208,60,166,3,pai,14,0.9924724698066711,9.729062050283225,166,0,2.0,1,0.017819750000001022
sonar,208,60,166,3,pai,15,0.0,8.467402559289875,166,0,2.0,1,0.017819750000001022
sonar,208,60,166,3,pai,16,0.0,7.33797827035214,166,0,2.0,1,0.017819750000001022
sonar,208,60,166,3,pai,17,0.0,7.378308732981794,166,0,2.0,1,0.017819750000001022
sonar,208,60,166,3,pai,18,0.0,7.12832989678528,166,0,2.0,1,0.017819750000001022
sonar,208,60,166,3,pai,19,0.0,7.1322619447717335,166,0,2.0,1,0.017819750000001022
sonar,208,60,166,3,pai,20,0.0,7.37798376368074,166,0,2.0,1,0.017819750000001022
sonar,208,60,166,3,pai,21,0.0,7.663340412846905,166,0,2.0,1,0.017819750000001022
sonar,208,60,166,3,pai,22,0.0,7.562507822717096,166,0,2.0,1,0.017819750000001022
sonar,208,60,166,3,pai,23,0.0,8.183927773199448,166,0,2.0,1,0.017819750000001022
sonar,208,60,166,3,pai,24,0.0,7.988967248018179,166,0,2.0,1,0.017819750000001022
sonar,208,60,166,3,pai,25,0.0,7.672714750122436,166,0,2.0,1,0.017819750000001022
sonar,208,60,166,3,pai,26,0.0,7.768528111121972,166,0,2.0,1,0.017819750000001022
sonar,208,60,166,3,pai,27,0.0,7.749193224927364,166,0,2.0,1,0.017819750000001022
sonar,208,60,166,3,pai,28,0.0,8.224589023046313,166,0,2.0,1,0.017819750000001022
sonar,208,60,166,3,pai,29,0.9994351267814636,8.525184656593167,166,0,2.0,1,0.017819750000001022
sonar,208,60,166,3,pai,30,0.0,8.594820284036118,166,0,2.0,1,0.017819750000001022
sonar,208,60,166,3,pai,31,0.0,8.067742277691227,166,0,2.0,1,0.017819750000001022
sonar,208,60,166,3,pai,32,0.0,9.244918420154706,166,0,2.0,1,0.017819750000001022
sonar,208,60,166,3,pai,33,0.0,8.179984888405485,166,0,2.0,1,0.017819750000001022
sonar,208,60,166,3,pai,34,0.0,7.547912896206572,166,0,2.0,1,0.017819750000001022
sonar,208,60,166,3,pai,35,0.0,7.529831874376546,166,0,2.0,1,0.017819750000001022
sonar,208,60,166,3,pai,36,0.0,7.6428439989565895,166,0,2.0,1,0.017819750000001022
sonar,208,60,166,3,pai,37,0.0,8.537107025315898,166,0,2.0,1,0.017819750000001022
sonar,208,60,166,3,pai,38,0.0,9.553088387342523,166,0,2.0,1,0.017819750000001022
sonar,208,60,166,3,pai,39,0.0,10.301207003569182,166,0,2.0,1,0.017819750000001022
sonar,208,60,166,3,pai,40,0.0,10.117207317306832,166,0,2.0,1,0.017819750000001022
sonar,208,60,166,3,pai,41,0.0,9.731336980435506,166,0,2.0,1,0.017819750000001022
sonar,208,60,166,3,pai,42,0.0,11.153993445736038,166,0,2.0,1,0.017819750000001022
sonar,208,60,166,3,pai,43,0.9740397930145264,11.674800784308077,166,0,2.0,1,0.017819750000001022
sonar,208,60,166,3,pai,44,0.9744116067886353,9.300324767002449,166,0,2.0,1,0.017819750000001022
sonar,208,60,166,3,pai,45,0.0,10.914896160858184,166,0,2.0,1,0.017819750000001022
sonar,208,60,166,3,pai,46,0.0,12.731796447769879,166,0,2.0,1,0.017819750000001022
sonar,208,60,166,3,pai,47,0.0,10.724869575596085,166,0,2.0,1,0.017819750000001022
sonar,208,60,166,3,pai,48,0.0,11.04623083938804,166,0,2.0,1,0.017819750000001022
sonar,208,60,166,3,pai,49,0.9963083267211914,11.428886588381715,166,0,2.0,1,0.017819750000001022
sonar,208,60,166,3,pai,50,0.0,16.761834867361074,166,0,2.0,1,0.017819750000001022
sonar,208,60,166,3,pai,51,0.0,14.587755422361568,166,0,2.0,1,0.017819750000001022
sonar,208,60,166,3,pai,52,0.0,10.932304957734157,166,0,2.0,1,0.017819750000001022
sonar,208,60,166,3,pai,53,0.958170473575592,9.391432787934544,166,0,2.0,1,0.017819750000001022
sonar,208,60,166,3,pai,54,0.997694730758667,10.352769603970627,166,0,2.0,1,0.017819750000001022
sonar,208,60,166,3,pai,55,0.0,11.254206503959654,166,0,2.0,1,0.017819750000001022
sonar,208,60,166,3,pai,56,0.9870139360427856,8.697804793967086,166,0,2.0,1,0.017819750000001022
sonar,208,60,166,3,pai,57,0.0,11.58922781197776,166,0,2.0,1,0.017819750000001022
sonar,208,60,166,3,pai,58,0.0,9.502951011877979,166,0,2.0,1,0.017819750000001022
sonar,208,60,166,3,pai,59,0.9955782294273376,8.966045750013514,166,0,2.0,1,0.017819750000001022
sonar,208,60,166,3,nrs,0,0.01204819277108432,-1.0,-1,-1,2.0,1,0.0338021670000046
sonar,208,60,166,3,nrs,1,0.01204819277108432,-1.0,-1,-1,2.0,1,0.0338021670000046
sonar,208,60,166,3,nrs,2,0.0,-1.0,-1,-1,2.0,1,0.0338021670000046
sonar,208,60,166,3,nrs,3,0.01204819277108432,-1.0,-1,-1,2.0,1,0.0338021670000046
sonar,208,60,166,3,nrs,4,0.01204819277108432,-1.0,-1,-1,2.0,1,0.0338021670000046
sonar,208,60,166,3,nrs,5,0.01204819277108432,-1.0,-1,-1,2.0,1,0.0338021670000046
sonar,208,60,166,3,nrs,6,-0.02409638554216864,-1.0,-1,-1,2.0,1,0.0338021670000046
sonar,208,60,166,3,nrs,7,0.01204819277108432,-1.0,-1,-1,2.0,1,0.0338021670000046
sonar,208,60,166,3,nrs,8,0.01204819277108432,-1.0,-1,-1,2.0,1,0.0338021670000046
sonar,208,60,166,3,nrs,9,0.006024096385542188,-1.0,-1,-1,2.0,1,0.0338021670000046
sonar,208,60,166,3,nrs,10,0.03614457831325302,-1.0,-1,-1,2.0,1,0.0338021670000046
sonar,208,60,166,3,nrs,11,0.01807228915662651,-1.0,-1,-1,2.0,1,0.0338021670000046
sonar,208,60,166,3,nrs,12,0.024096385542168697,-1.0,-1,-1,2.0,1,0.0338021670000046
sonar,208,60,166,3,nrs,13,0.006024096385542188,-1.0,-1,-1,2.0,1,0.0338021670000046
sonar,208,60,166,3,nrs,14,-0.0060240963855421326,-1.0,-1,-1,2.0,1,0.0338021670000046
sonar,208,60,166,3,nrs,15,-0.01204819277108432,-1.0,-1,-1,2.0,1,0.0338021670000046
sonar,208,60,166,3,nrs,16,0.0,-1.0,-1,-1,2.0,1,0.0338021670000046
sonar,208,60,166,3,nrs,17,-0.0060240963855421326,-1.0,-1,-1,2.0,1,0.0338021670000046
sonar,208,60,166,3,nrs,18,0.006024096385542188,-1.0,-1,-1,2.0,1,0.0338021670000046
sonar,208,60,166,3,nrs,19,-0.0060240963855421326,-1.0,-1,-1,2.0,1,0.0338021670000046
sonar,208,60,166,3,nrs,20,0.0,-1.0,-1,-1,2.0,1,0.0338021670000046
sonar,208,60,166,3,nrs,21,-0.01807228915662651,-1.0,-1,-1,2.0,1,0.0338021670000046
sonar,208,60,166,3,nrs,22,0.0,-1.0,-1,-1,2.0,1,0.0338021670000046
sonar,208,60,166,3,nrs,23,0.0,-1.0,-1,-1,2.0,1,0.0338021670000046
sonar,208,60,166,3,nrs,24,0.006024096385542188,-1.0,-1,-1,2.0,1,0.0338021670000046
sonar,208,60,166,3,nrs,25,0.0,-1.0,-1,-1,2.0,1,0.0338021670000046
sonar,208,60,166,3,nrs,26,0.006024096385542188,-1.0,-1,-1,2.0,1,0.0338021670000046
sonar,208,60,166,3,nrs,27,0.01807228915662651,-1.0,-1,-1,2.0,1,0.0338021670000046
sonar,208,60,166,3,nrs,28,0.01204819277108432,-1.0,-1,-1,2.0,1,0.0338021670000046
sonar,208,60,166,3,nrs,29,0.01204819277108432,-1.0,-1,-1,2.0,1,0.0338021670000046
sonar,208,60,166,3,nrs,30,-0.0060240963855421326,-1.0,-1,-1,2.0,1,0.0338021670000046
sonar,208,60,166,3,nrs,31,-0.01807228915662651,-1.0,-1,-1,2.0,1,0.0338021670000046
sonar,208,60,166,3,nrs,32,-0.01204819277108432,-1.0,-1,-1,2.0,1,0.0338021670000046
sonar,208,60,166,3,nrs,33,0.0,-1.0,-1,-1,2.0,1,0.0338021670000046
sonar,208,60,166,3,nrs,34,-0.0060240963855421326,-1.0,-1,-1,2.0,1,0.0338021670000046
sonar,208,60,166,3,nrs,35,-0.0060240963855421326,-1.0,-1,-1,2.0,1,0.0338021670000046
sonar,208,60,166,3,nrs,36,0.01204819277108432,-1.0,-1,-1,2.0,1,0.0338021670000046
sonar,208,60,166,3,nrs,37,0.01204819277108432,-1.0,-1,-1,2.0,1,0.0338021670000046
sonar,208,60,166,3,nrs,38,0.0,-1.0,-1,-1,2.0,1,0.0338021670000046
sonar,208,60,166,3,nrs,39,0.01204819277108432,-1.0,-1,-1,2.0,1,0.0338021670000046
sonar,208,60,166,3,nrs,40,-0.0060240963855421326,-1.0,-1,-1,2.0,1,0.0338021670000046
sonar,208,60,166,3,nrs,41,-0.0060240963855421326,-1.0,-1,-1,2.0,1,0.0338021670000046
sonar,208,60,166,3,nrs,42,0.0,-1.0,-1,-1,2.0,1,0.0338021670000046
sonar,208,60,166,3,nrs,43,0.006024096385542188,-1.0,-1,-1,2.0,1,0.0338021670000046
sonar,208,60,166,3,nrs,44,0.01204819277108432,-1.0,-1,-1,2.0,1,0.0338021670000046
sonar,208,60,166,3,nrs,45,0.01807228915662651,-1.0,-1,-1,2.0,1,0.0338021670000046
sonar,208,60,166,3,nrs,46,0.01807228915662651,-1.0,-1,-1,2.0,1,0.0338021670000046
sonar,208,60,166,3,nrs,47,0.024096385542168697,-1.0,-1,-1,2.0,1,0.0338021670000046
sonar,208,60,166,3,nrs,48,0.024096385542168697,-1.0,-1,-1,2.0,1,0.0338021670000046
sonar,208,60,166,3,nrs,49,-0.0060240963855421326,-1.0,-1,-1,2.0,1,0.0338021670000046
sonar,208,60,166,3,nrs,50,-0.01204819277108432,-1.0,-1,-1,2.0,1,0.0338021670000046
sonar,208,60,166,3,nrs,51,0.024096385542168697,-1.0,-1,-1,2.0,1,0.0338021670000046
sonar,208,60,166,3,nrs,52,0.0,-1.0,-1,-1,2.0,1,0.0338021670000046
sonar,208,60,166,3,nrs,53,0.006024096385542188,-1.0,-1,-1,2.0,1,0.0338021670000046
sonar,208,60,166,3,nrs,54,0.0,-1.0,-1,-1,2.0,1,0.0338021670000046
sonar,208,60,166,3,nrs,55,-0.0060240963855421326,-1.0,-1,-1,2.0,1,0.0338021670000046
sonar,208,60,166,3,nrs,56,-0.0060240963855421326,-1.0,-1,-1,2.0,1,0.0338021670000046
sonar,208,60,166,3,nrs,57,0.0,-1.0,-1,-1,2.0,1,0.0338021670000046
sonar,208,60,166,3,nrs,58,0.0,-1.0,-1,-1,2.0,1,0.0338021670000046
sonar,208,60,166,3,nrs,59,0.006024096385542188,-1.0,-1,-1,2.0,1,0.0338021670000046
sonar,208,60,166,3,relieff,0,0.004518072289156626,-1.0,-1,-1,2.0,1,0.08902408400001605
sonar,208,60,166,3,relieff,1,0.0074489171154903805,-1.0,-1,-1,2.0,1,0.08902408400001605
sonar,208,60,166,3,relieff,2,0.0019378433576619223,-1.0,-1,-1,2.0,1,0.08902408400001605
sonar,208,60,166,3,relieff,3,0.0060308280196391855,-1.0,-1,-1,2.0,1,0.08902408400001605
sonar,208,60,166,3,relieff,4,0.01261048260147862,-1.0,-1,-1,2.0,1,0.08902408400001605
sonar,208,60,166,3,relieff,5,0.012576940387187019,-1.0,-1,-1,2.0,1,0.08902408400001605
sonar,208,60,166,3,relieff,6,0.0012101979345955276,-1.0,-1,-1,2.0,1,0.08902408400001605
sonar,208,60,166,3,relieff,7,0.024458628339155956,-1.0,-1,-1,2.0,1,0.08902408400001605
sonar,208,60,166,3,relieff,8,0.05769448295179834,-1.0,-1,-1,2.0,1,0.08902408400001605
sonar,208,60,166,3,relieff,9,0.059113639874182014,-1.0,-1,-1,2.0,1,0.08902408400001605
sonar,208,60,166,3,relieff,10,0.07736928146443701,-1.0,-1,-1,2.0,1,0.08902408400001605
sonar,208,60,166,3,relieff,11,0.0862026637264702,-1.0,-1,-1,2.0,1,0.08902408400001605
sonar,208,60,166,3,relieff,12,0.04590047819238345,-1.0,-1,-1,2.0,1,0.08902408400001605
sonar,208,60,166,3,relieff,13,0.009003153977165203,-1.0,-1,-1,2.0,1,0.08902408400001605
sonar,208,60,166,3,relieff,14,0.010150019276625007,-1.0,-1,-1,2.0,1,0.08902408400001605
sonar,208,60,166,3,relieff,15,0.017814735432673093,-1.0,-1,-1,2.0,1,0.08902408400001605
sonar,208,60,166,3,relieff,16,0.022173867992954104,-1.0,-1,-1,2.0,1,0.08902408400001605
sonar,208,60,166,3,relieff,17,0.00768674698795181,-1.0,-1,-1,2.0,1,0.08902408400001605
sonar,208,60,166,3,relieff,18,0.014199346169152796,-1.0,-1,-1,2.0,1,0.08902408400001605
sonar,208,60,166,3,relieff,19,0.02577119264730155,-1.0,-1,-1,2.0,1,0.08902408400001605
sonar,208,60,166,3,relieff,20,0.026420627704748165,-1.0,-1,-1,2.0,1,0.08902408400001605
sonar,208,60,166,3,relieff,21,0.010776610172414432,-1.0,-1,-1,2.0,1,0.08902408400001605
sonar,208,60,166,3,relieff,22,0.015020918685869893,-1.0,-1,-1,2.0,1,0.08902408400001605
sonar,208,60,166,3,relieff,23,0.011817868749868853,-1.0,-1,-1,2.0,1,0.08902408400001605
sonar,208,60,166,3,relieff,24,0.015840472545921386,-1.0,-1,-1,2.0,1,0.08902408400001605
sonar,208,60,166,3,relieff,25,0.016172631930962095,-1.0,-1,-1,2.0,1,0.08902408400001605
sonar,208,60,166,3,relieff,26,0.022713292501870087,-1.0,-1,-1,2.0,1,0.08902408400001605
sonar,208,60,166,3,relieff,27,0.03927779179545406,-1.0,-1,-1,2.0,1,0.08902408400001605
sonar,208,60,166,3,relieff,28,0.02787697054451574,-1.0,-1,-1,2.0,1,0.08902408400001605
sonar,208,60,166,3,relieff,29,0.021798539636333762,-1.0,-1,-1,2.0,1,0.08902408400001605
sonar,208,60,166,3,relieff,30,0.02535537834792408,-1.0,-1,-1,2.0,1,0.08902408400001605
sonar,208,60,166,3,relieff,31,0.017837531222664817,-1.0,-1,-1,2.0,1,0.08902408400001605
sonar,208,60,166,3,relieff,32,0.010031452071016397,-1.0,-1,-1,2.0,1,0.08902408400001605
sonar,208,60,166,3,relieff,33,0.014681109174376357,-1.0,-1,-1,2.0,1,0.08902408400001605
sonar,208,60,166,3,relieff,34,0.01263936434545068,-1.0,-1,-1,2.0,1,0.08902408400001605
sonar,208,60,166,3,relieff,35,0.055780764185775385,-1.0,-1,-1,2.0,1,0.08902408400001605
sonar,208,60,166,3,relieff,36,0.04358268411498606,-1.0,-1,-1,2.0,1,0.08902408400001605
sonar,208,60,166,3,relieff,37,0.019276909158300423,-1.0,-1,-1,2.0,1,0.08902408400001605
sonar,208,60,166,3,relieff,38,0.020781798922445003,-1.0,-1,-1,2.0,1,0.08902408400001605
sonar,208,60,166,3,relieff,39,0.012149447463054843,-1.0,-1,-1,2.0,1,0.08902408400001605
sonar,208,60,166,3,relieff,40,0.01785267299656064,-1.0,-1,-1,2.0,1,0.08902408400001605
sonar,208,60,166,3,relieff,41,0.016928372831987292,-1.0,-1,-1,2.0,1,0.08902408400001605
sonar,208,60,166,3,relieff,42,0.019076201352675674,-1.0,-1,-1,2.0,1,0.08902408400001605
sonar,208,60,166,3,relieff,43,0.029990174560649195,-1.0,-1,-1,2.0,1,0.08902408400001605
sonar,208,60,166,3,relieff,44,0.03932756901932438,-1.0,-1,-1,2.0,1,0.08902408400001605
sonar,208,60,166,3,relieff,45,0.028792322333767332,-1.0,-1,-1,2.0,1,0.08902408400001605
sonar,208,60,166,3,relieff,46,0.03084998450884305,-1.0,-1,-1,2.0,1,0.08902408400001605
sonar,208,60,166,3,relieff,47,0.04178366656202526,-1.0,-1,-1,2.0,1,0.08902408400001605
sonar,208,60,166,3,relieff,48,0.03588336181677747,-1.0,-1,-1,2.0,1,0.08902408400001605
sonar,208,60,166,3,relieff,49,0.0023191611117125764,-1.0,-1,-1,2.0,1,0.08902408400001605
sonar,208,60,166,3,relieff,50,0.011968391494263913,-1.0,-1,-1,2.0,1,0.08902408400001605
sonar,208,60,166,3,relieff,51,0.014762903253527665,-1.0,-1,-1,2.0,1,0.08902408400001605
sonar,208,60,166,3,relieff,52,0.004335784697230477,-1.0,-1,-1,2.0,1,0.08902408400001605
sonar,208,60,166,3,relieff,53,0.0142904953145917,-1.0,-1,-1,2.0,1,0.08902408400001605
sonar,208,60,166,3,relieff,54,0.00023865955625781767,-1.0,-1,-1,2.0,1,0.08902408400001605
sonar,208,60,166,3,relieff,55,0.00035171742872110005,-1.0,-1,-1,2.0,1,0.08902408400001605
sonar,208,60,166,3,relieff,56,-0.0012432198915182646,-1.0,-1,-1,2.0,1,0.08902408400001605
sonar,208,60,166,3,relieff,57,0.002937955028670833,-1.0,-1,-1,2.0,1,0.08902408400001605
sonar,208,60,166,3,relieff,58,-0.0005386734651918268,-1.0,-1,-1,2.0,1,0.08902408400001605
sonar,208,60,166,3,relieff,59,0.009360107095046857,-1.0,-1,-1,2.0,1,0.08902408400001605
sonar,208,60,166,3,mutual_info,0,0.004027132527086197,-1.0,-1,-1,2.0,1,0.033133708000008255
sonar,208,60,166,3,mutual_info,1,0.0,-1.0,-1,-1,2.0,1,0.033133708000008255
sonar,208,60,166,3,mutual_info,2,0.0325670761489012,-1.0,-1,-1,2.0,1,0.033133708000008255
sonar,208,60,166,3,mutual_info,3,0.0,-1.0,-1,-1,2.0,1,0.033133708000008255
sonar,208,60,166,3,mutual_info,4,0.049097857785150856,-1.0,-1,-1,2.0,1,0.033133708000008255
sonar,208,60,166,3,mutual_info,5,0.0,-1.0,-1,-1,2.0,1,0.033133708000008255
sonar,208,60,166,3,mutual_info,6,0.06467816383670733,-1.0,-1,-1,2.0,1,0.033133708000008255
sonar,208,60,166,3,mutual_info,7,0.08618912101315956,-1.0,-1,-1,2.0,1,0.033133708000008255
sonar,208,60,166,3,mutual_info,8,0.07976042152479157,-1.0,-1,-1,2.0,1,0.033133708000008255
sonar,208,60,166,3,mutual_info,9,0.03977103143093319,-1.0,-1,-1,2.0,1,0.033133708000008255
sonar,208,60,166,3,mutual_info,10,0.14601553044426163,-1.0,-1,-1,2.0,1,0.033133708000008255
sonar,208,60,166,3,mutual_info,11,0.19109412450297691,-1.0,-1,-1,2.0,1,0.033133708000008255
sonar,208,60,166,3,mutual_info,12,0.07141403099849453,-1.0,-1,-1,2.0,1,0.033133708000008255
sonar,208,60,166,3,mutual_info,13,0.03121106789618877,-1.0,-1,-1,2.0,1,0.033133708000008255
sonar,208,60,166,3,mutual_info,14,0.045427888460457755,-1.0,-1,-1,2.0,1,0.033133708000008255
sonar,208,60,166,3,mutual_info,15,0.06300416750466709,-1.0,-1,-1,2.0,1,0.033133708000008255
sonar,208,60,166,3,mutual_info,16,0.040374646757676436,-1.0,-1,-1,2.0,1,0.033133708000008255
sonar,208,60,166,3,mutual_info,17,0.0,-1.0,-1,-1,2.0,1,0.033133708000008255
sonar,208,60,166,3,mutual_info,18,0.04512438162789301,-1.0,-1,-1,2.0,1,0.033133708000008255
sonar,208,60,166,3,mutual_info,19,0.044629440007678545,-1.0,-1,-1,2.0,1,0.033133708000008255
sonar,208,60,166,3,mutual_info,20,0.04254387734203835,-1.0,-1,-1,2.0,1,0.033133708000008255
sonar,208,60,166,3,mutual_info,21,0.011663916390319606,-1.0,-1,-1,2.0,1,0.033133708000008255
sonar,208,60,166,3,mutual_info,22,0.009855147062946656,-1.0,-1,-1,2.0,1,0.033133708000008255
sonar,208,60,166,3,mutual_info,23,0.027292489624314742,-1.0,-1,-1,2.0,1,0.033133708000008255
sonar,208,60,166,3,mutual_info,24,0.10200984644656153,-1.0,-1,-1,2.0,1,0.033133708000008255
sonar,208,60,166,3,mutual_info,25,0.0,-1.0,-1,-1,2.0,1,0.033133708000008255
sonar,208,60,166,3,mutual_info,26,0.0,-1.0,-1,-1,2.0,1,0.033133708000008255
sonar,208,60,166,3,mutual_info,27,0.04178656519615731,-1.0,-1,-1,2.0,1,0.033133708000008255
sonar,208,60,166,3,mutual_info,28,0.0,-1.0,-1,-1,2.0,1,0.033133708000008255
sonar,208,60,166,3,mutual_info,29,0.045248972565737455,-1.0,-1,-1,2.0,1,0.033133708000008255
sonar,208,60,166,3,mutual_info,30,0.007886836709625644,-1.0,-1,-1,2.0,1,0.033133708000008255
sonar,208,60,166,3,mutual_info,31,0.0,-1.0,-1,-1,2.0,1,0.033133708000008255
sonar,208,60,166,3,mutual_info,32,0.03528863504515911,-1.0,-1,-1,2.0,1,0.033133708000008255
sonar,208,60,166,3,mutual_info,33,0.0,-1.0,-1,-1,2.0,1,0.033133708000008255
sonar,208,60,166,3,mutual_info,34,0.011641463156491172,-1.0,-1,-1,2.0,1,0.033133708000008255
sonar,208,60,166,3,mutual_info,35,0.04265796233923158,-1.0,-1,-1,2.0,1,0.033133708000008255
sonar,208,60,166,3,mutual_info,36,0.09716173149666174,-1.0,-1,-1,2.0,1,0.033133708000008255
sonar,208,60,166,3,mutual_info,37,0.01935276368760097,-1.0,-1,-1,2.0,1,0.033133708000008255
sonar,208,60,166,3,mutual_info,38,0.042449178651485564,-1.0,-1,-1,2.0,1,0.033133708000008255
sonar,208,60,166,3,mutual_info,39,0.07122347497096237,-1.0,-1,-1,2.0,1,0.033133708000008255
sonar,208,60,166,3,mutual_info,40,0.0,-1.0,-1,-1,2.0,1,0.033133708000008255
sonar,208,60,166,3,mutual_info,41,0.003450894472478261,-1.0,-1,-1,2.0,1,0.033133708000008255
sonar,208,60,166,3,mutual_info,42,0.004127008853412439,-1.0,-1,-1,2.0,1,0.033133708000008255
sonar,208,60,166,3,mutual_info,43,0.0,-1.0,-1,-1,2.0,1,0.033133708000008255
sonar,208,60,166,3,mutual_info,44,0.03657027238889499,-1.0,-1,-1,2.0,1,0.033133708000008255
sonar,208,60,166,3,mutual_info,45,0.03767479817724673,-1.0,-1,-1,2.0,1,0.033133708000008255
sonar,208,60,166,3,mutual_info,46,0.030970684018313266,-1.0,-1,-1,2.0,1,0.033133708000008255
sonar,208,60,166,3,mutual_info,47,0.09057080083941949,-1.0,-1,-1,2.0,1,0.033133708000008255
sonar,208,60,166,3,mutual_info,48,0.06072600727045696,-1.0,-1,-1,2.0,1,0.033133708000008255
sonar,208,60,166,3,mutual_info,49,0.028692269563251216,-1.0,-1,-1,2.0,1,0.033133708000008255
sonar,208,60,166,3,mutual_info,50,0.017703855465339924,-1.0,-1,-1,2.0,1,0.033133708000008255
sonar,208,60,166,3,mutual_info,51,0.01597911847306266,-1.0,-1,-1,2.0,1,0.033133708000008255
sonar,208,60,166,3,mutual_info,52,0.0,-1.0,-1,-1,2.0,1,0.033133708000008255
sonar,208,60,166,3,mutual_info,53,0.005741289033426078,-1.0,-1,-1,2.0,1,0.033133708000008255
sonar,208,60,166,3,mutual_info,54,0.0,-1.0,-1,-1,2.0,1,0.033133708000008255
sonar,208,60,166,3,mutual_info,55,0.0,-1.0,-1,-1,2.0,1,0.033133708000008255
sonar,208,60,166,3,mutual_info,56,0.0,-1.0,-1,-1,2.0,1,0.033133708000008255
sonar,208,60,166,3,mutual_info,57,0.06697561439780064,-1.0,-1,-1,2.0,1,0.033133708000008255
sonar,208,60,166,3,mutual_info,58,0.04117524341670675,-1.0,-1,-1,2.0,1,0.033133708000008255
sonar,208,60,166,3,mutual_info,59,0.05899428013634633,-1.0,-1,-1,2.0,1,0.033133708000008255
sonar,208,60,166,3,variance,0,0.8854553735152814,-1.0,-1,-1,2.0,1,2.5582999995776845e-05
sonar,208,60,166,3,variance,1,1.065876874522602,-1.0,-1,-1,2.0,1,2.5582999995776845e-05
sonar,208,60,166,3,variance,2,0.9866990888096056,-1.0,-1,-1,2.0,1,2.5582999995776845e-05
sonar,208,60,166,3,variance,3,1.0531082002784649,-1.0,-1,-1,2.0,1,2.5582999995776845e-05
sonar,208,60,166,3,variance,4,0.992718013681669,-1.0,-1,-1,2.0,1,2.5582999995776845e-05
sonar,208,60,166,3,variance,5,0.9230358169898469,-1.0,-1,-1,2.0,1,2.5582999995776845e-05
sonar,208,60,166,3,variance,6,0.9367529569174824,-1.0,-1,-1,2.0,1,2.5582999995776845e-05
sonar,208,60,166,3,variance,7,1.0697890962055079,-1.0,-1,-1,2.0,1,2.5582999995776845e-05
sonar,208,60,166,3,variance,8,1.0245226088473358,-1.0,-1,-1,2.0,1,2.5582999995776845e-05
sonar,208,60,166,3,variance,9,0.9844106670190522,-1.0,-1,-1,2.0,1,2.5582999995776845e-05
sonar,208,60,166,3,variance,10,0.9972114513129495,-1.0,-1,-1,2.0,1,2.5582999995776845e-05
sonar,208,60,166,3,variance,11,0.998563971213073,-1.0,-1,-1,2.0,1,2.5582999995776845e-05
sonar,208,60,166,3,variance,12,1.003628954702791,-1.0,-1,-1,2.0,1,2.5582999995776845e-05
sonar,208,60,166,3,variance,13,0.9791634777898729,-1.0,-1,-1,2.0,1,2.5582999995776845e-05
sonar,208,60,166,3,variance,14,1.0329302728899836,-1.0,-1,-1,2.0,1,2.5582999995776845e-05
sonar,208,60,166,3,variance,15,1.0293458466928795,-1.0,-1,-1,2.0,1,2.5582999995776845e-05
sonar,208,60,166,3,variance,16,1.0256204901942014,-1.0,-1,-1,2.0,1,2.5582999995776845e-05
sonar,208,60,166,3,variance,17,1.0008065736276748,-1.0,-1,-1,2.0,1,2.5582999995776845e-05
sonar,208,60,166,3,variance,18,0.9860627584778465,-1.0,-1,-1,2.0,1,2.5582999995776845e-05
sonar,208,60,166,3,variance,19,1.01396529566392,-1.0,-1,-1,2.0,1,2.5582999995776845e-05
sonar,208,60,166,3,variance,20,1.0422596816385665,-1.0,-1,-1,2.0,1,2.5582999995776845e-05
sonar,208,60,166,3,variance,21,1.0356017491109486,-1.0,-1,-1,2.0,1,2.5582999995776845e-05
sonar,208,60,166,3,variance,22,1.0023703170986733,-1.0,-1,-1,2.0,1,2.5582999995776845e-05
sonar,208,60,166,3,variance,23,1.0046581738581324,-1.0,-1,-1,2.0,1,2.5582999995776845e-05
sonar,208,60,166,3,variance,24,0.995956631775123,-1.0,-1,-1,2.0,1,2.5582999995776845e-05
sonar,208,60,166,3,variance,25,0.9505752612789129,-1.0,-1,-1,2.0,1,2.5582999995776845e-05
sonar,208,60,166,3,variance,26,0.9652350016262595,-1.0,-1,-1,2.0,1,2.5582999995776845e-05
sonar,208,60,166,3,variance,27,0.9867705839475684,-1.0,-1,-1,2.0,1,2.5582999995776845e-05
sonar,208,60,166,3,variance,28,1.0179162714433558,-1.0,-1,-1,2.0,1,2.5582999995776845e-05
sonar,208,60,166,3,variance,29,1.0002871643347737,-1.0,-1,-1,2.0,1,2.5582999995776845e-05
sonar,208,60,166,3,variance,30,0.9478444801477,-1.0,-1,-1,2.0,1,2.5582999995776845e-05
sonar,208,60,166,3,variance,31,0.9620643031684355,-1.0,-1,-1,2.0,1,2.5582999995776845e-05
sonar,208,60,166,3,variance,32,0.9957072294037522,-1.0,-1,-1,2.0,1,2.5582999995776845e-05
sonar,208,60,166,3,variance,33,1.0498066310999365,-1.0,-1,-1,2.0,1,2.5582999995776845e-05
sonar,208,60,166,3,variance,34,0.9920363348939384,-1.0,-1,-1,2.0,1,2.5582999995776845e-05
sonar,208,60,166,3,variance,35,0.9976546335852929,-1.0,-1,-1,2.0,1,2.5582999995776845e-05
sonar,208,60,166,3,variance,36,0.9988929248402139,-1.0,-1,-1,2.0,1,2.5582999995776845e-05
sonar,208,60,166,3,variance,37,0.9429861400164828,-1.0,-1,-1,2.0,1,2.5582999995776845e-05
sonar,208,60,166,3,variance,38,0.9612295515851133,-1.0,-1,-1,2.0,1,2.5582999995776845e-05
sonar,208,60,166,3,variance,39,1.035417123056722,-1.0,-1,-1,2.0,1,2.5582999995776845e-05
sonar,208,60,166,3,variance,40,0.9870073591555161,-1.0,-1,-1,2.0,1,2.5582999995776845e-05
sonar,208,60,166,3,variance,41,1.072336585950591,-1.0,-1,-1,2.0,1,2.5582999995776845e-05
sonar,208,60,166,3,variance,42,1.066102841693081,-1.0,-1,-1,2.0,1,2.5582999995776845e-05
sonar,208,60,166,3,variance,43,1.0144198769227804,-1.0,-1,-1,2.0,1,2.5582999995776845e-05
sonar,208,60,166,3,variance,44,1.0150223287577216,-1.0,-1,-1,2.0,1,2.5582999995776845e-05
sonar,208,60,166,3,variance,45,0.9803119008844507,-1.0,-1,-1,2.0,1,2.5582999995776845e-05
sonar,208,60,166,3,variance,46,0.9521903628112726,-1.0,-1,-1,2.0,1,2.5582999995776845e-05
sonar,208,60,166,3,variance,47,0.9209667097695141,-1.0,-1,-1,2.0,1,2.5582999995776845e-05
sonar,208,60,166,3,variance,48,0.9993085475824353,-1.0,-1,-1,2.0,1,2.5582999995776845e-05
sonar,208,60,166,3,variance,49,0.9179470299149454,-1.0,-1,-1,2.0,1,2.5582999995776845e-05
sonar,208,60,166,3,variance,50,1.1082185394424482,-1.0,-1,-1,2.0,1,2.5582999995776845e-05
sonar,208,60,166,3,variance,51,1.047880489943469,-1.0,-1,-1,2.0,1,2.5582999995776845e-05
sonar,208,60,166,3,variance,52,0.9768506731372683,-1.0,-1,-1,2.0,1,2.5582999995776845e-05
sonar,208,60,166,3,variance,53,0.9473924395593716,-1.0,-1,-1,2.0,1,2.5582999995776845e-05
sonar,208,60,166,3,variance,54,0.8479102395268171,-1.0,-1,-1,2.0,1,2.5582999995776845e-05
sonar,208,60,166,3,variance,55,0.8834607509209411,-1.0,-1,-1,2.0,1,2.5582999995776845e-05
sonar,208,60,166,3,variance,56,0.8322841004057427,-1.0,-1,-1,2.0,1,2.5582999995776845e-05
sonar,208,60,166,3,variance,57,0.9340402186631236,-1.0,-1,-1,2.0,1,2.5582999995776845e-05
sonar,208,60,166,3,variance,58,0.8499840524485048,-1.0,-1,-1,2.0,1,2.5582999995776845e-05
sonar,208,60,166,3,variance,59,0.7742611347801462,-1.0,-1,-1,2.0,1,2.5582999995776845e-05
sonar,208,60,166,4,pai,0,0.9841067790985107,11.13553665962228,166,0,2.0,1,0.017841833000005636
sonar,208,60,166,4,pai,1,0.9759537577629089,14.190737343899288,166,0,2.0,1,0.017841833000005636
sonar,208,60,166,4,pai,2,0.0,15.880789626259233,166,0,2.0,1,0.017841833000005636
sonar,208,60,166,4,pai,3,0.0,18.123067564157807,166,0,2.0,1,0.017841833000005636
sonar,208,60,166,4,pai,4,0.0,14.22991342684136,166,0,2.0,1,0.017841833000005636
sonar,208,60,166,4,pai,5,0.0,12.621434528816458,166,0,2.0,1,0.017841833000005636
sonar,208,60,166,4,pai,6,0.9966805577278137,11.677637005099687,166,0,2.0,1,0.017841833000005636
sonar,208,60,166,4,pai,7,0.0,10.677215025483047,166,0,2.0,1,0.017841833000005636
sonar,208,60,166,4,pai,8,0.0,11.027731003122591,166,0,2.0,1,0.017841833000005636
sonar,208,60,166,4,pai,9,0.0,9.688854480866626,166,0,2.0,1,0.017841833000005636
sonar,208,60,166,4,pai,10,0.0,9.64760256500681,166,0,2.0,1,0.017841833000005636
sonar,208,60,166,4,pai,11,0.0,9.767067973960298,166,0,2.0,1,0.017841833000005636
sonar,208,60,166,4,pai,12,0.9689599275588989,9.725305086130351,166,0,2.0,1,0.017841833000005636
sonar,208,60,166,4,pai,13,0.9655332565307617,11.743155073348174,166,0,2.0,1,0.017841833000005636
sonar,208,60,166,4,pai,14,0.9924724698066711,9.729062050283225,166,0,2.0,1,0.017841833000005636
sonar,208,60,166,4,pai,15,0.0,8.467402559289875,166,0,2.0,1,0.017841833000005636
sonar,208,60,166,4,pai,16,0.0,7.33797827035214,166,0,2.0,1,0.017841833000005636
sonar,208,60,166,4,pai,17,0.0,7.378308732981794,166,0,2.0,1,0.017841833000005636
sonar,208,60,166,4,pai,18,0.0,7.387103891730172,166,0,2.0,1,0.017841833000005636
sonar,208,60,166,4,pai,19,0.0,7.1322619447717335,166,0,2.0,1,0.017841833000005636
sonar,208,60,166,4,pai,20,0.0,7.370985254630031,166,0,2.0,1,0.017841833000005636
sonar,208,60,166,4,pai,21,0.0,7.663340412846905,166,0,2.0,1,0.017841833000005636
sonar,208,60,166,4,pai,22,0.0,7.562507822717096,166,0,2.0,1,0.017841833000005636
sonar,208,60,166,4,pai,23,0.0,8.183927773199448,166,0,2.0,1,0.017841833000005636
sonar,208,60,166,4,pai,24,0.0,7.988967248018179,166,0,2.0,1,0.017841833000005636
sonar,208,60,166,4,pai,25,0.0,7.065083743917123,166,0,2.0,1,0.017841833000005636
sonar,208,60,166,4,pai,26,0.0,7.447797829824468,166,0,2.0,1,0.017841833000005636
sonar,208,60,166,4,pai,27,0.0,7.946980224778258,166,0,2.0,1,0.017841833000005636
sonar,208,60,166,4,pai,28,0.0,8.224589023046313,166,0,2.0,1,0.017841833000005636
sonar,208,60,166,4,pai,29,0.9994351267814636,8.525184656593167,166,0,2.0,1,0.017841833000005636
sonar,208,60,166,4,pai,30,0.0,8.595757151300564,166,0,2.0,1,0.017841833000005636
sonar,208,60,166,4,pai,31,0.0,8.369542216059585,166,0,2.0,1,0.017841833000005636
sonar,208,60,166,4,pai,32,0.0,8.961445126162774,166,0,2.0,1,0.017841833000005636
sonar,208,60,166,4,pai,33,0.0,8.179984888405485,166,0,2.0,1,0.017841833000005636
sonar,208,60,166,4,pai,34,0.0,7.564159941186107,166,0,2.0,1,0.017841833000005636
sonar,208,60,166,4,pai,35,0.0,7.450131032964295,166,0,2.0,1,0.017841833000005636
sonar,208,60,166,4,pai,36,0.0,7.577663391924158,166,0,2.0,1,0.017841833000005636
sonar,208,60,166,4,pai,37,0.0,8.563464837280705,166,0,2.0,1,0.017841833000005636
sonar,208,60,166,4,pai,38,0.0,9.553088387342523,166,0,2.0,1,0.017841833000005636
sonar,208,60,166,4,pai,39,0.0,10.301207003569182,166,0,2.0,1,0.017841833000005636
sonar,208,60,166,4,pai,40,0.0,10.117207317306832,166,0,2.0,1,0.017841833000005636
sonar,208,60,166,4,pai,41,0.0,9.731336980435506,166,0,2.0,1,0.017841833000005636
sonar,208,60,166,4,pai,42,0.0,10.842437441044591,166,0,2.0,1,0.017841833000005636
sonar,208,60,166,4,pai,43,0.9740397930145264,8.666606817725217,166,0,2.0,1,0.017841833000005636
sonar,208,60,166,4,pai,44,0.9744116067886353,9.300324767002449,166,0,2.0,1,0.017841833000005636
sonar,208,60,166,4,pai,45,0.0,10.914896160858184,166,0,2.0,1,0.017841833000005636
sonar,208,60,166,4,pai,46,0.0,12.731796447769879,166,0,2.0,1,0.017841833000005636
sonar,208,60,166,4,pai,47,0.0,10.724869575596085,166,0,2.0,1,0.017841833000005636
sonar,208,60,166,4,pai,48,0.0,11.04623083938804,166,0,2.0,1,0.017841833000005636
sonar,208,60,166,4,pai,49,0.9963083267211914,12.103763074987057,166,0,2.0,1,0.017841833000005636
sonar,208,60,166,4,pai,50,0.0,16.761834867361074,166,0,2.0,1,0.017841833000005636
sonar,208,60,166,4,pai,51,0.0,14.587755422361568,166,0,2.0,1,0.017841833000005636
sonar,208,60,166,4,pai,52,0.0,10.932304957734157,166,0,2.0,1,0.017841833000005636
sonar,208,60,166,4,pai,53,0.0,9.391432787934544,166,0,2.0,1,0.017841833000005636
sonar,208,60,166,4,pai,54,0.0,12.474238785112147,166,0,2.0,1,0.017841833000005636
sonar,208,60,166,4,pai,55,0.0,13.630871231503932,166,0,2.0,1,0.017841833000005636
sonar,208,60,166,4,pai,56,0.9870139360427856,12.197718276798462,166,0,2.0,1,0.017841833000005636
sonar,208,60,166,4,pai,57,0.0,13.541423940733374,166,0,2.0,1,0.017841833000005636
sonar,208,60,166,4,pai,58,0.0,11.773280605159409,166,0,2.0,1,0.017841833000005636
sonar,208,60,166,4,pai,59,0.9641339182853699,17.254656932248228,166,0,2.0,1,0.017841833000005636
sonar,208,60,166,4,nrs,0,-0.0060240963855421326,-1.0,-1,-1,2.0,1,0.03414050000000657
sonar,208,60,166,4,nrs,1,-0.0060240963855421326,-1.0,-1,-1,2.0,1,0.03414050000000657
sonar,208,60,166,4,nrs,2,-0.01204819277108432,-1.0,-1,-1,2.0,1,0.03414050000000657
sonar,208,60,166,4,nrs,3,0.0,-1.0,-1,-1,2.0,1,0.03414050000000657
sonar,208,60,166,4,nrs,4,0.006024096385542188,-1.0,-1,-1,2.0,1,0.03414050000000657
sonar,208,60,166,4,nrs,5,0.0,-1.0,-1,-1,2.0,1,0.03414050000000657
sonar,208,60,166,4,nrs,6,0.006024096385542188,-1.0,-1,-1,2.0,1,0.03414050000000657
sonar,208,60,166,4,nrs,7,0.0,-1.0,-1,-1,2.0,1,0.03414050000000657
sonar,208,60,166,4,nrs,8,0.0,-1.0,-1,-1,2.0,1,0.03414050000000657
sonar,208,60,166,4,nrs,9,-0.01204819277108432,-1.0,-1,-1,2.0,1,0.03414050000000657
sonar,208,60,166,4,nrs,10,0.030120481927710885,-1.0,-1,-1,2.0,1,0.03414050000000657
sonar,208,60,166,4,nrs,11,0.01807228915662651,-1.0,-1,-1,2.0,1,0.03414050000000657
sonar,208,60,166,4,nrs,12,0.012048192771084376,-1.0,-1,-1,2.0,1,0.03414050000000657
sonar,208,60,166,4,nrs,13,-0.0060240963855421326,-1.0,-1,-1,2.0,1,0.03414050000000657
sonar,208,60,166,4,nrs,14,-0.0060240963855421326,-1.0,-1,-1,2.0,1,0.03414050000000657
sonar,208,60,166,4,nrs,15,0.006024096385542188,-1.0,-1,-1,2.0,1,0.03414050000000657
sonar,208,60,166,4,nrs,16,0.0,-1.0,-1,-1,2.0,1,0.03414050000000657
sonar,208,60,166,4,nrs,17,-0.0060240963855421326,-1.0,-1,-1,2.0,1,0.03414050000000657
sonar,208,60,166,4,nrs,18,-0.01204819277108432,-1.0,-1,-1,2.0,1,0.03414050000000657
sonar,208,60,166,4,nrs,19,0.006024096385542188,-1.0,-1,-1,2.0,1,0.03414050000000657
sonar,208,60,166,4,nrs,20,0.006024096385542188,-1.0,-1,-1,2.0,1,0.03414050000000657
sonar,208,60,166,4,nrs,21,-0.03614457831325296,-1.0,-1,-1,2.0,1,0.03414050000000657
sonar,208,60,166,4,nrs,22,-0.02409638554216864,-1.0,-1,-1,2.0,1,0.03414050000000657
sonar,208,60,166,4,nrs,23,-0.02409638554216864,-1.0,-1,-1,2.0,1,0.03414050000000657
sonar,208,60,166,4,nrs,24,-0.01204819277108432,-1.0,-1,-1,2.0,1,0.03414050000000657
sonar,208,60,166,4,nrs,25,0.006024096385542188,-1.0,-1,-1,2.0,1,0.03414050000000657
sonar,208,60,166,4,nrs,26,0.012048192771084376,-1.0,-1,-1,2.0,1,0.03414050000000657
sonar,208,60,166,4,nrs,27,-0.0060240963855421326,-1.0,-1,-1,2.0,1,0.03414050000000657
sonar,208,60,166,4,nrs,28,-0.0060240963855421326,-1.0,-1,-1,2.0,1,0.03414050000000657
sonar,208,60,166,4,nrs,29,0.01807228915662651,-1.0,-1,-1,2.0,1,0.03414050000000657
sonar,208,60,166,4,nrs,30,0.0,-1.0,-1,-1,2.0,1,0.03414050000000657
sonar,208,60,166,4,nrs,31,0.006024096385542188,-1.0,-1,-1,2.0,1,0.03414050000000657
sonar,208,60,166,4,nrs,32,-0.0060240963855421326,-1.0,-1,-1,2.0,1,0.03414050000000657
sonar,208,60,166,4,nrs,33,0.0,-1.0,-1,-1,2.0,1,0.03414050000000657
sonar,208,60,166,4,nrs,34,-0.02409638554216864,-1.0,-1,-1,2.0,1,0.03414050000000657
sonar,208,60,166,4,nrs,35,0.0,-1.0,-1,-1,2.0,1,0.03414050000000657
sonar,208,60,166,4,nrs,36,-0.01204819277108432,-1.0,-1,-1,2.0,1,0.03414050000000657
sonar,208,60,166,4,nrs,37,-0.0060240963855421326,-1.0,-1,-1,2.0,1,0.03414050000000657
sonar,208,60,166,4,nrs,38,-0.0060240963855421326,-1.0,-1,-1,2.0,1,0.03414050000000657
sonar,208,60,166,4,nrs,39,0.006024096385542188,-1.0,-1,-1,2.0,1,0.03414050000000657
sonar,208,60,166,4,nrs,40,-0.02409638554216864,-1.0,-1,-1,2.0,1,0.03414050000000657
sonar,208,60,166,4,nrs,41,-0.018072289156626453,-1.0,-1,-1,2.0,1,0.03414050000000657
sonar,208,60,166,4,nrs,42,-0.01204819277108432,-1.0,-1,-1,2.0,1,0.03414050000000657
sonar,208,60,166,4,nrs,43,-0.0060240963855421326,-1.0,-1,-1,2.0,1,0.03414050000000657
sonar,208,60,166,4,nrs,44,-0.0060240963855421326,-1.0,-1,-1,2.0,1,0.03414050000000657
sonar,208,60,166,4,nrs,45,-0.0060240963855421326,-1.0,-1,-1,2.0,1,0.03414050000000657
sonar,208,60,166,4,nrs,46,0.0,-1.0,-1,-1,2.0,1,0.03414050000000657
sonar,208,60,166,4,nrs,47,0.024096385542168697,-1.0,-1,-1,2.0,1,0.03414050000000657
sonar,208,60,166,4,nrs,48,0.0,-1.0,-1,-1,2.0,1,0.03414050000000657
sonar,208,60,166,4,nrs,49,0.006024096385542188,-1.0,-1,-1,2.0,1,0.03414050000000657
sonar,208,60,166,4,nrs,50,-0.018072289156626453,-1.0,-1,-1,2.0,1,0.03414050000000657
sonar,208,60,166,4,nrs,51,-0.0060240963855421326,-1.0,-1,-1,2.0,1,0.03414050000000657
sonar,208,60,166,4,nrs,52,-0.0060240963855421326,-1.0,-1,-1,2.0,1,0.03414050000000657
sonar,208,60,166,4,nrs,53,-0.02409638554216864,-1.0,-1,-1,2.0,1,0.03414050000000657
sonar,208,60,166,4,nrs,54,-0.018072289156626453,-1.0,-1,-1,2.0,1,0.03414050000000657
sonar,208,60,166,4,nrs,55,0.0,-1.0,-1,-1,2.0,1,0.03414050000000657
sonar,208,60,166,4,nrs,56,-0.0060240963855421326,-1.0,-1,-1,2.0,1,0.03414050000000657
sonar,208,60,166,4,nrs,57,-0.03012048192771083,-1.0,-1,-1,2.0,1,0.03414050000000657
sonar,208,60,166,4,nrs,58,-0.01204819277108432,-1.0,-1,-1,2.0,1,0.03414050000000657
sonar,208,60,166,4,nrs,59,-0.0060240963855421326,-1.0,-1,-1,2.0,1,0.03414050000000657
sonar,208,60,166,4,relieff,0,0.002754007415723978,-1.0,-1,-1,2.0,1,0.08819012500001122
sonar,208,60,166,4,relieff,1,0.0036067114579191165,-1.0,-1,-1,2.0,1,0.08819012500001122
sonar,208,60,166,4,relieff,2,0.0003762091730918425,-1.0,-1,-1,2.0,1,0.08819012500001122
sonar,208,60,166,4,relieff,3,0.004363531157440032,-1.0,-1,-1,2.0,1,0.08819012500001122
sonar,208,60,166,4,relieff,4,0.007235943520467869,-1.0,-1,-1,2.0,1,0.08819012500001122
sonar,208,60,166,4,relieff,5,0.007320224191579538,-1.0,-1,-1,2.0,1,0.08819012500001122
sonar,208,60,166,4,relieff,6,-0.004521168865514848,-1.0,-1,-1,2.0,1,0.08819012500001122
sonar,208,60,166,4,relieff,7,0.018346594758305544,-1.0,-1,-1,2.0,1,0.08819012500001122
sonar,208,60,166,4,relieff,8,0.04281021506172106,-1.0,-1,-1,2.0,1,0.08819012500001122
sonar,208,60,166,4,relieff,9,0.048858889993471405,-1.0,-1,-1,2.0,1,0.08819012500001122
sonar,208,60,166,4,relieff,10,0.07617095378067233,-1.0,-1,-1,2.0,1,0.08819012500001122
sonar,208,60,166,4,relieff,11,0.07825754954166018,-1.0,-1,-1,2.0,1,0.08819012500001122
sonar,208,60,166,4,relieff,12,0.053840603713479276,-1.0,-1,-1,2.0,1,0.08819012500001122
sonar,208,60,166,4,relieff,13,0.010389283936660072,-1.0,-1,-1,2.0,1,0.08819012500001122
sonar,208,60,166,4,relieff,14,0.01178532970280158,-1.0,-1,-1,2.0,1,0.08819012500001122
sonar,208,60,166,4,relieff,15,0.018868369876820532,-1.0,-1,-1,2.0,1,0.08819012500001122
sonar,208,60,166,4,relieff,16,0.0232905510759232,-1.0,-1,-1,2.0,1,0.08819012500001122
sonar,208,60,166,4,relieff,17,0.007654076044437485,-1.0,-1,-1,2.0,1,0.08819012500001122
sonar,208,60,166,4,relieff,18,0.002129599821545811,-1.0,-1,-1,2.0,1,0.08819012500001122
sonar,208,60,166,4,relieff,19,0.010828029584089788,-1.0,-1,-1,2.0,1,0.08819012500001122
sonar,208,60,166,4,relieff,20,0.008878916870139066,-1.0,-1,-1,2.0,1,0.08819012500001122
sonar,208,60,166,4,relieff,21,0.004226290706225371,-1.0,-1,-1,2.0,1,0.08819012500001122
sonar,208,60,166,4,relieff,22,0.01065544364594119,-1.0,-1,-1,2.0,1,0.08819012500001122
sonar,208,60,166,4,relieff,23,0.008395717898743833,-1.0,-1,-1,2.0,1,0.08819012500001122
sonar,208,60,166,4,relieff,24,0.01414465238001185,-1.0,-1,-1,2.0,1,0.08819012500001122
sonar,208,60,166,4,relieff,25,0.025092739378566913,-1.0,-1,-1,2.0,1,0.08819012500001122
sonar,208,60,166,4,relieff,26,0.027034700273810577,-1.0,-1,-1,2.0,1,0.08819012500001122
sonar,208,60,166,4,relieff,27,0.04338028566083095,-1.0,-1,-1,2.0,1,0.08819012500001122
sonar,208,60,166,4,relieff,28,0.030025132999530597,-1.0,-1,-1,2.0,1,0.08819012500001122
sonar,208,60,166,4,relieff,29,0.019287953989174975,-1.0,-1,-1,2.0,1,0.08819012500001122
sonar,208,60,166,4,relieff,30,0.030238009257739402,-1.0,-1,-1,2.0,1,0.08819012500001122
sonar,208,60,166,4,relieff,31,0.02807207260856502,-1.0,-1,-1,2.0,1,0.08819012500001122
sonar,208,60,166,4,relieff,32,0.01377247697321623,-1.0,-1,-1,2.0,1,0.08819012500001122
sonar,208,60,166,4,relieff,33,0.025480363425083495,-1.0,-1,-1,2.0,1,0.08819012500001122
sonar,208,60,166,4,relieff,34,0.023606854543057162,-1.0,-1,-1,2.0,1,0.08819012500001122
sonar,208,60,166,4,relieff,35,0.04373131854979779,-1.0,-1,-1,2.0,1,0.08819012500001122
sonar,208,60,166,4,relieff,36,0.027714297861937385,-1.0,-1,-1,2.0,1,0.08819012500001122
sonar,208,60,166,4,relieff,37,0.0120789191723473,-1.0,-1,-1,2.0,1,0.08819012500001122
sonar,208,60,166,4,relieff,38,0.008516418615639027,-1.0,-1,-1,2.0,1,0.08819012500001122
sonar,208,60,166,4,relieff,39,0.003729821245767378,-1.0,-1,-1,2.0,1,0.08819012500001122
sonar,208,60,166,4,relieff,40,0.013445769179788057,-1.0,-1,-1,2.0,1,0.08819012500001122
sonar,208,60,166,4,relieff,41,0.020147035026553108,-1.0,-1,-1,2.0,1,0.08819012500001122
sonar,208,60,166,4,relieff,42,0.021215365653113973,-1.0,-1,-1,2.0,1,0.08819012500001122
sonar,208,60,166,4,relieff,43,0.03930539931332411,-1.0,-1,-1,2.0,1,0.08819012500001122
sonar,208,60,166,4,relieff,44,0.03749721661739367,-1.0,-1,-1,2.0,1,0.08819012500001122
sonar,208,60,166,4,relieff,45,0.031073002927783536,-1.0,-1,-1,2.0,1,0.08819012500001122
sonar,208,60,166,4,relieff,46,0.03325460480094954,-1.0,-1,-1,2.0,1,0.08819012500001122
sonar,208,60,166,4,relieff,47,0.04043090601399312,-1.0,-1,-1,2.0,1,0.08819012500001122
sonar,208,60,166,4,relieff,48,0.029719382324857227,-1.0,-1,-1,2.0,1,0.08819012500001122
sonar,208,60,166,4,relieff,49,-0.0011807228915662676,-1.0,-1,-1,2.0,1,0.08819012500001122
sonar,208,60,166,4,relieff,50,0.009800556808908945,-1.0,-1,-1,2.0,1,0.08819012500001122
sonar,208,60,166,4,relieff,51,0.01576835158035852,-1.0,-1,-1,2.0,1,0.08819012500001122
sonar,208,60,166,4,relieff,52,0.011539665154122981,-1.0,-1,-1,2.0,1,0.08819012500001122
sonar,208,60,166,4,relieff,53,0.014348622560417112,-1.0,-1,-1,2.0,1,0.08819012500001122
sonar,208,60,166,4,relieff,54,-0.0003578941616807368,-1.0,-1,-1,2.0,1,0.08819012500001122
sonar,208,60,166,4,relieff,55,0.003019771393265367,-1.0,-1,-1,2.0,1,0.08819012500001122
sonar,208,60,166,4,relieff,56,-0.0006503285870755758,-1.0,-1,-1,2.0,1,0.08819012500001122
sonar,208,60,166,4,relieff,57,0.0015921810813046217,-1.0,-1,-1,2.0,1,0.08819012500001122
sonar,208,60,166,4,relieff,58,0.00357960768694613,-1.0,-1,-1,2.0,1,0.08819012500001122
sonar,208,60,166,4,relieff,59,0.003313948635187401,-1.0,-1,-1,2.0,1,0.08819012500001122
sonar,208,60,166,4,mutual_info,0,0.04690420911200843,-1.0,-1,-1,2.0,1,0.033096707999987984
sonar,208,60,166,4,mutual_info,1,0.0,-1.0,-1,-1,2.0,1,0.033096707999987984
sonar,208,60,166,4,mutual_info,2,0.054953809228405204,-1.0,-1,-1,2.0,1,0.033096707999987984
sonar,208,60,166,4,mutual_info,3,0.0187836875161147,-1.0,-1,-1,2.0,1,0.033096707999987984
sonar,208,60,166,4,mutual_info,4,0.06438899173233303,-1.0,-1,-1,2.0,1,0.033096707999987984
sonar,208,60,166,4,mutual_info,5,0.0,-1.0,-1,-1,2.0,1,0.033096707999987984
sonar,208,60,166,4,mutual_info,6,0.01169788509898706,-1.0,-1,-1,2.0,1,0.033096707999987984
sonar,208,60,166,4,mutual_info,7,0.05856388356146436,-1.0,-1,-1,2.0,1,0.033096707999987984
sonar,208,60,166,4,mutual_info,8,0.07784900250430504,-1.0,-1,-1,2.0,1,0.033096707999987984
sonar,208,60,166,4,mutual_info,9,0.02157891526261846,-1.0,-1,-1,2.0,1,0.033096707999987984
sonar,208,60,166,4,mutual_info,10,0.09087049257170676,-1.0,-1,-1,2.0,1,0.033096707999987984
sonar,208,60,166,4,mutual_info,11,0.1531251896114092,-1.0,-1,-1,2.0,1,0.033096707999987984
sonar,208,60,166,4,mutual_info,12,0.06173195351377703,-1.0,-1,-1,2.0,1,0.033096707999987984
sonar,208,60,166,4,mutual_info,13,0.0,-1.0,-1,-1,2.0,1,0.033096707999987984
sonar,208,60,166,4,mutual_info,14,0.029647255006188367,-1.0,-1,-1,2.0,1,0.033096707999987984
sonar,208,60,166,4,mutual_info,15,0.061087908611972885,-1.0,-1,-1,2.0,1,0.033096707999987984
sonar,208,60,166,4,mutual_info,16,0.10153834918643923,-1.0,-1,-1,2.0,1,0.033096707999987984
sonar,208,60,166,4,mutual_info,17,0.0,-1.0,-1,-1,2.0,1,0.033096707999987984
sonar,208,60,166,4,mutual_info,18,0.0,-1.0,-1,-1,2.0,1,0.033096707999987984
sonar,208,60,166,4,mutual_info,19,0.03233862320960457,-1.0,-1,-1,2.0,1,0.033096707999987984
sonar,208,60,166,4,mutual_info,20,0.03571208860118902,-1.0,-1,-1,2.0,1,0.033096707999987984
sonar,208,60,166,4,mutual_info,21,0.012216927636101937,-1.0,-1,-1,2.0,1,0.033096707999987984
sonar,208,60,166,4,mutual_info,22,0.03348279707259505,-1.0,-1,-1,2.0,1,0.033096707999987984
sonar,208,60,166,4,mutual_info,23,0.0,-1.0,-1,-1,2.0,1,0.033096707999987984
sonar,208,60,166,4,mutual_info,24,0.08375018019345104,-1.0,-1,-1,2.0,1,0.033096707999987984
sonar,208,60,166,4,mutual_info,25,0.030919426609685496,-1.0,-1,-1,2.0,1,0.033096707999987984
sonar,208,60,166,4,mutual_info,26,0.0,-1.0,-1,-1,2.0,1,0.033096707999987984
sonar,208,60,166,4,mutual_info,27,0.026428100033475177,-1.0,-1,-1,2.0,1,0.033096707999987984
sonar,208,60,166,4,mutual_info,28,0.022356687474657022,-1.0,-1,-1,2.0,1,0.033096707999987984
sonar,208,60,166,4,mutual_info,29,0.004113783339654953,-1.0,-1,-1,2.0,1,0.033096707999987984
sonar,208,60,166,4,mutual_info,30,0.009596556039826787,-1.0,-1,-1,2.0,1,0.033096707999987984
sonar,208,60,166,4,mutual_info,31,0.05879320945334743,-1.0,-1,-1,2.0,1,0.033096707999987984
sonar,208,60,166,4,mutual_info,32,0.0,-1.0,-1,-1,2.0,1,0.033096707999987984
sonar,208,60,166,4,mutual_info,33,0.0,-1.0,-1,-1,2.0,1,0.033096707999987984
sonar,208,60,166,4,mutual_info,34,0.01699977865389224,-1.0,-1,-1,2.0,1,0.033096707999987984
sonar,208,60,166,4,mutual_info,35,0.03756210684029293,-1.0,-1,-1,2.0,1,0.033096707999987984
sonar,208,60,166,4,mutual_info,36,0.04451126544607842,-1.0,-1,-1,2.0,1,0.033096707999987984
sonar,208,60,166,4,mutual_info,37,0.029084163479241587,-1.0,-1,-1,2.0,1,0.033096707999987984
sonar,208,60,166,4,mutual_info,38,0.016851399589850935,-1.0,-1,-1,2.0,1,0.033096707999987984
sonar,208,60,166,4,mutual_info,39,0.056450639038488015,-1.0,-1,-1,2.0,1,0.033096707999987984
sonar,208,60,166,4,mutual_info,40,0.008587675362271119,-1.0,-1,-1,2.0,1,0.033096707999987984
sonar,208,60,166,4,mutual_info,41,0.0,-1.0,-1,-1,2.0,1,0.033096707999987984
sonar,208,60,166,4,mutual_info,42,0.041624352473233595,-1.0,-1,-1,2.0,1,0.033096707999987984
sonar,208,60,166,4,mutual_info,43,0.023239637405268354,-1.0,-1,-1,2.0,1,0.033096707999987984
sonar,208,60,166,4,mutual_info,44,0.06749885103554187,-1.0,-1,-1,2.0,1,0.033096707999987984
sonar,208,60,166,4,mutual_info,45,0.08350311927362575,-1.0,-1,-1,2.0,1,0.033096707999987984
sonar,208,60,166,4,mutual_info,46,0.011062953383308427,-1.0,-1,-1,2.0,1,0.033096707999987984
sonar,208,60,166,4,mutual_info,47,0.07701981560961357,-1.0,-1,-1,2.0,1,0.033096707999987984
sonar,208,60,166,4,mutual_info,48,0.11065481709804348,-1.0,-1,-1,2.0,1,0.033096707999987984
sonar,208,60,166,4,mutual_info,49,0.0,-1.0,-1,-1,2.0,1,0.033096707999987984
sonar,208,60,166,4,mutual_info,50,0.0,-1.0,-1,-1,2.0,1,0.033096707999987984
sonar,208,60,166,4,mutual_info,51,0.09365887496310665,-1.0,-1,-1,2.0,1,0.033096707999987984
sonar,208,60,166,4,mutual_info,52,0.0,-1.0,-1,-1,2.0,1,0.033096707999987984
sonar,208,60,166,4,mutual_info,53,0.04516298091348081,-1.0,-1,-1,2.0,1,0.033096707999987984
sonar,208,60,166,4,mutual_info,54,0.03302052999090921,-1.0,-1,-1,2.0,1,0.033096707999987984
sonar,208,60,166,4,mutual_info,55,0.0,-1.0,-1,-1,2.0,1,0.033096707999987984
sonar,208,60,166,4,mutual_info,56,0.0,-1.0,-1,-1,2.0,1,0.033096707999987984
sonar,208,60,166,4,mutual_info,57,0.057095618222623656,-1.0,-1,-1,2.0,1,0.033096707999987984
sonar,208,60,166,4,mutual_info,58,0.023934861643192917,-1.0,-1,-1,2.0,1,0.033096707999987984
sonar,208,60,166,4,mutual_info,59,0.016480802984314646,-1.0,-1,-1,2.0,1,0.033096707999987984
sonar,208,60,166,4,variance,0,0.8250727501590113,-1.0,-1,-1,2.0,1,2.5249999993093297e-05
sonar,208,60,166,4,variance,1,1.0314127264353607,-1.0,-1,-1,2.0,1,2.5249999993093297e-05
sonar,208,60,166,4,variance,2,1.1218954510157497,-1.0,-1,-1,2.0,1,2.5249999993093297e-05
sonar,208,60,166,4,variance,3,1.1229975814213795,-1.0,-1,-1,2.0,1,2.5249999993093297e-05
sonar,208,60,166,4,variance,4,1.1220446458849551,-1.0,-1,-1,2.0,1,2.5249999993093297e-05
sonar,208,60,166,4,variance,5,1.0926792128654728,-1.0,-1,-1,2.0,1,2.5249999993093297e-05
sonar,208,60,166,4,variance,6,1.0878569131878204,-1.0,-1,-1,2.0,1,2.5249999993093297e-05
sonar,208,60,166,4,variance,7,1.0406437330736318,-1.0,-1,-1,2.0,1,2.5249999993093297e-05
sonar,208,60,166,4,variance,8,0.9745817870028238,-1.0,-1,-1,2.0,1,2.5249999993093297e-05
sonar,208,60,166,4,variance,9,0.9397107735645998,-1.0,-1,-1,2.0,1,2.5249999993093297e-05
sonar,208,60,166,4,variance,10,0.9388180499788303,-1.0,-1,-1,2.0,1,2.5249999993093297e-05
sonar,208,60,166,4,variance,11,0.9538961238676352,-1.0,-1,-1,2.0,1,2.5249999993093297e-05
sonar,208,60,166,4,variance,12,0.963614065222215,-1.0,-1,-1,2.0,1,2.5249999993093297e-05
sonar,208,60,166,4,variance,13,1.0370239621635535,-1.0,-1,-1,2.0,1,2.5249999993093297e-05
sonar,208,60,166,4,variance,14,1.0101865000096748,-1.0,-1,-1,2.0,1,2.5249999993093297e-05
sonar,208,60,166,4,variance,15,1.0281185507576713,-1.0,-1,-1,2.0,1,2.5249999993093297e-05
sonar,208,60,166,4,variance,16,1.0332921047044468,-1.0,-1,-1,2.0,1,2.5249999993093297e-05
sonar,208,60,166,4,variance,17,1.023628622963477,-1.0,-1,-1,2.0,1,2.5249999993093297e-05
sonar,208,60,166,4,variance,18,1.032265798160713,-1.0,-1,-1,2.0,1,2.5249999993093297e-05
sonar,208,60,166,4,variance,19,0.9812743506915056,-1.0,-1,-1,2.0,1,2.5249999993093297e-05
sonar,208,60,166,4,variance,20,0.9947747935094623,-1.0,-1,-1,2.0,1,2.5249999993093297e-05
sonar,208,60,166,4,variance,21,1.0331184695715563,-1.0,-1,-1,2.0,1,2.5249999993093297e-05
sonar,208,60,166,4,variance,22,0.9907323242312815,-1.0,-1,-1,2.0,1,2.5249999993093297e-05
sonar,208,60,166,4,variance,23,1.004635694238927,-1.0,-1,-1,2.0,1,2.5249999993093297e-05
sonar,208,60,166,4,variance,24,0.9822421367025637,-1.0,-1,-1,2.0,1,2.5249999993093297e-05
sonar,208,60,166,4,variance,25,0.9542988476308788,-1.0,-1,-1,2.0,1,2.5249999993093297e-05
sonar,208,60,166,4,variance,26,0.9131014831409389,-1.0,-1,-1,2.0,1,2.5249999993093297e-05
sonar,208,60,166,4,variance,27,0.9563290315427125,-1.0,-1,-1,2.0,1,2.5249999993093297e-05
sonar,208,60,166,4,variance,28,1.0423410987704593,-1.0,-1,-1,2.0,1,2.5249999993093297e-05
sonar,208,60,166,4,variance,29,1.0611654288022814,-1.0,-1,-1,2.0,1,2.5249999993093297e-05
sonar,208,60,166,4,variance,30,1.0083467114392604,-1.0,-1,-1,2.0,1,2.5249999993093297e-05
sonar,208,60,166,4,variance,31,1.01502516729736,-1.0,-1,-1,2.0,1,2.5249999993093297e-05
sonar,208,60,166,4,variance,32,1.0334250049842881,-1.0,-1,-1,2.0,1,2.5249999993093297e-05
sonar,208,60,166,4,variance,33,1.002170734478485,-1.0,-1,-1,2.0,1,2.5249999993093297e-05
sonar,208,60,166,4,variance,34,0.9531764499541872,-1.0,-1,-1,2.0,1,2.5249999993093297e-05
sonar,208,60,166,4,variance,35,0.9356240264889923,-1.0,-1,-1,2.0,1,2.5249999993093297e-05
sonar,208,60,166,4,variance,36,0.9506443222249847,-1.0,-1,-1,2.0,1,2.5249999993093297e-05
sonar,208,60,166,4,variance,37,0.9348874910689217,-1.0,-1,-1,2.0,1,2.5249999993093297e-05
sonar,208,60,166,4,variance,38,0.8788041938074088,-1.0,-1,-1,2.0,1,2.5249999993093297e-05
sonar,208,60,166,4,variance,39,0.8874317299087936,-1.0,-1,-1,2.0,1,2.5249999993093297e-05
sonar,208,60,166,4,variance,40,0.9384753211980095,-1.0,-1,-1,2.0,1,2.5249999993093297e-05
sonar,208,60,166,4,variance,41,0.9948082629230552,-1.0,-1,-1,2.0,1,2.5249999993093297e-05
sonar,208,60,166,4,variance,42,0.9708792069687557,-1.0,-1,-1,2.0,1,2.5249999993093297e-05
sonar,208,60,166,4,variance,43,0.9059964746199917,-1.0,-1,-1,2.0,1,2.5249999993093297e-05
sonar,208,60,166,4,variance,44,0.9413006316779625,-1.0,-1,-1,2.0,1,2.5249999993093297e-05
sonar,208,60,166,4,variance,45,1.0092463493377548,-1.0,-1,-1,2.0,1,2.5249999993093297e-05
sonar,208,60,166,4,variance,46,1.006137201543617,-1.0,-1,-1,2.0,1,2.5249999993093297e-05
sonar,208,60,166,4,variance,47,1.0008727528351913,-1.0,-1,-1,2.0,1,2.5249999993093297e-05
sonar,208,60,166,4,variance,48,1.0090598277781941,-1.0,-1,-1,2.0,1,2.5249999993093297e-05
sonar,208,60,166,4,variance,49,1.0475019445510725,-1.0,-1,-1,2.0,1,2.5249999993093297e-05
sonar,208,60,166,4,variance,50,1.134146454316456,-1.0,-1,-1,2.0,1,2.5249999993093297e-05
sonar,208,60,166,4,variance,51,1.0640869423903014,-1.0,-1,-1,2.0,1,2.5249999993093297e-05
sonar,208,60,166,4,variance,52,1.0444260141610628,-1.0,-1,-1,2.0,1,2.5249999993093297e-05
sonar,208,60,166,4,variance,53,1.004333350163036,-1.0,-1,-1,2.0,1,2.5249999993093297e-05
sonar,208,60,166,4,variance,54,1.065195938230901,-1.0,-1,-1,2.0,1,2.5249999993093297e-05
sonar,208,60,166,4,variance,55,1.098866126619514,-1.0,-1,-1,2.0,1,2.5249999993093297e-05
sonar,208,60,166,4,variance,56,1.0522249000262929,-1.0,-1,-1,2.0,1,2.5249999993093297e-05
sonar,208,60,166,4,variance,57,1.0634152863473527,-1.0,-1,-1,2.0,1,2.5249999993093297e-05
sonar,208,60,166,4,variance,58,1.087840655824929,-1.0,-1,-1,2.0,1,2.5249999993093297e-05
sonar,208,60,166,4,variance,59,1.0815084409832316,-1.0,-1,-1,2.0,1,2.5249999993093297e-05
seeds,210,7,168,0,pai,0,0.19303476810455322,7.151805985876223,168,57,2.0,1,3.1358672909999825
seeds,210,7,168,0,pai,1,0.20017242431640625,7.429890441872671,168,57,2.0,1,3.1358672909999825
seeds,210,7,168,0,pai,2,0.7476745843887329,9.349644445884218,168,57,2.0,1,3.1358672909999825
seeds,210,7,168,0,pai,3,0.3005359172821045,8.036066266549891,168,57,2.0,1,3.1358672909999825
seeds,210,7,168,0,pai,4,0.30905890464782715,7.3457982473636285,168,57,2.0,1,3.1358672909999825
seeds,210,7,168,0,pai,5,0.9248973727226257,10.254718185357813,168,57,2.0,1,3.1358672909999825
seeds,210,7,168,0,pai,6,0.3861919641494751,8.284573069459,168,57,2.0,1,3.1358672909999825
seeds,210,7,168,0,nrs,0,0.023809523809523836,-1.0,-1,-1,2.0,1,0.005398915999990095
seeds,210,7,168,0,nrs,1,0.0357142857142857,-1.0,-1,-1,2.0,1,0.005398915999990095
seeds,210,7,168,0,nrs,2,-0.011904761904761862,-1.0,-1,-1,2.0,1,0.005398915999990095
seeds,210,7,168,0,nrs,3,0.017857142857142905,-1.0,-1,-1,2.0,1,0.005398915999990095
seeds,210,7,168,0,nrs,4,0.011904761904761862,-1.0,-1,-1,2.0,1,0.005398915999990095
seeds,210,7,168,0,nrs,5,0.1428571428571429,-1.0,-1,-1,2.0,1,0.005398915999990095
seeds,210,7,168,0,nrs,6,0.059523809523809534,-1.0,-1,-1,2.0,1,0.005398915999990095
seeds,210,7,168,0,relieff,0,0.22474854344435274,-1.0,-1,-1,2.0,1,0.035737084000004415
seeds,210,7,168,0,relieff,1,0.2190328610783157,-1.0,-1,-1,2.0,1,0.035737084000004415
seeds,210,7,168,0,relieff,2,0.09895833333333331,-1.0,-1,-1,2.0,1,0.035737084000004415
seeds,210,7,168,0,relieff,3,0.1719666653260404,-1.0,-1,-1,2.0,1,0.035737084000004415
seeds,210,7,168,0,relieff,4,0.19983312689237545,-1.0,-1,-1,2.0,1,0.035737084000004415
seeds,210,7,168,0,relieff,5,0.08643992297018929,-1.0,-1,-1,2.0,1,0.035737084000004415
seeds,210,7,168,0,relieff,6,0.1924733593585145,-1.0,-1,-1,2.0,1,0.035737084000004415
seeds,210,7,168,0,mutual_info,0,0.8120656770765344,-1.0,-1,-1,2.0,1,0.005655125000004091
seeds,210,7,168,0,mutual_info,1,0.7970611759626876,-1.0,-1,-1,2.0,1,0.005655125000004091
seeds,210,7,168,0,mutual_info,2,0.2676556399105485,-1.0,-1,-1,2.0,1,0.005655125000004091
seeds,210,7,168,0,mutual_info,3,0.6527642217082212,-1.0,-1,-1,2.0,1,0.005655125000004091
seeds,210,7,168,0,mutual_info,4,0.7057583581782876,-1.0,-1,-1,2.0,1,0.005655125000004091
seeds,210,7,168,0,mutual_info,5,0.21923647836669025,-1.0,-1,-1,2.0,1,0.005655125000004091
seeds,210,7,168,0,mutual_info,6,0.5752492155141657,-1.0,-1,-1,2.0,1,0.005655125000004091
seeds,210,7,168,0,variance,0,0.9584341357365715,-1.0,-1,-1,2.0,1,1.6041000009181516e-05
seeds,210,7,168,0,variance,1,0.9522560643649627,-1.0,-1,-1,2.0,1,1.6041000009181516e-05
seeds,210,7,168,0,variance,2,1.0536758416419907,-1.0,-1,-1,2.0,1,1.6041000009181516e-05
seeds,210,7,168,0,variance,3,0.9576308232257927,-1.0,-1,-1,2.0,1,1.6041000009181516e-05
seeds,210,7,168,0,variance,4,0.9826114219932445,-1.0,-1,-1,2.0,1,1.6041000009181516e-05
seeds,210,7,168,0,variance,5,1.0305420501716398,-1.0,-1,-1,2.0,1,1.6041000009181516e-05
seeds,210,7,168,0,variance,6,0.998198191333424,-1.0,-1,-1,2.0,1,1.6041000009181516e-05
seeds,210,7,168,1,pai,0,0.2013811469078064,7.296495702353488,168,63,2.0,1,3.208078583999992
seeds,210,7,168,1,pai,1,0.23251217603683472,7.429890441872671,168,63,2.0,1,3.208078583999992
seeds,210,7,168,1,pai,2,0.5072012543678284,9.341160195025886,168,63,2.0,1,3.208078583999992
seeds,210,7,168,1,pai,3,0.2540815472602844,8.036066266549891,168,63,2.0,1,3.208078583999992
seeds,210,7,168,1,pai,4,0.270837664604187,7.446643743534086,168,63,2.0,1,3.208078583999992
seeds,210,7,168,1,pai,5,0.8134326636791229,9.51883825368545,168,63,2.0,1,3.208078583999992
seeds,210,7,168,1,pai,6,0.48742395639419556,8.284573069459,168,63,2.0,1,3.208078583999992
seeds,210,7,168,1,nrs,0,0.017857142857142794,-1.0,-1,-1,2.0,1,0.0054340829999830476
seeds,210,7,168,1,nrs,1,0.023809523809523836,-1.0,-1,-1,2.0,1,0.0054340829999830476
seeds,210,7,168,1,nrs,2,-0.023809523809523836,-1.0,-1,-1,2.0,1,0.0054340829999830476
seeds,210,7,168,1,nrs,3,0.023809523809523836,-1.0,-1,-1,2.0,1,0.0054340829999830476
seeds,210,7,168,1,nrs,4,0.005952380952380931,-1.0,-1,-1,2.0,1,0.0054340829999830476
seeds,210,7,168,1,nrs,5,0.029761904761904767,-1.0,-1,-1,2.0,1,0.0054340829999830476
seeds,210,7,168,1,nrs,6,0.029761904761904767,-1.0,-1,-1,2.0,1,0.0054340829999830476
seeds,210,7,168,1,relieff,0,0.24511022303161112,-1.0,-1,-1,2.0,1,0.036206458000009434
seeds,210,7,168,1,relieff,1,0.243959686147186,-1.0,-1,-1,2.0,1,0.036206458000009434
seeds,210,7,168,1,relieff,2,0.09509482721335594,-1.0,-1,-1,2.0,1,0.036206458000009434
seeds,210,7,168,1,relieff,3,0.19710374436936945,-1.0,-1,-1,2.0,1,0.036206458000009434
seeds,210,7,168,1,relieff,4,0.21934248039914472,-1.0,-1,-1,2.0,1,0.036206458000009434
seeds,210,7,168,1,relieff,5,0.06768555019710643,-1.0,-1,-1,2.0,1,0.036206458000009434
seeds,210,7,168,1,relieff,6,0.1988690183114112,-1.0,-1,-1,2.0,1,0.036206458000009434
seeds,210,7,168,1,mutual_info,0,0.8774252078757825,-1.0,-1,-1,2.0,1,0.005595333999991681
seeds,210,7,168,1,mutual_info,1,0.8574782358665147,-1.0,-1,-1,2.0,1,0.005595333999991681
seeds,210,7,168,1,mutual_info,2,0.28643732841018266,-1.0,-1,-1,2.0,1,0.005595333999991681
seeds,210,7,168,1,mutual_info,3,0.7236942660044956,-1.0,-1,-1,2.0,1,0.005595333999991681
seeds,210,7,168,1,mutual_info,4,0.800794113860537,-1.0,-1,-1,2.0,1,0.005595333999991681
seeds,210,7,168,1,mutual_info,5,0.1318826400686568,-1.0,-1,-1,2.0,1,0.005595333999991681
seeds,210,7,168,1,mutual_info,6,0.6075742871215628,-1.0,-1,-1,2.0,1,0.005595333999991681
seeds,210,7,168,1,variance,0,1.0495621259920278,-1.0,-1,-1,2.0,1,1.5791999999237305e-05
seeds,210,7,168,1,variance,1,1.0430968049565277,-1.0,-1,-1,2.0,1,1.5791999999237305e-05
seeds,210,7,168,1,variance,2,1.048903092966393,-1.0,-1,-1,2.0,1,1.5791999999237305e-05
seeds,210,7,168,1,variance,3,1.0504038549142432,-1.0,-1,-1,2.0,1,1.5791999999237305e-05
seeds,210,7,168,1,variance,4,1.0523729787234362,-1.0,-1,-1,2.0,1,1.5791999999237305e-05
seeds,210,7,168,1,variance,5,0.9039705897218695,-1.0,-1,-1,2.0,1,1.5791999999237305e-05
seeds,210,7,168,1,variance,6,1.0485950223489793,-1.0,-1,-1,2.0,1,1.5791999999237305e-05
seeds,210,7,168,2,pai,0,0.19262152910232544,7.151805985876223,168,65,2.0,1,3.1930506249999837
seeds,210,7,168,2,pai,1,0.16540288925170898,7.429890441872671,168,65,2.0,1,3.1930506249999837
seeds,210,7,168,2,pai,2,0.610641598701477,9.349644445884218,168,65,2.0,1,3.1930506249999837
seeds,210,7,168,2,pai,3,0.25801920890808105,8.036066266549891,168,65,2.0,1,3.1930506249999837
seeds,210,7,168,2,pai,4,0.34584617614746094,7.382951851215902,168,65,2.0,1,3.1930506249999837
seeds,210,7,168,2,pai,5,0.9498732089996338,10.134716022193267,168,65,2.0,1,3.1930506249999837
seeds,210,7,168,2,pai,6,0.4378323554992676,8.284573069459,168,65,2.0,1,3.1930506249999837
seeds,210,7,168,2,nrs,0,0.0,-1.0,-1,-1,2.0,1,0.005061999999981026
seeds,210,7,168,2,nrs,1,-0.005952380952381042,-1.0,-1,-1,2.0,1,0.005061999999981026
seeds,210,7,168,2,nrs,2,-0.023809523809523836,-1.0,-1,-1,2.0,1,0.005061999999981026
seeds,210,7,168,2,nrs,3,0.005952380952380931,-1.0,-1,-1,2.0,1,0.005061999999981026
seeds,210,7,168,2,nrs,4,-0.011904761904761973,-1.0,-1,-1,2.0,1,0.005061999999981026
seeds,210,7,168,2,nrs,5,0.09523809523809523,-1.0,-1,-1,2.0,1,0.005061999999981026
seeds,210,7,168,2,nrs,6,0.0357142857142857,-1.0,-1,-1,2.0,1,0.005061999999981026
seeds,210,7,168,2,relieff,0,0.23652858060372517,-1.0,-1,-1,2.0,1,0.03532687500000975
seeds,210,7,168,2,relieff,1,0.22981847697756788,-1.0,-1,-1,2.0,1,0.03532687500000975
seeds,210,7,168,2,relieff,2,0.09349667271627354,-1.0,-1,-1,2.0,1,0.03532687500000975
seeds,210,7,168,2,relieff,3,0.18435840974903467,-1.0,-1,-1,2.0,1,0.03532687500000975
seeds,210,7,168,2,relieff,4,0.2101733935846085,-1.0,-1,-1,2.0,1,0.03532687500000975
seeds,210,7,168,2,relieff,5,0.09673855586650452,-1.0,-1,-1,2.0,1,0.03532687500000975
seeds,210,7,168,2,relieff,6,0.20156590701273122,-1.0,-1,-1,2.0,1,0.03532687500000975
seeds,210,7,168,2,mutual_info,0,0.8471413772100544,-1.0,-1,-1,2.0,1,0.005649167000001398
seeds,210,7,168,2,mutual_info,1,0.7866870148147664,-1.0,-1,-1,2.0,1,0.005649167000001398
seeds,210,7,168,2,mutual_info,2,0.29011649792201855,-1.0,-1,-1,2.0,1,0.005649167000001398
seeds,210,7,168,2,mutual_info,3,0.6441928260278058,-1.0,-1,-1,2.0,1,0.005649167000001398
seeds,210,7,168,2,mutual_info,4,0.7841549577683362,-1.0,-1,-1,2.0,1,0.005649167000001398
seeds,210,7,168,2,mutual_info,5,0.20353193861006558,-1.0,-1,-1,2.0,1,0.005649167000001398
seeds,210,7,168,2,mutual_info,6,0.6233180666442295,-1.0,-1,-1,2.0,1,0.005649167000001398
seeds,210,7,168,2,variance,0,1.0599191876990335,-1.0,-1,-1,2.0,1,1.6875000000027285e-05
seeds,210,7,168,2,variance,1,1.0675325413054257,-1.0,-1,-1,2.0,1,1.6875000000027285e-05
seeds,210,7,168,2,variance,2,1.006005527858699,-1.0,-1,-1,2.0,1,1.6875000000027285e-05
seeds,210,7,168,2,variance,3,1.0835358955498176,-1.0,-1,-1,2.0,1,1.6875000000027285e-05
seeds,210,7,168,2,variance,4,1.0353781174240404,-1.0,-1,-1,2.0,1,1.6875000000027285e-05
seeds,210,7,168,2,variance,5,1.0757261686097186,-1.0,-1,-1,2.0,1,1.6875000000027285e-05
seeds,210,7,168,2,variance,6,1.0731390658879192,-1.0,-1,-1,2.0,1,1.6875000000027285e-05
seeds,210,7,168,3,pai,0,0.23178237676620483,7.296495702353488,168,61,2.0,1,3.369367916999977
seeds,210,7,168,3,pai,1,0.25060921907424927,7.429890441872671,168,61,2.0,1,3.369367916999977
seeds,210,7,168,3,pai,2,0.5059378743171692,9.341160195025886,168,61,2.0,1,3.369367916999977
seeds,210,7,168,3,pai,3,0.24077129364013672,8.036066266549891,168,61,2.0,1,3.369367916999977
seeds,210,7,168,3,pai,4,0.2676549553871155,7.446643743534086,168,61,2.0,1,3.369367916999977
seeds,210,7,168,3,pai,5,0.6961411535739899,10.254718185357813,168,61,2.0,1,3.369367916999977
seeds,210,7,168,3,pai,6,0.4342118501663208,8.284573069459,168,61,2.0,1,3.369367916999977
seeds,210,7,168,3,nrs,0,0.005952380952380931,-1.0,-1,-1,2.0,1,0.005443166000020483
seeds,210,7,168,3,nrs,1,0.0,-1.0,-1,-1,2.0,1,0.005443166000020483
seeds,210,7,168,3,nrs,2,-0.04166666666666674,-1.0,-1,-1,2.0,1,0.005443166000020483
seeds,210,7,168,3,nrs,3,-0.005952380952381042,-1.0,-1,-1,2.0,1,0.005443166000020483
seeds,210,7,168,3,nrs,4,0.011904761904761862,-1.0,-1,-1,2.0,1,0.005443166000020483
seeds,210,7,168,3,nrs,5,0.0714285714285714,-1.0,-1,-1,2.0,1,0.005443166000020483
seeds,210,7,168,3,nrs,6,0.04166666666666663,-1.0,-1,-1,2.0,1,0.005443166000020483
seeds,210,7,168,3,relieff,0,0.22260359053914291,-1.0,-1,-1,2.0,1,0.03631408399999714
seeds,210,7,168,3,relieff,1,0.22425410763478956,-1.0,-1,-1,2.0,1,0.03631408399999714
seeds,210,7,168,3,relieff,2,0.08164033778815799,-1.0,-1,-1,2.0,1,0.03631408399999714
seeds,210,7,168,3,relieff,3,0.17926503512441005,-1.0,-1,-1,2.0,1,0.03631408399999714
seeds,210,7,168,3,relieff,4,0.19566638665444794,-1.0,-1,-1,2.0,1,0.03631408399999714
seeds,210,7,168,3,relieff,5,0.08353340357714031,-1.0,-1,-1,2.0,1,0.03631408399999714
seeds,210,7,168,3,relieff,6,0.18514366603362165,-1.0,-1,-1,2.0,1,0.03631408399999714
seeds,210,7,168,3,mutual_info,0,0.8138903170906968,-1.0,-1,-1,2.0,1,0.005565834000009318
seeds,210,7,168,3,mutual_info,1,0.8218918890959293,-1.0,-1,-1,2.0,1,0.005565834000009318
seeds,210,7,168,3,mutual_info,2,0.301106338742712,-1.0,-1,-1,2.0,1,0.005565834000009318
seeds,210,7,168,3,mutual_info,3,0.6554614363112568,-1.0,-1,-1,2.0,1,0.005565834000009318
seeds,210,7,168,3,mutual_info,4,0.7417269073260133,-1.0,-1,-1,2.0,1,0.005565834000009318
seeds,210,7,168,3,mutual_info,5,0.15547485721076315,-1.0,-1,-1,2.0,1,0.005565834000009318
seeds,210,7,168,3,mutual_info,6,0.5502311576099783,-1.0,-1,-1,2.0,1,0.005565834000009318
seeds,210,7,168,3,variance,0,0.9923826193974699,-1.0,-1,-1,2.0,1,1.562500000318323e-05
seeds,210,7,168,3,variance,1,1.0059092726756393,-1.0,-1,-1,2.0,1,1.562500000318323e-05
seeds,210,7,168,3,variance,2,0.9628118446386771,-1.0,-1,-1,2.0,1,1.562500000318323e-05
seeds,210,7,168,3,variance,3,1.0260724409950948,-1.0,-1,-1,2.0,1,1.562500000318323e-05
seeds,210,7,168,3,variance,4,0.9725419010281917,-1.0,-1,-1,2.0,1,1.562500000318323e-05
seeds,210,7,168,3,variance,5,1.0393431810954545,-1.0,-1,-1,2.0,1,1.562500000318323e-05
seeds,210,7,168,3,variance,6,1.0110922911409443,-1.0,-1,-1,2.0,1,1.562500000318323e-05
seeds,210,7,168,4,pai,0,0.1917937994003296,7.296495702353488,168,70,2.0,1,3.452289417000003
seeds,210,7,168,4,pai,1,0.2070906162261963,7.429890441872671,168,70,2.0,1,3.452289417000003
seeds,210,7,168,4,pai,2,0.5171110033988953,9.349644445884218,168,70,2.0,1,3.452289417000003
seeds,210,7,168,4,pai,3,0.22037863731384277,8.036066266549891,168,70,2.0,1,3.452289417000003
seeds,210,7,168,4,pai,4,0.2822895050048828,7.446643743534086,168,70,2.0,1,3.452289417000003
seeds,210,7,168,4,pai,5,0.7149816453456879,9.01202911792052,168,70,2.0,1,3.452289417000003
seeds,210,7,168,4,pai,6,0.43423259258270264,8.284573069459,168,70,2.0,1,3.452289417000003
seeds,210,7,168,4,nrs,0,0.005952380952380931,-1.0,-1,-1,2.0,1,0.005397458999993887
seeds,210,7,168,4,nrs,1,0.011904761904761862,-1.0,-1,-1,2.0,1,0.005397458999993887
seeds,210,7,168,4,nrs,2,-0.04166666666666663,-1.0,-1,-1,2.0,1,0.005397458999993887
seeds,210,7,168,4,nrs,3,0.011904761904761862,-1.0,-1,-1,2.0,1,0.005397458999993887
seeds,210,7,168,4,nrs,4,0.005952380952380931,-1.0,-1,-1,2.0,1,0.005397458999993887
seeds,210,7,168,4,nrs,5,0.09523809523809523,-1.0,-1,-1,2.0,1,0.005397458999993887
seeds,210,7,168,4,nrs,6,0.04761904761904767,-1.0,-1,-1,2.0,1,0.005397458999993887
seeds,210,7,168,4,relieff,0,0.2244120688879896,-1.0,-1,-1,2.0,1,0.03590241599999899
seeds,210,7,168,4,relieff,1,0.22004562672176303,-1.0,-1,-1,2.0,1,0.03590241599999899
seeds,210,7,168,4,relieff,2,0.09557379439979267,-1.0,-1,-1,2.0,1,0.03590241599999899
seeds,210,7,168,4,relieff,3,0.17321545876233363,-1.0,-1,-1,2.0,1,0.03590241599999899
seeds,210,7,168,4,relieff,4,0.20430964260258616,-1.0,-1,-1,2.0,1,0.03590241599999899
seeds,210,7,168,4,relieff,5,0.0782951834582832,-1.0,-1,-1,2.0,1,0.03590241599999899
seeds,210,7,168,4,relieff,6,0.18901286019085128,-1.0,-1,-1,2.0,1,0.03590241599999899
seeds,210,7,168,4,mutual_info,0,0.7814173313829873,-1.0,-1,-1,2.0,1,0.005544459000020652
seeds,210,7,168,4,mutual_info,1,0.7513809695362348,-1.0,-1,-1,2.0,1,0.005544459000020652
seeds,210,7,168,4,mutual_info,2,0.29711482115262666,-1.0,-1,-1,2.0,1,0.005544459000020652
seeds,210,7,168,4,mutual_info,3,0.5903307397501454,-1.0,-1,-1,2.0,1,0.005544459000020652
seeds,210,7,168,4,mutual_info,4,0.7223913618600011,-1.0,-1,-1,2.0,1,0.005544459000020652
seeds,210,7,168,4,mutual_info,5,0.1878267691116815,-1.0,-1,-1,2.0,1,0.005544459000020652
seeds,210,7,168,4,mutual_info,6,0.5999397795068238,-1.0,-1,-1,2.0,1,0.005544459000020652
seeds,210,7,168,4,variance,0,1.0467981690855688,-1.0,-1,-1,2.0,1,1.5666999985342045e-05
seeds,210,7,168,4,variance,1,1.0383650488825935,-1.0,-1,-1,2.0,1,1.5666999985342045e-05
seeds,210,7,168,4,variance,2,1.0371596735816826,-1.0,-1,-1,2.0,1,1.5666999985342045e-05
seeds,210,7,168,4,variance,3,1.0230422639100953,-1.0,-1,-1,2.0,1,1.5666999985342045e-05
seeds,210,7,168,4,variance,4,1.04918532103313,-1.0,-1,-1,2.0,1,1.5666999985342045e-05
seeds,210,7,168,4,variance,5,0.9436284867221628,-1.0,-1,-1,2.0,1,1.5666999985342045e-05
seeds,210,7,168,4,variance,6,1.0511736667500882,-1.0,-1,-1,2.0,1,1.5666999985342045e-05
glass,214,9,171,0,pai,0,0.3183906674385071,14.931876014770243,171,36,2.0,1,3.7112163749999922
glass,214,9,171,0,pai,1,0.2790255546569824,12.421851436158349,171,36,2.0,1,3.7112163749999922
glass,214,9,171,0,pai,2,0.40305137634277344,6.2402982350393135,171,36,2.0,1,3.7112163749999922
glass,214,9,171,0,pai,3,0.2957141101360321,12.888932528446855,171,36,2.0,1,3.7112163749999922
glass,214,9,171,0,pai,4,0.3532552123069763,13.898702722205286,171,36,2.0,1,3.7112163749999922
glass,214,9,171,0,pai,5,0.19967162609100342,19.088127021273895,171,36,2.0,1,3.7112163749999922
glass,214,9,171,0,pai,6,0.2086174488067627,15.156803164160845,171,36,2.0,1,3.7112163749999922
glass,214,9,171,0,pai,7,0.10493266582489014,12.700174582411474,171,36,2.0,1,3.7112163749999922
glass,214,9,171,0,pai,8,0.38405555486679077,10.492664165339416,171,36,2.0,1,3.7112163749999922
glass,214,9,171,0,nrs,0,0.05263157894736842,-1.0,-1,-1,2.0,1,0.006953916000014715
glass,214,9,171,0,nrs,1,-0.023391812865497075,-1.0,-1,-1,2.0,1,0.006953916000014715
glass,214,9,171,0,nrs,2,0.0,-1.0,-1,-1,2.0,1,0.006953916000014715
glass,214,9,171,0,nrs,3,0.06432748538011696,-1.0,-1,-1,2.0,1,0.006953916000014715
glass,214,9,171,0,nrs,4,-0.011695906432748537,-1.0,-1,-1,2.0,1,0.006953916000014715
glass,214,9,171,0,nrs,5,-0.011695906432748537,-1.0,-1,-1,2.0,1,0.006953916000014715
glass,214,9,171,0,nrs,6,0.029239766081871343,-1.0,-1,-1,2.0,1,0.006953916000014715
glass,214,9,171,0,nrs,7,0.0,-1.0,-1,-1,2.0,1,0.006953916000014715
glass,214,9,171,0,nrs,8,-0.03508771929824561,-1.0,-1,-1,2.0,1,0.006953916000014715
glass,214,9,171,0,relieff,0,0.06159552032964031,-1.0,-1,-1,2.0,1,0.04828674999998839
glass,214,9,171,0,relieff,1,0.09993062229611199,-1.0,-1,-1,2.0,1,0.04828674999998839
glass,214,9,171,0,relieff,2,0.3295760677931584,-1.0,-1,-1,2.0,1,0.04828674999998839
glass,214,9,171,0,relieff,3,0.10393362668705869,-1.0,-1,-1,2.0,1,0.04828674999998839
glass,214,9,171,0,relieff,4,0.0532605527443943,-1.0,-1,-1,2.0,1,0.04828674999998839
glass,214,9,171,0,relieff,5,0.03151355646316698,-1.0,-1,-1,2.0,1,0.04828674999998839
glass,214,9,171,0,relieff,6,0.08245460914619238,-1.0,-1,-1,2.0,1,0.04828674999998839
glass,214,9,171,0,relieff,7,0.0835920080274147,-1.0,-1,-1,2.0,1,0.04828674999998839
glass,214,9,171,0,relieff,8,0.041487626997055674,-1.0,-1,-1,2.0,1,0.04828674999998839
glass,214,9,171,0,mutual_info,0,0.39563477208344255,-1.0,-1,-1,2.0,1,0.011578083000017614
glass,214,9,171,0,mutual_info,1,0.2917754498501499,-1.0,-1,-1,2.0,1,0.011578083000017614
glass,214,9,171,0,mutual_info,2,0.32614124915505416,-1.0,-1,-1,2.0,1,0.011578083000017614
glass,214,9,171,0,mutual_info,3,0.4293989140960126,-1.0,-1,-1,2.0,1,0.011578083000017614
glass,214,9,171,0,mutual_info,4,0.07876326698011038,-1.0,-1,-1,2.0,1,0.011578083000017614
glass,214,9,171,0,mutual_info,5,0.40607439526981537,-1.0,-1,-1,2.0,1,0.011578083000017614
glass,214,9,171,0,mutual_info,6,0.2618806532421676,-1.0,-1,-1,2.0,1,0.011578083000017614
glass,214,9,171,0,mutual_info,7,0.48677644904863304,-1.0,-1,-1,2.0,1,0.011578083000017614
glass,214,9,171,0,mutual_info,8,0.054285208793435125,-1.0,-1,-1,2.0,1,0.011578083000017614
glass,214,9,171,0,variance,0,1.0289936085012918,-1.0,-1,-1,2.0,1,1.499999999055035e-05
glass,214,9,171,0,variance,1,0.8912455452139515,-1.0,-1,-1,2.0,1,1.499999999055035e-05
glass,214,9,171,0,variance,2,1.0215863599959214,-1.0,-1,-1,2.0,1,1.499999999055035e-05
glass,214,9,171,0,variance,3,0.9610258488411619,-1.0,-1,-1,2.0,1,1.499999999055035e-05
glass,214,9,171,0,variance,4,1.0423254207094736,-1.0,-1,-1,2.0,1,1.499999999055035e-05
glass,214,9,171,0,variance,5,1.1809017770346388,-1.0,-1,-1,2.0,1,1.499999999055035e-05
glass,214,9,171,0,variance,6,1.089042812988484,-1.0,-1,-1,2.0,1,1.499999999055035e-05
glass,214,9,171,0,variance,7,1.088467174696081,-1.0,-1,-1,2.0,1,1.499999999055035e-05
glass,214,9,171,0,variance,8,0.8812634722856685,-1.0,-1,-1,2.0,1,1.499999999055035e-05
glass,214,9,171,1,pai,0,0.24655479192733765,15.03749494325664,171,37,2.0,1,3.183924416999986
glass,214,9,171,1,pai,1,0.37404322624206543,15.613236192483617,171,37,2.0,1,3.183924416999986
glass,214,9,171,1,pai,2,0.34171760082244873,5.531489304110572,171,37,2.0,1,3.183924416999986
glass,214,9,171,1,pai,3,0.3784105181694031,12.888932528446855,171,37,2.0,1,3.183924416999986
glass,214,9,171,1,pai,4,0.20564478635787964,14.286934641819936,171,37,2.0,1,3.183924416999986
glass,214,9,171,1,pai,5,0.2094517946243286,19.088127021273895,171,37,2.0,1,3.183924416999986
glass,214,9,171,1,pai,6,0.17084258794784546,15.156803164160845,171,37,2.0,1,3.183924416999986
glass,214,9,171,1,pai,7,0.12499475479125977,11.611588189633347,171,37,2.0,1,3.183924416999986
glass,214,9,171,1,pai,8,0.30879706144332886,10.492664165339416,171,37,2.0,1,3.183924416999986
glass,214,9,171,1,nrs,0,0.04678362573099415,-1.0,-1,-1,2.0,1,0.006963500000011891
glass,214,9,171,1,nrs,1,-0.029239766081871343,-1.0,-1,-1,2.0,1,0.006963500000011891
glass,214,9,171,1,nrs,2,0.005847953216374269,-1.0,-1,-1,2.0,1,0.006963500000011891
glass,214,9,171,1,nrs,3,0.023391812865497075,-1.0,-1,-1,2.0,1,0.006963500000011891
glass,214,9,171,1,nrs,4,0.005847953216374269,-1.0,-1,-1,2.0,1,0.006963500000011891
glass,214,9,171,1,nrs,5,-0.005847953216374269,-1.0,-1,-1,2.0,1,0.006963500000011891
glass,214,9,171,1,nrs,6,0.011695906432748537,-1.0,-1,-1,2.0,1,0.006963500000011891
glass,214,9,171,1,nrs,7,0.005847953216374269,-1.0,-1,-1,2.0,1,0.006963500000011891
glass,214,9,171,1,nrs,8,0.029239766081871343,-1.0,-1,-1,2.0,1,0.006963500000011891
glass,214,9,171,1,relieff,0,0.05331877084370888,-1.0,-1,-1,2.0,1,0.049070625000013024
glass,214,9,171,1,relieff,1,0.07155759353151488,-1.0,-1,-1,2.0,1,0.049070625000013024
glass,214,9,171,1,relieff,2,0.34069511249394135,-1.0,-1,-1,2.0,1,0.049070625000013024
glass,214,9,171,1,relieff,3,0.12186578082815298,-1.0,-1,-1,2.0,1,0.049070625000013024
glass,214,9,171,1,relieff,4,0.06662620909766707,-1.0,-1,-1,2.0,1,0.049070625000013024
glass,214,9,171,1,relieff,5,0.06858616676676006,-1.0,-1,-1,2.0,1,0.049070625000013024
glass,214,9,171,1,relieff,6,0.07148733618494559,-1.0,-1,-1,2.0,1,0.049070625000013024
glass,214,9,171,1,relieff,7,0.09453569278140608,-1.0,-1,-1,2.0,1,0.049070625000013024
glass,214,9,171,1,relieff,8,0.039429383988498316,-1.0,-1,-1,2.0,1,0.049070625000013024
glass,214,9,171,1,mutual_info,0,0.3357918782269267,-1.0,-1,-1,2.0,1,0.011613792000019885
glass,214,9,171,1,mutual_info,1,0.3361942007743468,-1.0,-1,-1,2.0,1,0.011613792000019885
glass,214,9,171,1,mutual_info,2,0.36253905911476325,-1.0,-1,-1,2.0,1,0.011613792000019885
glass,214,9,171,1,mutual_info,3,0.4024052306244479,-1.0,-1,-1,2.0,1,0.011613792000019885
glass,214,9,171,1,mutual_info,4,0.11548092913051677,-1.0,-1,-1,2.0,1,0.011613792000019885
glass,214,9,171,1,mutual_info,5,0.45132175089333515,-1.0,-1,-1,2.0,1,0.011613792000019885
glass,214,9,171,1,mutual_info,6,0.1369468545271464,-1.0,-1,-1,2.0,1,0.011613792000019885
glass,214,9,171,1,mutual_info,7,0.5222547529685939,-1.0,-1,-1,2.0,1,0.011613792000019885
glass,214,9,171,1,mutual_info,8,0.21504424665504818,-1.0,-1,-1,2.0,1,0.011613792000019885
glass,214,9,171,1,variance,0,0.9701204763672665,-1.0,-1,-1,2.0,1,1.683300001786847e-05
glass,214,9,171,1,variance,1,0.9653242787302482,-1.0,-1,-1,2.0,1,1.683300001786847e-05
glass,214,9,171,1,variance,2,1.0347351466863128,-1.0,-1,-1,2.0,1,1.683300001786847e-05
glass,214,9,171,1,variance,3,1.095351897884685,-1.0,-1,-1,2.0,1,1.683300001786847e-05
glass,214,9,171,1,variance,4,1.0629933555567792,-1.0,-1,-1,2.0,1,1.683300001786847e-05
glass,214,9,171,1,variance,5,1.2104009028077942,-1.0,-1,-1,2.0,1,1.683300001786847e-05
glass,214,9,171,1,variance,6,1.0091724262913722,-1.0,-1,-1,2.0,1,1.683300001786847e-05
glass,214,9,171,1,variance,7,0.9465945671507093,-1.0,-1,-1,2.0,1,1.683300001786847e-05
glass,214,9,171,1,variance,8,1.0120157752443937,-1.0,-1,-1,2.0,1,1.683300001786847e-05
glass,214,9,171,2,pai,0,0.4473807215690613,13.268377891108791,171,37,2.0,1,3.550453042000015
glass,214,9,171,2,pai,1,0.3311140537261963,16.32516048427925,171,37,2.0,1,3.550453042000015
glass,214,9,171,2,pai,2,0.33025360107421875,6.2402982350393135,171,37,2.0,1,3.550453042000015
glass,214,9,171,2,pai,3,0.42803144454956055,11.041920390413972,171,37,2.0,1,3.550453042000015
glass,214,9,171,2,pai,4,0.2531074285507202,14.493991665614425,171,37,2.0,1,3.550453042000015
glass,214,9,171,2,pai,5,0.33859193325042725,19.088127021273895,171,37,2.0,1,3.550453042000015
glass,214,9,171,2,pai,6,0.2997063398361206,13.424194624019782,171,37,2.0,1,3.550453042000015
glass,214,9,171,2,pai,7,0.212973952293396,12.700174582411474,171,37,2.0,1,3.550453042000015
glass,214,9,171,2,pai,8,0.4427065849304199,10.492664165339416,171,37,2.0,1,3.550453042000015
glass,214,9,171,2,nrs,0,0.023391812865497075,-1.0,-1,-1,2.0,1,0.006924625000010565
glass,214,9,171,2,nrs,1,-0.023391812865497075,-1.0,-1,-1,2.0,1,0.006924625000010565
glass,214,9,171,2,nrs,2,0.0,-1.0,-1,-1,2.0,1,0.006924625000010565
glass,214,9,171,2,nrs,3,0.029239766081871343,-1.0,-1,-1,2.0,1,0.006924625000010565
glass,214,9,171,2,nrs,4,0.005847953216374269,-1.0,-1,-1,2.0,1,0.006924625000010565
glass,214,9,171,2,nrs,5,0.005847953216374269,-1.0,-1,-1,2.0,1,0.006924625000010565
glass,214,9,171,2,nrs,6,0.011695906432748537,-1.0,-1,-1,2.0,1,0.006924625000010565
glass,214,9,171,2,nrs,7,0.005847953216374269,-1.0,-1,-1,2.0,1,0.006924625000010565
glass,214,9,171,2,nrs,8,0.011695906432748537,-1.0,-1,-1,2.0,1,0.006924625000010565
glass,214,9,171,2,relieff,0,0.06408329555115913,-1.0,-1,-1,2.0,1,0.04916404200000102
glass,214,9,171,2,relieff,1,0.06649347570925364,-1.0,-1,-1,2.0,1,0.04916404200000102
glass,214,9,171,2,relieff,2,0.28133616134547784,-1.0,-1,-1,2.0,1,0.04916404200000102
glass,214,9,171,2,relieff,3,0.10039877872290151,-1.0,-1,-1,2.0,1,0.04916404200000102
glass,214,9,171,2,relieff,4,0.04629827679731732,-1.0,-1,-1,2.0,1,0.04916404200000102
glass,214,9,171,2,relieff,5,0.0423522784285967,-1.0,-1,-1,2.0,1,0.04916404200000102
glass,214,9,171,2,relieff,6,0.0800079557510328,-1.0,-1,-1,2.0,1,0.04916404200000102
glass,214,9,171,2,relieff,7,0.062061010293222744,-1.0,-1,-1,2.0,1,0.04916404200000102
glass,214,9,171,2,relieff,8,0.027090882161831625,-1.0,-1,-1,2.0,1,0.04916404200000102
glass,214,9,171,2,mutual_info,0,0.3710872198309634,-1.0,-1,-1,2.0,1,0.012040833999975575
glass,214,9,171,2,mutual_info,1,0.3033944905925452,-1.0,-1,-1,2.0,1,0.012040833999975575
glass,214,9,171,2,mutual_info,2,0.4539832753811708,-1.0,-1,-1,2.0,1,0.012040833999975575
glass,214,9,171,2,mutual_info,3,0.3518962039905609,-1.0,-1,-1,2.0,1,0.012040833999975575
glass,214,9,171,2,mutual_info,4,0.07513936849035252,-1.0,-1,-1,2.0,1,0.012040833999975575
glass,214,9,171,2,mutual_info,5,0.3523235901636763,-1.0,-1,-1,2.0,1,0.012040833999975575
glass,214,9,171,2,mutual_info,6,0.27699747246640394,-1.0,-1,-1,2.0,1,0.012040833999975575
glass,214,9,171,2,mutual_info,7,0.3203146998054218,-1.0,-1,-1,2.0,1,0.012040833999975575
glass,214,9,171,2,mutual_info,8,0.04079445400824433,-1.0,-1,-1,2.0,1,0.012040833999975575
glass,214,9,171,2,variance,0,0.9794459468492482,-1.0,-1,-1,2.0,1,1.6624999972236765e-05
glass,214,9,171,2,variance,1,1.007277956277212,-1.0,-1,-1,2.0,1,1.6624999972236765e-05
glass,214,9,171,2,variance,2,1.030387106351804,-1.0,-1,-1,2.0,1,1.6624999972236765e-05
glass,214,9,171,2,variance,3,1.010200986868644,-1.0,-1,-1,2.0,1,1.6624999972236765e-05
glass,214,9,171,2,variance,4,0.9742458519710133,-1.0,-1,-1,2.0,1,1.6624999972236765e-05
glass,214,9,171,2,variance,5,1.191801961736993,-1.0,-1,-1,2.0,1,1.6624999972236765e-05
glass,214,9,171,2,variance,6,1.0023633442232727,-1.0,-1,-1,2.0,1,1.6624999972236765e-05
glass,214,9,171,2,variance,7,0.9093734509866315,-1.0,-1,-1,2.0,1,1.6624999972236765e-05
glass,214,9,171,2,variance,8,0.9116486482908391,-1.0,-1,-1,2.0,1,1.6624999972236765e-05
glass,214,9,171,3,pai,0,0.5577788352966309,15.03749494325664,171,38,2.0,1,3.4981254999999862
glass,214,9,171,3,pai,1,0.34038567543029785,16.32516048427925,171,38,2.0,1,3.4981254999999862
glass,214,9,171,3,pai,2,0.36171412467956543,6.2402982350393135,171,38,2.0,1,3.4981254999999862
glass,214,9,171,3,pai,3,0.304773211479187,12.888932528446855,171,38,2.0,1,3.4981254999999862
glass,214,9,171,3,pai,4,0.34722745418548584,14.493991665614425,171,38,2.0,1,3.4981254999999862
glass,214,9,171,3,pai,5,0.27110207080841064,19.088127021273895,171,38,2.0,1,3.4981254999999862
glass,214,9,171,3,pai,6,0.3725188970565796,14.649698225582974,171,38,2.0,1,3.4981254999999862
glass,214,9,171,3,pai,7,0.46988970041275024,12.700174582411474,171,38,2.0,1,3.4981254999999862
glass,214,9,171,3,pai,8,0.4570525884628296,10.492664165339416,171,38,2.0,1,3.4981254999999862
glass,214,9,171,3,nrs,0,0.04678362573099415,-1.0,-1,-1,2.0,1,0.006757167000017716
glass,214,9,171,3,nrs,1,-0.017543859649122806,-1.0,-1,-1,2.0,1,0.006757167000017716
glass,214,9,171,3,nrs,2,0.0,-1.0,-1,-1,2.0,1,0.006757167000017716
glass,214,9,171,3,nrs,3,0.017543859649122806,-1.0,-1,-1,2.0,1,0.006757167000017716
glass,214,9,171,3,nrs,4,-0.005847953216374269,-1.0,-1,-1,2.0,1,0.006757167000017716
glass,214,9,171,3,nrs,5,0.005847953216374269,-1.0,-1,-1,2.0,1,0.006757167000017716
glass,214,9,171,3,nrs,6,0.0,-1.0,-1,-1,2.0,1,0.006757167000017716
glass,214,9,171,3,nrs,7,0.011695906432748537,-1.0,-1,-1,2.0,1,0.006757167000017716
glass,214,9,171,3,nrs,8,-0.017543859649122806,-1.0,-1,-1,2.0,1,0.006757167000017716
glass,214,9,171,3,relieff,0,0.05215467962155742,-1.0,-1,-1,2.0,1,0.04932279199999812
glass,214,9,171,3,relieff,1,0.06971378778034308,-1.0,-1,-1,2.0,1,0.04932279199999812
glass,214,9,171,3,relieff,2,0.2977206419659308,-1.0,-1,-1,2.0,1,0.04932279199999812
glass,214,9,171,3,relieff,3,0.09926399155698577,-1.0,-1,-1,2.0,1,0.04932279199999812
glass,214,9,171,3,relieff,4,0.052138281141837994,-1.0,-1,-1,2.0,1,0.04932279199999812
glass,214,9,171,3,relieff,5,0.028422672212118975,-1.0,-1,-1,2.0,1,0.04932279199999812
glass,214,9,171,3,relieff,6,0.07473733857611083,-1.0,-1,-1,2.0,1,0.04932279199999812
glass,214,9,171,3,relieff,7,0.0794354415058159,-1.0,-1,-1,2.0,1,0.04932279199999812
glass,214,9,171,3,relieff,8,0.03794403227634922,-1.0,-1,-1,2.0,1,0.04932279199999812
glass,214,9,171,3,mutual_info,0,0.36491273418631565,-1.0,-1,-1,2.0,1,0.01164820899998631
glass,214,9,171,3,mutual_info,1,0.28880268757789285,-1.0,-1,-1,2.0,1,0.01164820899998631
glass,214,9,171,3,mutual_info,2,0.3535598934947948,-1.0,-1,-1,2.0,1,0.01164820899998631
glass,214,9,171,3,mutual_info,3,0.4184560577289447,-1.0,-1,-1,2.0,1,0.01164820899998631
glass,214,9,171,3,mutual_info,4,0.15611982791689982,-1.0,-1,-1,2.0,1,0.01164820899998631
glass,214,9,171,3,mutual_info,5,0.30818251866732327,-1.0,-1,-1,2.0,1,0.01164820899998631
glass,214,9,171,3,mutual_info,6,0.2650596369336764,-1.0,-1,-1,2.0,1,0.01164820899998631
glass,214,9,171,3,mutual_info,7,0.48166125437623486,-1.0,-1,-1,2.0,1,0.01164820899998631
glass,214,9,171,3,mutual_info,8,0.13685893860343734,-1.0,-1,-1,2.0,1,0.01164820899998631
glass,214,9,171,3,variance,0,0.9986104269337003,-1.0,-1,-1,2.0,1,1.704199999608136e-05
glass,214,9,171,3,variance,1,1.0287464739656338,-1.0,-1,-1,2.0,1,1.704199999608136e-05
glass,214,9,171,3,variance,2,1.043138752009385,-1.0,-1,-1,2.0,1,1.704199999608136e-05
glass,214,9,171,3,variance,3,1.0770203791512516,-1.0,-1,-1,2.0,1,1.704199999608136e-05
glass,214,9,171,3,variance,4,1.0633858454520229,-1.0,-1,-1,2.0,1,1.704199999608136e-05
glass,214,9,171,3,variance,5,1.1832170745362744,-1.0,-1,-1,2.0,1,1.704199999608136e-05
glass,214,9,171,3,variance,6,1.0126184961730285,-1.0,-1,-1,2.0,1,1.704199999608136e-05
glass,214,9,171,3,variance,7,1.0943944196875295,-1.0,-1,-1,2.0,1,1.704199999608136e-05
glass,214,9,171,3,variance,8,0.9696092708223202,-1.0,-1,-1,2.0,1,1.704199999608136e-05
glass,214,9,171,4,pai,0,0.3588048815727234,14.931876014770243,171,38,2.0,1,3.540433042000018
glass,214,9,171,4,pai,1,0.3470057249069214,12.421851436158349,171,38,2.0,1,3.540433042000018
glass,214,9,171,4,pai,2,0.3640385866165161,6.2402982350393135,171,38,2.0,1,3.540433042000018
glass,214,9,171,4,pai,3,0.3569483757019043,12.888932528446855,171,38,2.0,1,3.540433042000018
glass,214,9,171,4,pai,4,0.24152621626853943,12.268128659823638,171,38,2.0,1,3.540433042000018
glass,214,9,171,4,pai,5,0.2598857879638672,19.088127021273895,171,38,2.0,1,3.540433042000018
glass,214,9,171,4,pai,6,0.3020436763763428,15.156803164160845,171,38,2.0,1,3.540433042000018
glass,214,9,171,4,pai,7,0.3748511075973511,12.700174582411474,171,38,2.0,1,3.540433042000018
glass,214,9,171,4,pai,8,0.3980196416378021,10.492664165339416,171,38,2.0,1,3.540433042000018
glass,214,9,171,4,nrs,0,0.04093567251461988,-1.0,-1,-1,2.0,1,0.007052250000015192
glass,214,9,171,4,nrs,1,-0.023391812865497075,-1.0,-1,-1,2.0,1,0.007052250000015192
glass,214,9,171,4,nrs,2,0.0,-1.0,-1,-1,2.0,1,0.007052250000015192
glass,214,9,171,4,nrs,3,0.04093567251461988,-1.0,-1,-1,2.0,1,0.007052250000015192
glass,214,9,171,4,nrs,4,0.011695906432748537,-1.0,-1,-1,2.0,1,0.007052250000015192
glass,214,9,171,4,nrs,5,0.0,-1.0,-1,-1,2.0,1,0.007052250000015192
glass,214,9,171,4,nrs,6,0.023391812865497075,-1.0,-1,-1,2.0,1,0.007052250000015192
glass,214,9,171,4,nrs,7,0.011695906432748537,-1.0,-1,-1,2.0,1,0.007052250000015192
glass,214,9,171,4,nrs,8,-0.005847953216374269,-1.0,-1,-1,2.0,1,0.007052250000015192
glass,214,9,171,4,relieff,0,0.050289216482564486,-1.0,-1,-1,2.0,1,0.04991841599999702
glass,214,9,171,4,relieff,1,0.07724590168144711,-1.0,-1,-1,2.0,1,0.04991841599999702
glass,214,9,171,4,relieff,2,0.2866648835004073,-1.0,-1,-1,2.0,1,0.04991841599999702
glass,214,9,171,4,relieff,3,0.10428872548424253,-1.0,-1,-1,2.0,1,0.04991841599999702
glass,214,9,171,4,relieff,4,0.052197587582215425,-1.0,-1,-1,2.0,1,0.04991841599999702
glass,214,9,171,4,relieff,5,0.04650010979953314,-1.0,-1,-1,2.0,1,0.04991841599999702
glass,214,9,171,4,relieff,6,0.060937397906898935,-1.0,-1,-1,2.0,1,0.04991841599999702
glass,214,9,171,4,relieff,7,0.07649832013160472,-1.0,-1,-1,2.0,1,0.04991841599999702
glass,214,9,171,4,relieff,8,0.042300182987425,-1.0,-1,-1,2.0,1,0.04991841599999702
glass,214,9,171,4,mutual_info,0,0.3994150330298001,-1.0,-1,-1,2.0,1,0.012203292000009469
glass,214,9,171,4,mutual_info,1,0.2914122340026468,-1.0,-1,-1,2.0,1,0.012203292000009469
glass,214,9,171,4,mutual_info,2,0.4162126509107136,-1.0,-1,-1,2.0,1,0.012203292000009469
glass,214,9,171,4,mutual_info,3,0.4502534954134383,-1.0,-1,-1,2.0,1,0.012203292000009469
glass,214,9,171,4,mutual_info,4,0.1304060777619478,-1.0,-1,-1,2.0,1,0.012203292000009469
glass,214,9,171,4,mutual_info,5,0.32557455519490075,-1.0,-1,-1,2.0,1,0.012203292000009469
glass,214,9,171,4,mutual_info,6,0.2628886766931715,-1.0,-1,-1,2.0,1,0.012203292000009469
glass,214,9,171,4,mutual_info,7,0.31495893212750703,-1.0,-1,-1,2.0,1,0.012203292000009469
glass,214,9,171,4,mutual_info,8,0.06219100431862623,-1.0,-1,-1,2.0,1,0.012203292000009469
glass,214,9,171,4,variance,0,0.9853253767072652,-1.0,-1,-1,2.0,1,1.5165999997179824e-05
glass,214,9,171,4,variance,1,0.7599951139733743,-1.0,-1,-1,2.0,1,1.5165999997179824e-05
glass,214,9,171,4,variance,2,0.9791530329881463,-1.0,-1,-1,2.0,1,1.5165999997179824e-05
glass,214,9,171,4,variance,3,1.0753537972510645,-1.0,-1,-1,2.0,1,1.5165999997179824e-05
glass,214,9,171,4,variance,4,0.9132243660760039,-1.0,-1,-1,2.0,1,1.5165999997179824e-05
glass,214,9,171,4,variance,5,1.1318845574546543,-1.0,-1,-1,2.0,1,1.5165999997179824e-05
glass,214,9,171,4,variance,6,0.8390392012843081,-1.0,-1,-1,2.0,1,1.5165999997179824e-05
glass,214,9,171,4,variance,7,1.0663220863858491,-1.0,-1,-1,2.0,1,1.5165999997179824e-05
glass,214,9,171,4,variance,8,1.0718256658898575,-1.0,-1,-1,2.0,1,1.5165999997179824e-05
ecoli,336,7,268,0,pai,0,0.6281181573867798,9.159011062268696,268,114,2.0,1,9.906759167000018
ecoli,336,7,268,0,pai,1,0.4501460790634155,11.356246872316362,268,114,2.0,1,9.906759167000018
ecoli,336,7,268,0,pai,2,0.25005027651786804,11.769566660948175,268,114,2.0,1,9.906759167000018
ecoli,336,7,268,0,pai,3,0.13164126873016357,36.71528210838789,268,114,2.0,1,9.906759167000018
ecoli,336,7,268,0,pai,4,0.5224331617355347,13.748686558364014,268,114,2.0,1,9.906759167000018
ecoli,336,7,268,0,pai,5,0.4663699269294739,9.005245104058963,268,114,2.0,1,9.906759167000018
ecoli,336,7,268,0,pai,6,0.4802016615867615,9.469214190447339,268,114,2.0,1,9.906759167000018
ecoli,336,7,268,0,nrs,0,0.007462686567164145,-1.0,-1,-1,2.0,1,0.008859124999986534
ecoli,336,7,268,0,nrs,1,-0.007462686567164201,-1.0,-1,-1,2.0,1,0.008859124999986534
ecoli,336,7,268,0,nrs,2,0.0,-1.0,-1,-1,2.0,1,0.008859124999986534
ecoli,336,7,268,0,nrs,3,0.0,-1.0,-1,-1,2.0,1,0.008859124999986534
ecoli,336,7,268,0,nrs,4,0.02238805970149249,-1.0,-1,-1,2.0,1,0.008859124999986534
ecoli,336,7,268,0,nrs,5,0.04850746268656714,-1.0,-1,-1,2.0,1,0.008859124999986534
ecoli,336,7,268,0,nrs,6,-0.007462686567164201,-1.0,-1,-1,2.0,1,0.008859124999986534
ecoli,336,7,268,0,relieff,0,0.4461154156378864,-1.0,-1,-1,2.0,1,0.09808370799999011
ecoli,336,7,268,0,relieff,1,0.3991636769565178,-1.0,-1,-1,2.0,1,0.09808370799999011
ecoli,336,7,268,0,relieff,2,0.11211228816869359,-1.0,-1,-1,2.0,1,0.09808370799999011
ecoli,336,7,268,0,relieff,3,0.0062782198063066185,-1.0,-1,-1,2.0,1,0.09808370799999011
ecoli,336,7,268,0,relieff,4,0.3984265991841901,-1.0,-1,-1,2.0,1,0.09808370799999011
ecoli,336,7,268,0,relieff,5,0.6027374022216027,-1.0,-1,-1,2.0,1,0.09808370799999011
ecoli,336,7,268,0,relieff,6,0.5583092690888976,-1.0,-1,-1,2.0,1,0.09808370799999011
ecoli,336,7,268,0,mutual_info,0,0.4453175939374665,-1.0,-1,-1,2.0,1,0.01145458299998836
ecoli,336,7,268,0,mutual_info,1,0.32727462040997946,-1.0,-1,-1,2.0,1,0.01145458299998836
ecoli,336,7,268,0,mutual_info,2,0.17901993194185684,-1.0,-1,-1,2.0,1,0.01145458299998836
ecoli,336,7,268,0,mutual_info,3,0.10587273670118558,-1.0,-1,-1,2.0,1,0.01145458299998836
ecoli,336,7,268,0,mutual_info,4,0.22706907118770303,-1.0,-1,-1,2.0,1,0.01145458299998836
ecoli,336,7,268,0,mutual_info,5,0.7496398984783408,-1.0,-1,-1,2.0,1,0.01145458299998836
ecoli,336,7,268,0,mutual_info,6,0.5366846311570264,-1.0,-1,-1,2.0,1,0.01145458299998836
ecoli,336,7,268,0,variance,0,1.034228129612691,-1.0,-1,-1,2.0,1,1.7083000017237282e-05
ecoli,336,7,268,0,variance,1,0.9755963121864213,-1.0,-1,-1,2.0,1,1.7083000017237282e-05
ecoli,336,7,268,0,variance,2,1.1239154470300285,-1.0,-1,-1,2.0,1,1.7083000017237282e-05
ecoli,336,7,268,0,variance,3,1.2527817583944791,-1.0,-1,-1,2.0,1,1.7083000017237282e-05
ecoli,336,7,268,0,variance,4,0.9386128462982859,-1.0,-1,-1,2.0,1,1.7083000017237282e-05
ecoli,336,7,268,0,variance,5,1.0270756087758244,-1.0,-1,-1,2.0,1,1.7083000017237282e-05
ecoli,336,7,268,0,variance,6,1.0228988573676976,-1.0,-1,-1,2.0,1,1.7083000017237282e-05
ecoli,336,7,268,1,pai,0,0.5004804134368896,9.159011062268696,268,113,2.0,1,9.865167541999995
ecoli,336,7,268,1,pai,1,0.48123204708099365,11.356246872316362,268,113,2.0,1,9.865167541999995
ecoli,336,7,268,1,pai,2,0.20456348359584808,11.769566660948175,268,113,2.0,1,9.865167541999995
ecoli,336,7,268,1,pai,3,0.23351097106933594,36.71528210838789,268,113,2.0,1,9.865167541999995
ecoli,336,7,268,1,pai,4,0.5591403841972351,14.403385918286109,268,113,2.0,1,9.865167541999995
ecoli,336,7,268,1,pai,5,0.44504714012145996,9.005245104058963,268,113,2.0,1,9.865167541999995
ecoli,336,7,268,1,pai,6,0.3374705910682678,9.469214190447339,268,113,2.0,1,9.865167541999995
ecoli,336,7,268,1,nrs,0,0.09328358208955223,-1.0,-1,-1,2.0,1,0.008764957999972012
ecoli,336,7,268,1,nrs,1,0.04104477611940299,-1.0,-1,-1,2.0,1,0.008764957999972012
ecoli,336,7,268,1,nrs,2,0.014925373134328346,-1.0,-1,-1,2.0,1,0.008764957999972012
ecoli,336,7,268,1,nrs,3,0.0,-1.0,-1,-1,2.0,1,0.008764957999972012
ecoli,336,7,268,1,nrs,4,0.08955223880597013,-1.0,-1,-1,2.0,1,0.008764957999972012
ecoli,336,7,268,1,nrs,5,0.06716417910447758,-1.0,-1,-1,2.0,1,0.008764957999972012
ecoli,336,7,268,1,nrs,6,0.018656716417910446,-1.0,-1,-1,2.0,1,0.008764957999972012
ecoli,336,7,268,1,relieff,0,0.5025756894036483,-1.0,-1,-1,2.0,1,0.09923695800000587
ecoli,336,7,268,1,relieff,1,0.46971315020492826,-1.0,-1,-1,2.0,1,0.09923695800000587
ecoli,336,7,268,1,relieff,2,0.03358670117804037,-1.0,-1,-1,2.0,1,0.09923695800000587
ecoli,336,7,268,1,relieff,3,0.007804088166568103,-1.0,-1,-1,2.0,1,0.09923695800000587
ecoli,336,7,268,1,relieff,4,0.4661967986859047,-1.0,-1,-1,2.0,1,0.09923695800000587
ecoli,336,7,268,1,relieff,5,0.686667397950737,-1.0,-1,-1,2.0,1,0.09923695800000587
ecoli,336,7,268,1,relieff,6,0.656562515275272,-1.0,-1,-1,2.0,1,0.09923695800000587
ecoli,336,7,268,1,mutual_info,0,0.4463767739227804,-1.0,-1,-1,2.0,1,0.010558792000040285
ecoli,336,7,268,1,mutual_info,1,0.36854084194649817,-1.0,-1,-1,2.0,1,0.010558792000040285
ecoli,336,7,268,1,mutual_info,2,0.05529811552545505,-1.0,-1,-1,2.0,1,0.010558792000040285
ecoli,336,7,268,1,mutual_info,3,0.0,-1.0,-1,-1,2.0,1,0.010558792000040285
ecoli,336,7,268,1,mutual_info,4,0.24797117334470586,-1.0,-1,-1,2.0,1,0.010558792000040285
ecoli,336,7,268,1,mutual_info,5,0.6846279019397612,-1.0,-1,-1,2.0,1,0.010558792000040285
ecoli,336,7,268,1,mutual_info,6,0.5095095160992027,-1.0,-1,-1,2.0,1,0.010558792000040285
ecoli,336,7,268,1,variance,0,0.9461919519773739,-1.0,-1,-1,2.0,1,1.8667000006189483e-05
ecoli,336,7,268,1,variance,1,1.067132239729705,-1.0,-1,-1,2.0,1,1.8667000006189483e-05
ecoli,336,7,268,1,variance,2,0.7579558484475346,-1.0,-1,-1,2.0,1,1.8667000006189483e-05
ecoli,336,7,268,1,variance,3,1.252781758394467,-1.0,-1,-1,2.0,1,1.8667000006189483e-05
ecoli,336,7,268,1,variance,4,1.0117035674331862,-1.0,-1,-1,2.0,1,1.8667000006189483e-05
ecoli,336,7,268,1,variance,5,1.0108250895180126,-1.0,-1,-1,2.0,1,1.8667000006189483e-05
ecoli,336,7,268,1,variance,6,0.9942920033328614,-1.0,-1,-1,2.0,1,1.8667000006189483e-05
ecoli,336,7,268,2,pai,0,0.6034764051437378,9.159011062268696,268,104,2.0,1,10.42686095900001
ecoli,336,7,268,2,pai,1,0.5101528167724609,10.004312720850129,268,104,2.0,1,10.42686095900001
ecoli,336,7,268,2,pai,2,0.18771933019161224,11.769566660948175,268,104,2.0,1,10.42686095900001
ecoli,336,7,268,2,pai,3,0.1019362211227417,36.71528210838789,268,104,2.0,1,10.42686095900001
ecoli,336,7,268,2,pai,4,0.6591086387634277,14.403385918286109,268,104,2.0,1,10.42686095900001
ecoli,336,7,268,2,pai,5,0.5018037557601929,8.819569947274243,268,104,2.0,1,10.42686095900001
ecoli,336,7,268,2,pai,6,0.3505323529243469,9.469214190447339,268,104,2.0,1,10.42686095900001
ecoli,336,7,268,2,nrs,0,0.07462686567164178,-1.0,-1,-1,2.0,1,0.008973624999953245
ecoli,336,7,268,2,nrs,1,-0.018656716417910446,-1.0,-1,-1,2.0,1,0.008973624999953245
ecoli,336,7,268,2,nrs,2,0.011194029850746301,-1.0,-1,-1,2.0,1,0.008973624999953245
ecoli,336,7,268,2,nrs,3,0.0,-1.0,-1,-1,2.0,1,0.008973624999953245
ecoli,336,7,268,2,nrs,4,0.08582089552238809,-1.0,-1,-1,2.0,1,0.008973624999953245
ecoli,336,7,268,2,nrs,5,0.05597014925373134,-1.0,-1,-1,2.0,1,0.008973624999953245
ecoli,336,7,268,2,nrs,6,0.011194029850746301,-1.0,-1,-1,2.0,1,0.008973624999953245
ecoli,336,7,268,2,relieff,0,0.44270524829141916,-1.0,-1,-1,2.0,1,0.09892200000001594
ecoli,336,7,268,2,relieff,1,0.40656941444735706,-1.0,-1,-1,2.0,1,0.09892200000001594
ecoli,336,7,268,2,relieff,2,0.11141661193139155,-1.0,-1,-1,2.0,1,0.09892200000001594
ecoli,336,7,268,2,relieff,3,0.006278219806306603,-1.0,-1,-1,2.0,1,0.09892200000001594
ecoli,336,7,268,2,relieff,4,0.37939914597987134,-1.0,-1,-1,2.0,1,0.09892200000001594
ecoli,336,7,268,2,relieff,5,0.5701057192133367,-1.0,-1,-1,2.0,1,0.09892200000001594
ecoli,336,7,268,2,relieff,6,0.5500478329073738,-1.0,-1,-1,2.0,1,0.09892200000001594
ecoli,336,7,268,2,mutual_info,0,0.4253103592874372,-1.0,-1,-1,2.0,1,0.011563290999959008
ecoli,336,7,268,2,mutual_info,1,0.39743193662147736,-1.0,-1,-1,2.0,1,0.011563290999959008
ecoli,336,7,268,2,mutual_info,2,0.16629662824266722,-1.0,-1,-1,2.0,1,0.011563290999959008
ecoli,336,7,268,2,mutual_info,3,0.17090567049277805,-1.0,-1,-1,2.0,1,0.011563290999959008
ecoli,336,7,268,2,mutual_info,4,0.24279937954403907,-1.0,-1,-1,2.0,1,0.011563290999959008
ecoli,336,7,268,2,mutual_info,5,0.6730200982709951,-1.0,-1,-1,2.0,1,0.011563290999959008
ecoli,336,7,268,2,mutual_info,6,0.4959427152915672,-1.0,-1,-1,2.0,1,0.011563290999959008
ecoli,336,7,268,2,variance,0,1.0319211489606273,-1.0,-1,-1,2.0,1,2.0500000005085894e-05
ecoli,336,7,268,2,variance,1,0.9950761468563657,-1.0,-1,-1,2.0,1,2.0500000005085894e-05
ecoli,336,7,268,2,variance,2,1.2439733390551166,-1.0,-1,-1,2.0,1,2.0500000005085894e-05
ecoli,336,7,268,2,variance,3,1.2527817583944676,-1.0,-1,-1,2.0,1,2.0500000005085894e-05
ecoli,336,7,268,2,variance,4,1.0544105414101317,-1.0,-1,-1,2.0,1,2.0500000005085894e-05
ecoli,336,7,268,2,variance,5,1.0054865391837131,-1.0,-1,-1,2.0,1,2.0500000005085894e-05
ecoli,336,7,268,2,variance,6,1.0597108012678627,-1.0,-1,-1,2.0,1,2.0500000005085894e-05
ecoli,336,7,268,3,pai,0,0.5858500599861145,9.159011062268696,268,114,2.0,1,10.364093916999991
ecoli,336,7,268,3,pai,1,0.47361165285110474,10.004312720850129,268,114,2.0,1,10.364093916999991
ecoli,336,7,268,3,pai,2,0.15346644818782806,11.769566660948175,268,114,2.0,1,10.364093916999991
ecoli,336,7,268,3,pai,3,0.163629412651062,36.71528210838789,268,114,2.0,1,10.364093916999991
ecoli,336,7,268,3,pai,4,0.7474838495254517,14.403385918286109,268,114,2.0,1,10.364093916999991
ecoli,336,7,268,3,pai,5,0.5876635313034058,8.448219633704799,268,114,2.0,1,10.364093916999991
ecoli,336,7,268,3,pai,6,0.4048248529434204,8.895322421329318,268,114,2.0,1,10.364093916999991
ecoli,336,7,268,3,nrs,0,0.014925373134328346,-1.0,-1,-1,2.0,1,0.009015000000033524
ecoli,336,7,268,3,nrs,1,0.011194029850746245,-1.0,-1,-1,2.0,1,0.009015000000033524
ecoli,336,7,268,3,nrs,2,0.011194029850746245,-1.0,-1,-1,2.0,1,0.009015000000033524
ecoli,336,7,268,3,nrs,3,0.0,-1.0,-1,-1,2.0,1,0.009015000000033524
ecoli,336,7,268,3,nrs,4,0.02985074626865669,-1.0,-1,-1,2.0,1,0.009015000000033524
ecoli,336,7,268,3,nrs,5,0.03358208955223879,-1.0,-1,-1,2.0,1,0.009015000000033524
ecoli,336,7,268,3,nrs,6,-0.026119402985074647,-1.0,-1,-1,2.0,1,0.009015000000033524
ecoli,336,7,268,3,relieff,0,0.4692819105895919,-1.0,-1,-1,2.0,1,0.0975649169999997
ecoli,336,7,268,3,relieff,1,0.45172193872692,-1.0,-1,-1,2.0,1,0.0975649169999997
ecoli,336,7,268,3,relieff,2,0.1045606202893073,-1.0,-1,-1,2.0,1,0.0975649169999997
ecoli,336,7,268,3,relieff,3,0.007263395875374038,-1.0,-1,-1,2.0,1,0.0975649169999997
ecoli,336,7,268,3,relieff,4,0.4110380463918581,-1.0,-1,-1,2.0,1,0.0975649169999997
ecoli,336,7,268,3,relieff,5,0.6107437464583372,-1.0,-1,-1,2.0,1,0.0975649169999997
ecoli,336,7,268,3,relieff,6,0.5683631756347374,-1.0,-1,-1,2.0,1,0.0975649169999997
ecoli,336,7,268,3,mutual_info,0,0.46945400288060557,-1.0,-1,-1,2.0,1,0.010672749999969255
ecoli,336,7,268,3,mutual_info,1,0.3959397015284307,-1.0,-1,-1,2.0,1,0.010672749999969255
ecoli,336,7,268,3,mutual_info,2,0.08872496131607344,-1.0,-1,-1,2.0,1,0.010672749999969255
ecoli,336,7,268,3,mutual_info,3,0.1742374135814737,-1.0,-1,-1,2.0,1,0.010672749999969255
ecoli,336,7,268,3,mutual_info,4,0.25941943593392436,-1.0,-1,-1,2.0,1,0.010672749999969255
ecoli,336,7,268,3,mutual_info,5,0.7427085001652138,-1.0,-1,-1,2.0,1,0.010672749999969255
ecoli,336,7,268,3,mutual_info,6,0.46980924100152155,-1.0,-1,-1,2.0,1,0.010672749999969255
ecoli,336,7,268,3,variance,0,1.0069911750196827,-1.0,-1,-1,2.0,1,1.862499999560896e-05
ecoli,336,7,268,3,variance,1,1.027699632558744,-1.0,-1,-1,2.0,1,1.862499999560896e-05
ecoli,336,7,268,3,variance,2,0.8809067017262312,-1.0,-1,-1,2.0,1,1.862499999560896e-05
ecoli,336,7,268,3,variance,3,1.2527817583944771,-1.0,-1,-1,2.0,1,1.862499999560896e-05
ecoli,336,7,268,3,variance,4,1.0411314409096755,-1.0,-1,-1,2.0,1,1.862499999560896e-05
ecoli,336,7,268,3,variance,5,0.938695995440862,-1.0,-1,-1,2.0,1,1.862499999560896e-05
ecoli,336,7,268,3,variance,6,0.9681696835633379,-1.0,-1,-1,2.0,1,1.862499999560896e-05
ecoli,336,7,268,4,pai,0,0.7099360227584839,9.159011062268696,268,114,2.0,1,9.494719791999955
ecoli,336,7,268,4,pai,1,0.48449772596359253,11.356246872316362,268,114,2.0,1,9.494719791999955
ecoli,336,7,268,4,pai,2,0.24518315494060516,11.769566660948175,268,114,2.0,1,9.494719791999955
ecoli,336,7,268,4,pai,3,0.0,0.0,268,114,2.0,1,9.494719791999955
ecoli,336,7,268,4,pai,4,0.4920119047164917,13.421336878402965,268,114,2.0,1,9.494719791999955
ecoli,336,7,268,4,pai,5,0.8024024963378906,8.726732368881882,268,114,2.0,1,9.494719791999955
ecoli,336,7,268,4,pai,6,0.528640866279602,9.469214190447339,268,114,2.0,1,9.494719791999955
ecoli,336,7,268,4,nrs,0,0.04477611940298509,-1.0,-1,-1,2.0,1,0.007975708000003578
ecoli,336,7,268,4,nrs,1,-0.003731343283582045,-1.0,-1,-1,2.0,1,0.007975708000003578
ecoli,336,7,268,4,nrs,2,0.007462686567164201,-1.0,-1,-1,2.0,1,0.007975708000003578
ecoli,336,7,268,4,nrs,3,0.0,-1.0,-1,-1,2.0,1,0.007975708000003578
ecoli,336,7,268,4,nrs,4,0.08582089552238809,-1.0,-1,-1,2.0,1,0.007975708000003578
ecoli,336,7,268,4,nrs,5,0.04850746268656719,-1.0,-1,-1,2.0,1,0.007975708000003578
ecoli,336,7,268,4,nrs,6,-0.011194029850746245,-1.0,-1,-1,2.0,1,0.007975708000003578
ecoli,336,7,268,4,relieff,0,0.5086100014916022,-1.0,-1,-1,2.0,1,0.0993227499999989
ecoli,336,7,268,4,relieff,1,0.4252095197180535,-1.0,-1,-1,2.0,1,0.0993227499999989
ecoli,336,7,268,4,relieff,2,0.07615911846495184,-1.0,-1,-1,2.0,1,0.0993227499999989
ecoli,336,7,268,4,relieff,3,0.0,-1.0,-1,-1,2.0,1,0.0993227499999989
ecoli,336,7,268,4,relieff,4,0.4568948026358459,-1.0,-1,-1,2.0,1,0.0993227499999989
ecoli,336,7,268,4,relieff,5,0.6275142657230636,-1.0,-1,-1,2.0,1,0.0993227499999989
ecoli,336,7,268,4,relieff,6,0.5915423642182513,-1.0,-1,-1,2.0,1,0.0993227499999989
ecoli,336,7,268,4,mutual_info,0,0.4837482983848431,-1.0,-1,-1,2.0,1,0.010736958999984836
ecoli,336,7,268,4,mutual_info,1,0.3877960755011487,-1.0,-1,-1,2.0,1,0.010736958999984836
ecoli,336,7,268,4,mutual_info,2,0.06084758088911535,-1.0,-1,-1,2.0,1,0.010736958999984836
ecoli,336,7,268,4,mutual_info,3,0.0,-1.0,-1,-1,2.0,1,0.010736958999984836
ecoli,336,7,268,4,mutual_info,4,0.2748429009256186,-1.0,-1,-1,2.0,1,0.010736958999984836
ecoli,336,7,268,4,mutual_info,5,0.7222459137374679,-1.0,-1,-1,2.0,1,0.010736958999984836
ecoli,336,7,268,4,mutual_info,6,0.48832351431885046,-1.0,-1,-1,2.0,1,0.010736958999984836
ecoli,336,7,268,4,variance,0,1.0352306854632285,-1.0,-1,-1,2.0,1,1.9082999983766058e-05
ecoli,336,7,268,4,variance,1,1.008592727881501,-1.0,-1,-1,2.0,1,1.9082999983766058e-05
ecoli,336,7,268,4,variance,2,1.0028932345870682,-1.0,-1,-1,2.0,1,1.9082999983766058e-05
ecoli,336,7,268,4,variance,3,6.591495234665315e-32,-1.0,-1,-1,2.0,1,1.9082999983766058e-05
ecoli,336,7,268,4,variance,4,0.9509420409170642,-1.0,-1,-1,2.0,1,1.9082999983766058e-05
ecoli,336,7,268,4,variance,5,0.9490280686730299,-1.0,-1,-1,2.0,1,1.9082999983766058e-05
ecoli,336,7,268,4,variance,6,0.9463585985230445,-1.0,-1,-1,2.0,1,1.9082999983766058e-05
parkinsons,195,22,156,0,pai,0,0.5117040276527405,8.32152079710951,156,14,2.0,1,4.451095583999972
parkinsons,195,22,156,0,pai,1,0.4624924659729004,10.659453032101057,156,14,2.0,1,4.451095583999972
parkinsons,195,22,156,0,pai,2,0.4933200180530548,7.989923651502549,156,14,2.0,1,4.451095583999972
parkinsons,195,22,156,0,pai,3,0.28480690717697144,13.01986774136594,156,14,2.0,1,4.451095583999972
parkinsons,195,22,156,0,pai,4,0.12706077098846436,14.453318949700163,156,14,2.0,1,4.451095583999972
parkinsons,195,22,156,0,pai,5,0.2874239683151245,14.02629274530328,156,14,2.0,1,4.451095583999972
parkinsons,195,22,156,0,pai,6,0.2937712073326111,11.67923208592364,156,14,2.0,1,4.451095583999972
parkinsons,195,22,156,0,pai,7,0.28682661056518555,14.0285116220337,156,14,2.0,1,4.451095583999972
parkinsons,195,22,156,0,pai,8,0.2897302508354187,9.001240531933753,156,14,2.0,1,4.451095583999972
parkinsons,195,22,156,0,pai,9,0.2777637839317322,9.599903078329296,156,14,2.0,1,4.451095583999972
parkinsons,195,22,156,0,pai,10,0.32951048016548157,10.064091053126415,156,14,2.0,1,4.451095583999972
parkinsons,195,22,156,0,pai,11,0.31508710980415344,8.314964104797413,156,14,2.0,1,4.451095583999972
parkinsons,195,22,156,0,pai,12,0.0927201509475708,9.570953395449177,156,14,2.0,1,4.451095583999972
parkinsons,195,22,156,0,pai,13,0.3295101523399353,10.06552838736328,156,14,2.0,1,4.451095583999972
parkinsons,195,22,156,0,pai,14,0.04882204532623291,15.585886493860755,156,14,2.0,1,4.451095583999972
parkinsons,195,22,156,0,pai,15,0.34510117769241333,10.9550522853893,156,14,2.0,1,4.451095583999972
parkinsons,195,22,156,0,pai,16,0.38198748230934143,8.002094675924058,156,14,2.0,1,4.451095583999972
parkinsons,195,22,156,0,pai,17,0.4697059988975525,9.09544826860489,156,14,2.0,1,4.451095583999972
parkinsons,195,22,156,0,pai,18,0.467450886964798,9.426497485688,156,14,2.0,1,4.451095583999972
parkinsons,195,22,156,0,pai,19,0.5010986924171448,10.290747192748903,156,14,2.0,1,4.451095583999972
parkinsons,195,22,156,0,pai,20,0.4334874749183655,11.774606274093886,156,14,2.0,1,4.451095583999972
parkinsons,195,22,156,0,pai,21,0.4553946256637573,9.189084826043398,156,14,2.0,1,4.451095583999972
parkinsons,195,22,156,0,nrs,0,0.03205128205128205,-1.0,-1,-1,2.0,1,0.01125154199996814
parkinsons,195,22,156,0,nrs,1,-0.012820512820512886,-1.0,-1,-1,2.0,1,0.01125154199996814
parkinsons,195,22,156,0,nrs,2,-0.012820512820512886,-1.0,-1,-1,2.0,1,0.01125154199996814
parkinsons,195,22,156,0,nrs,3,-0.0064102564102564985,-1.0,-1,-1,2.0,1,0.01125154199996814
parkinsons,195,22,156,0,nrs,4,-0.0064102564102564985,-1.0,-1,-1,2.0,1,0.01125154199996814
parkinsons,195,22,156,0,nrs,5,0.012820512820512775,-1.0,-1,-1,2.0,1,0.01125154199996814
parkinsons,195,22,156,0,nrs,6,-0.012820512820512886,-1.0,-1,-1,2.0,1,0.01125154199996814
parkinsons,195,22,156,0,nrs,7,0.012820512820512775,-1.0,-1,-1,2.0,1,0.01125154199996814
parkinsons,195,22,156,0,nrs,8,-0.0064102564102564985,-1.0,-1,-1,2.0,1,0.01125154199996814
parkinsons,195,22,156,0,nrs,9,-0.0064102564102564985,-1.0,-1,-1,2.0,1,0.01125154199996814
parkinsons,195,22,156,0,nrs,10,-0.0064102564102564985,-1.0,-1,-1,2.0,1,0.01125154199996814
parkinsons,195,22,156,0,nrs,11,0.0,-1.0,-1,-1,2.0,1,0.01125154199996814
parkinsons,195,22,156,0,nrs,12,-0.0064102564102564985,-1.0,-1,-1,2.0,1,0.01125154199996814
parkinsons,195,22,156,0,nrs,13,-0.0064102564102564985,-1.0,-1,-1,2.0,1,0.01125154199996814
parkinsons,195,22,156,0,nrs,14,0.0064102564102563875,-1.0,-1,-1,2.0,1,0.01125154199996814
parkinsons,195,22,156,0,nrs,15,0.0064102564102563875,-1.0,-1,-1,2.0,1,0.01125154199996814
parkinsons,195,22,156,0,nrs,16,-0.044871794871794934,-1.0,-1,-1,2.0,1,0.01125154199996814
parkinsons,195,22,156,0,nrs,17,0.0,-1.0,-1,-1,2.0,1,0.01125154199996814
parkinsons,195,22,156,0,nrs,18,0.0064102564102563875,-1.0,-1,-1,2.0,1,0.01125154199996814
parkinsons,195,22,156,0,nrs,19,0.0064102564102563875,-1.0,-1,-1,2.0,1,0.01125154199996814
parkinsons,195,22,156,0,nrs,20,0.019230769230769162,-1.0,-1,-1,2.0,1,0.01125154199996814
parkinsons,195,22,156,0,nrs,21,0.0,-1.0,-1,-1,2.0,1,0.01125154199996814
parkinsons,195,22,156,0,relieff,0,0.07990633603757397,-1.0,-1,-1,2.0,1,0.03546266699999023
parkinsons,195,22,156,0,relieff,1,0.030988251235057697,-1.0,-1,-1,2.0,1,0.03546266699999023
parkinsons,195,22,156,0,relieff,2,0.04534634310063907,-1.0,-1,-1,2.0,1,0.03546266699999023
parkinsons,195,22,156,0,relieff,3,0.024167359006939684,-1.0,-1,-1,2.0,1,0.03546266699999023
parkinsons,195,22,156,0,relieff,4,0.027191235059760965,-1.0,-1,-1,2.0,1,0.03546266699999023
parkinsons,195,22,156,0,relieff,5,0.02852193567511484,-1.0,-1,-1,2.0,1,0.03546266699999023
parkinsons,195,22,156,0,relieff,6,0.03852895186124805,-1.0,-1,-1,2.0,1,0.03546266699999023
parkinsons,195,22,156,0,relieff,7,0.028506448333065752,-1.0,-1,-1,2.0,1,0.03546266699999023
parkinsons,195,22,156,0,relieff,8,0.0748387780756357,-1.0,-1,-1,2.0,1,0.03546266699999023
parkinsons,195,22,156,0,relieff,9,0.06264256465221096,-1.0,-1,-1,2.0,1,0.03546266699999023
parkinsons,195,22,156,0,relieff,10,0.0626524574326772,-1.0,-1,-1,2.0,1,0.03546266699999023
parkinsons,195,22,156,0,relieff,11,0.08271287810999003,-1.0,-1,-1,2.0,1,0.03546266699999023
parkinsons,195,22,156,0,relieff,12,0.05787925039068566,-1.0,-1,-1,2.0,1,0.03546266699999023
parkinsons,195,22,156,0,relieff,13,0.06264828696483371,-1.0,-1,-1,2.0,1,0.03546266699999023
parkinsons,195,22,156,0,relieff,14,0.01553286926969965,-1.0,-1,-1,2.0,1,0.03546266699999023
parkinsons,195,22,156,0,relieff,15,0.04628032809484419,-1.0,-1,-1,2.0,1,0.03546266699999023
parkinsons,195,22,156,0,relieff,16,0.055133012727791524,-1.0,-1,-1,2.0,1,0.03546266699999023
parkinsons,195,22,156,0,relieff,17,0.056867276336432446,-1.0,-1,-1,2.0,1,0.03546266699999023
parkinsons,195,22,156,0,relieff,18,0.10731475513294483,-1.0,-1,-1,2.0,1,0.03546266699999023
parkinsons,195,22,156,0,relieff,19,0.0547757138061587,-1.0,-1,-1,2.0,1,0.03546266699999023
parkinsons,195,22,156,0,relieff,20,0.03500113360977077,-1.0,-1,-1,2.0,1,0.03546266699999023
parkinsons,195,22,156,0,relieff,21,0.10084018418098331,-1.0,-1,-1,2.0,1,0.03546266699999023
parkinsons,195,22,156,0,mutual_info,0,0.19038676911722696,-1.0,-1,-1,2.0,1,0.012335582999980943
parkinsons,195,22,156,0,mutual_info,1,0.14431000317300868,-1.0,-1,-1,2.0,1,0.012335582999980943
parkinsons,195,22,156,0,mutual_info,2,0.20054819862785633,-1.0,-1,-1,2.0,1,0.012335582999980943
parkinsons,195,22,156,0,mutual_info,3,0.08454705929510875,-1.0,-1,-1,2.0,1,0.012335582999980943
parkinsons,195,22,156,0,mutual_info,4,0.20055698675282407,-1.0,-1,-1,2.0,1,0.012335582999980943
parkinsons,195,22,156,0,mutual_info,5,0.07334287554694918,-1.0,-1,-1,2.0,1,0.012335582999980943
parkinsons,195,22,156,0,mutual_info,6,0.10972116349854844,-1.0,-1,-1,2.0,1,0.012335582999980943
parkinsons,195,22,156,0,mutual_info,7,0.07244493089900472,-1.0,-1,-1,2.0,1,0.012335582999980943
parkinsons,195,22,156,0,mutual_info,8,0.07074523386963727,-1.0,-1,-1,2.0,1,0.012335582999980943
parkinsons,195,22,156,0,mutual_info,9,0.07099371373176311,-1.0,-1,-1,2.0,1,0.012335582999980943
parkinsons,195,22,156,0,mutual_info,10,0.09388458199493743,-1.0,-1,-1,2.0,1,0.012335582999980943
parkinsons,195,22,156,0,mutual_info,11,0.14953084483592072,-1.0,-1,-1,2.0,1,0.012335582999980943
parkinsons,195,22,156,0,mutual_info,12,0.17573361027130585,-1.0,-1,-1,2.0,1,0.012335582999980943
parkinsons,195,22,156,0,mutual_info,13,0.0951541457645011,-1.0,-1,-1,2.0,1,0.012335582999980943
parkinsons,195,22,156,0,mutual_info,14,0.144152206427127,-1.0,-1,-1,2.0,1,0.012335582999980943
parkinsons,195,22,156,0,mutual_info,15,0.08724640025809705,-1.0,-1,-1,2.0,1,0.012335582999980943
parkinsons,195,22,156,0,mutual_info,16,0.05762412360828684,-1.0,-1,-1,2.0,1,0.012335582999980943
parkinsons,195,22,156,0,mutual_info,17,0.06285489726517057,-1.0,-1,-1,2.0,1,0.012335582999980943
parkinsons,195,22,156,0,mutual_info,18,0.23332523009401474,-1.0,-1,-1,2.0,1,0.012335582999980943
parkinsons,195,22,156,0,mutual_info,19,0.14607314853823006,-1.0,-1,-1,2.0,1,0.012335582999980943
parkinsons,195,22,156,0,mutual_info,20,0.0,-1.0,-1,-1,2.0,1,0.012335582999980943
parkinsons,195,22,156,0,mutual_info,21,0.260853704952811,-1.0,-1,-1,2.0,1,0.012335582999980943
parkinsons,195,22,156,0,variance,0,0.9955860133775323,-1.0,-1,-1,2.0,1,1.6042000027027825e-05
parkinsons,195,22,156,0,variance,1,0.9408252070950774,-1.0,-1,-1,2.0,1,1.6042000027027825e-05
parkinsons,195,22,156,0,variance,2,1.0470944511548508,-1.0,-1,-1,2.0,1,1.6042000027027825e-05
parkinsons,195,22,156,0,variance,3,0.9309382340159783,-1.0,-1,-1,2.0,1,1.6042000027027825e-05
parkinsons,195,22,156,0,variance,4,1.0107056742459655,-1.0,-1,-1,2.0,1,1.6042000027027825e-05
parkinsons,195,22,156,0,variance,5,0.9441906001276913,-1.0,-1,-1,2.0,1,1.6042000027027825e-05
parkinsons,195,22,156,0,variance,6,0.8922312332247666,-1.0,-1,-1,2.0,1,1.6042000027027825e-05
parkinsons,195,22,156,0,variance,7,0.9442566569586358,-1.0,-1,-1,2.0,1,1.6042000027027825e-05
parkinsons,195,22,156,0,variance,8,0.9157548385074545,-1.0,-1,-1,2.0,1,1.6042000027027825e-05
parkinsons,195,22,156,0,variance,9,0.8979756134110372,-1.0,-1,-1,2.0,1,1.6042000027027825e-05
parkinsons,195,22,156,0,variance,10,0.9583365950757928,-1.0,-1,-1,2.0,1,1.6042000027027825e-05
parkinsons,195,22,156,0,variance,11,0.8884237788420822,-1.0,-1,-1,2.0,1,1.6042000027027825e-05
parkinsons,195,22,156,0,variance,12,0.760906349842898,-1.0,-1,-1,2.0,1,1.6042000027027825e-05
parkinsons,195,22,156,0,variance,13,0.9583324589456862,-1.0,-1,-1,2.0,1,1.6042000027027825e-05
parkinsons,195,22,156,0,variance,14,0.9679412238687161,-1.0,-1,-1,2.0,1,1.6042000027027825e-05
parkinsons,195,22,156,0,variance,15,0.9326173195603423,-1.0,-1,-1,2.0,1,1.6042000027027825e-05
parkinsons,195,22,156,0,variance,16,1.0090714654555415,-1.0,-1,-1,2.0,1,1.6042000027027825e-05
parkinsons,195,22,156,0,variance,17,1.0361553495135667,-1.0,-1,-1,2.0,1,1.6042000027027825e-05
parkinsons,195,22,156,0,variance,18,1.0068577230763922,-1.0,-1,-1,2.0,1,1.6042000027027825e-05
parkinsons,195,22,156,0,variance,19,1.012792989710933,-1.0,-1,-1,2.0,1,1.6042000027027825e-05
parkinsons,195,22,156,0,variance,20,0.9310387696167357,-1.0,-1,-1,2.0,1,1.6042000027027825e-05
parkinsons,195,22,156,0,variance,21,0.9716577372498998,-1.0,-1,-1,2.0,1,1.6042000027027825e-05
parkinsons,195,22,156,1,pai,0,0.5629676878452301,8.32152079710951,156,18,2.0,1,4.085670290999985
parkinsons,195,22,156,1,pai,1,0.43336421251296997,10.659453032101057,156,18,2.0,1,4.085670290999985
parkinsons,195,22,156,1,pai,2,0.4983583092689514,8.002547565010286,156,18,2.0,1,4.085670290999985
parkinsons,195,22,156,1,pai,3,0.09003913402557373,13.01986774136594,156,18,2.0,1,4.085670290999985
parkinsons,195,22,156,1,pai,4,0.1025010347366333,14.568484837745583,156,18,2.0,1,4.085670290999985
parkinsons,195,22,156,1,pai,5,0.1173391342163086,14.02629274530328,156,18,2.0,1,4.085670290999985
parkinsons,195,22,156,1,pai,6,0.09372007846832275,13.561572540344438,156,18,2.0,1,4.085670290999985
parkinsons,195,22,156,1,pai,7,0.1170802116394043,14.0285116220337,156,18,2.0,1,4.085670290999985
parkinsons,195,22,156,1,pai,8,0.09464621543884277,11.647913619232408,156,18,2.0,1,4.085670290999985
parkinsons,195,22,156,1,pai,9,0.07610416412353516,12.522060071089768,156,18,2.0,1,4.085670290999985
parkinsons,195,22,156,1,pai,10,0.14968842267990112,10.25368146543021,156,18,2.0,1,4.085670290999985
parkinsons,195,22,156,1,pai,11,0.10369527339935303,12.280664995533122,156,18,2.0,1,4.085670290999985
parkinsons,195,22,156,1,pai,12,0.1024026870727539,15.45148725320445,156,18,2.0,1,4.085670290999985
parkinsons,195,22,156,1,pai,13,0.14941543340682983,10.255121073796282,156,18,2.0,1,4.085670290999985
parkinsons,195,22,156,1,pai,14,0.2469366490840912,15.585886493860755,156,18,2.0,1,4.085670290999985
parkinsons,195,22,156,1,pai,15,0.3453849256038666,11.148056928630648,156,18,2.0,1,4.085670290999985
parkinsons,195,22,156,1,pai,16,0.4498947262763977,8.131132715902206,156,18,2.0,1,4.085670290999985
parkinsons,195,22,156,1,pai,17,0.4103766977787018,9.09544826860489,156,18,2.0,1,4.085670290999985
parkinsons,195,22,156,1,pai,18,0.4712604582309723,10.17272100830607,156,18,2.0,1,4.085670290999985
parkinsons,195,22,156,1,pai,19,0.40693965554237366,10.67941611583575,156,18,2.0,1,4.085670290999985
parkinsons,195,22,156,1,pai,20,0.3709739148616791,11.774606274093886,156,18,2.0,1,4.085670290999985
parkinsons,195,22,156,1,pai,21,0.46709978580474854,10.742885970229306,156,18,2.0,1,4.085670290999985
parkinsons,195,22,156,1,nrs,0,0.012820512820512886,-1.0,-1,-1,2.0,1,0.011468208999986018
parkinsons,195,22,156,1,nrs,1,-0.012820512820512775,-1.0,-1,-1,2.0,1,0.011468208999986018
parkinsons,195,22,156,1,nrs,2,0.0064102564102564985,-1.0,-1,-1,2.0,1,0.011468208999986018
parkinsons,195,22,156,1,nrs,3,-0.012820512820512775,-1.0,-1,-1,2.0,1,0.011468208999986018
parkinsons,195,22,156,1,nrs,4,-0.0064102564102563875,-1.0,-1,-1,2.0,1,0.011468208999986018
parkinsons,195,22,156,1,nrs,5,-0.012820512820512775,-1.0,-1,-1,2.0,1,0.011468208999986018
parkinsons,195,22,156,1,nrs,6,-0.019230769230769162,-1.0,-1,-1,2.0,1,0.011468208999986018
parkinsons,195,22,156,1,nrs,7,-0.012820512820512775,-1.0,-1,-1,2.0,1,0.011468208999986018
parkinsons,195,22,156,1,nrs,8,-0.012820512820512775,-1.0,-1,-1,2.0,1,0.011468208999986018
parkinsons,195,22,156,1,nrs,9,0.0,-1.0,-1,-1,2.0,1,0.011468208999986018
parkinsons,195,22,156,1,nrs,10,-0.02564102564102555,-1.0,-1,-1,2.0,1,0.011468208999986018
parkinsons,195,22,156,1,nrs,11,0.0,-1.0,-1,-1,2.0,1,0.011468208999986018
parkinsons,195,22,156,1,nrs,12,-0.0064102564102563875,-1.0,-1,-1,2.0,1,0.011468208999986018
parkinsons,195,22,156,1,nrs,13,-0.02564102564102555,-1.0,-1,-1,2.0,1,0.011468208999986018
parkinsons,195,22,156,1,nrs,14,0.0064102564102564985,-1.0,-1,-1,2.0,1,0.011468208999986018
parkinsons,195,22,156,1,nrs,15,0.012820512820512886,-1.0,-1,-1,2.0,1,0.011468208999986018
parkinsons,195,22,156,1,nrs,16,0.012820512820512886,-1.0,-1,-1,2.0,1,0.011468208999986018
parkinsons,195,22,156,1,nrs,17,-0.0064102564102563875,-1.0,-1,-1,2.0,1,0.011468208999986018
parkinsons,195,22,156,1,nrs,18,0.02564102564102566,-1.0,-1,-1,2.0,1,0.011468208999986018
parkinsons,195,22,156,1,nrs,19,0.012820512820512886,-1.0,-1,-1,2.0,1,0.011468208999986018
parkinsons,195,22,156,1,nrs,20,0.012820512820512886,-1.0,-1,-1,2.0,1,0.011468208999986018
parkinsons,195,22,156,1,nrs,21,0.012820512820512886,-1.0,-1,-1,2.0,1,0.011468208999986018
parkinsons,195,22,156,1,relieff,0,0.08851141450473701,-1.0,-1,-1,2.0,1,0.035226958000009745
parkinsons,195,22,156,1,relieff,1,0.03488498618265281,-1.0,-1,-1,2.0,1,0.035226958000009745
parkinsons,195,22,156,1,relieff,2,0.04587627652284464,-1.0,-1,-1,2.0,1,0.035226958000009745
parkinsons,195,22,156,1,relieff,3,0.025811463525885397,-1.0,-1,-1,2.0,1,0.035226958000009745
parkinsons,195,22,156,1,relieff,4,0.02758690584777542,-1.0,-1,-1,2.0,1,0.035226958000009745
parkinsons,195,22,156,1,relieff,5,0.03021157551504373,-1.0,-1,-1,2.0,1,0.035226958000009745
parkinsons,195,22,156,1,relieff,6,0.03228659960975074,-1.0,-1,-1,2.0,1,0.035226958000009745
parkinsons,195,22,156,1,relieff,7,0.03019499364016942,-1.0,-1,-1,2.0,1,0.035226958000009745
parkinsons,195,22,156,1,relieff,8,0.05566219809646867,-1.0,-1,-1,2.0,1,0.035226958000009745
parkinsons,195,22,156,1,relieff,9,0.047358468701936246,-1.0,-1,-1,2.0,1,0.035226958000009745
parkinsons,195,22,156,1,relieff,10,0.06128498972778635,-1.0,-1,-1,2.0,1,0.035226958000009745
parkinsons,195,22,156,1,relieff,11,0.0537123602000028,-1.0,-1,-1,2.0,1,0.035226958000009745
parkinsons,195,22,156,1,relieff,12,0.0358299414295279,-1.0,-1,-1,2.0,1,0.035226958000009745
parkinsons,195,22,156,1,relieff,13,0.06128317054623387,-1.0,-1,-1,2.0,1,0.035226958000009745
parkinsons,195,22,156,1,relieff,14,0.019760981927961597,-1.0,-1,-1,2.0,1,0.035226958000009745
parkinsons,195,22,156,1,relieff,15,0.04814205207401989,-1.0,-1,-1,2.0,1,0.035226958000009745
parkinsons,195,22,156,1,relieff,16,0.043930902449468415,-1.0,-1,-1,2.0,1,0.035226958000009745
parkinsons,195,22,156,1,relieff,17,0.0701736673165643,-1.0,-1,-1,2.0,1,0.035226958000009745
parkinsons,195,22,156,1,relieff,18,0.09039557422308549,-1.0,-1,-1,2.0,1,0.035226958000009745
parkinsons,195,22,156,1,relieff,19,0.03996401405382109,-1.0,-1,-1,2.0,1,0.035226958000009745
parkinsons,195,22,156,1,relieff,20,0.03988684571450106,-1.0,-1,-1,2.0,1,0.035226958000009745
parkinsons,195,22,156,1,relieff,21,0.08182120728664215,-1.0,-1,-1,2.0,1,0.035226958000009745
parkinsons,195,22,156,1,mutual_info,0,0.23604908242516043,-1.0,-1,-1,2.0,1,0.012427582999976039
parkinsons,195,22,156,1,mutual_info,1,0.18960805077051202,-1.0,-1,-1,2.0,1,0.012427582999976039
parkinsons,195,22,156,1,mutual_info,2,0.20612039592663645,-1.0,-1,-1,2.0,1,0.012427582999976039
parkinsons,195,22,156,1,mutual_info,3,0.10829126668642419,-1.0,-1,-1,2.0,1,0.012427582999976039
parkinsons,195,22,156,1,mutual_info,4,0.18598411768495104,-1.0,-1,-1,2.0,1,0.012427582999976039
parkinsons,195,22,156,1,mutual_info,5,0.11556407215678033,-1.0,-1,-1,2.0,1,0.012427582999976039
parkinsons,195,22,156,1,mutual_info,6,0.10590918385935533,-1.0,-1,-1,2.0,1,0.012427582999976039
parkinsons,195,22,156,1,mutual_info,7,0.11969482702282908,-1.0,-1,-1,2.0,1,0.012427582999976039
parkinsons,195,22,156,1,mutual_info,8,0.08633381976292553,-1.0,-1,-1,2.0,1,0.012427582999976039
parkinsons,195,22,156,1,mutual_info,9,0.10769607005851944,-1.0,-1,-1,2.0,1,0.012427582999976039
parkinsons,195,22,156,1,mutual_info,10,0.09482979009665127,-1.0,-1,-1,2.0,1,0.012427582999976039
parkinsons,195,22,156,1,mutual_info,11,0.09367552066843077,-1.0,-1,-1,2.0,1,0.012427582999976039
parkinsons,195,22,156,1,mutual_info,12,0.15728246164487536,-1.0,-1,-1,2.0,1,0.012427582999976039
parkinsons,195,22,156,1,mutual_info,13,0.09331625733311855,-1.0,-1,-1,2.0,1,0.012427582999976039
parkinsons,195,22,156,1,mutual_info,14,0.13513984327624384,-1.0,-1,-1,2.0,1,0.012427582999976039
parkinsons,195,22,156,1,mutual_info,15,0.10933647286769621,-1.0,-1,-1,2.0,1,0.012427582999976039
parkinsons,195,22,156,1,mutual_info,16,0.07565723679811587,-1.0,-1,-1,2.0,1,0.012427582999976039
parkinsons,195,22,156,1,mutual_info,17,0.10870089688507245,-1.0,-1,-1,2.0,1,0.012427582999976039
parkinsons,195,22,156,1,mutual_info,18,0.2133784422991496,-1.0,-1,-1,2.0,1,0.012427582999976039
parkinsons,195,22,156,1,mutual_info,19,0.16019059005137848,-1.0,-1,-1,2.0,1,0.012427582999976039
parkinsons,195,22,156,1,mutual_info,20,0.011693591283507443,-1.0,-1,-1,2.0,1,0.012427582999976039
parkinsons,195,22,156,1,mutual_info,21,0.24289891151307486,-1.0,-1,-1,2.0,1,0.012427582999976039
parkinsons,195,22,156,1,variance,0,1.0275954711826694,-1.0,-1,-1,2.0,1,1.7750000040450686e-05
parkinsons,195,22,156,1,variance,1,0.9851502309481895,-1.0,-1,-1,2.0,1,1.7750000040450686e-05
parkinsons,195,22,156,1,variance,2,1.08176162152614,-1.0,-1,-1,2.0,1,1.7750000040450686e-05
parkinsons,195,22,156,1,variance,3,1.0958168996159885,-1.0,-1,-1,2.0,1,1.7750000040450686e-05
parkinsons,195,22,156,1,variance,4,1.0461276032754736,-1.0,-1,-1,2.0,1,1.7750000040450686e-05
parkinsons,195,22,156,1,variance,5,1.0977835450855862,-1.0,-1,-1,2.0,1,1.7750000040450686e-05
parkinsons,195,22,156,1,variance,6,1.1136315412677036,-1.0,-1,-1,2.0,1,1.7750000040450686e-05
parkinsons,195,22,156,1,variance,7,1.097805758444208,-1.0,-1,-1,2.0,1,1.7750000040450686e-05
parkinsons,195,22,156,1,variance,8,1.022599372161656,-1.0,-1,-1,2.0,1,1.7750000040450686e-05
parkinsons,195,22,156,1,variance,9,1.0582359240082726,-1.0,-1,-1,2.0,1,1.7750000040450686e-05
parkinsons,195,22,156,1,variance,10,1.0225445928605184,-1.0,-1,-1,2.0,1,1.7750000040450686e-05
parkinsons,195,22,156,1,variance,11,1.0256711625052783,-1.0,-1,-1,2.0,1,1.7750000040450686e-05
parkinsons,195,22,156,1,variance,12,1.0294514697791557,-1.0,-1,-1,2.0,1,1.7750000040450686e-05
parkinsons,195,22,156,1,variance,13,1.0225621468755017,-1.0,-1,-1,2.0,1,1.7750000040450686e-05
parkinsons,195,22,156,1,variance,14,1.1414513742537293,-1.0,-1,-1,2.0,1,1.7750000040450686e-05
parkinsons,195,22,156,1,variance,15,1.0484239892832041,-1.0,-1,-1,2.0,1,1.7750000040450686e-05
parkinsons,195,22,156,1,variance,16,0.9841625599637508,-1.0,-1,-1,2.0,1,1.7750000040450686e-05
parkinsons,195,22,156,1,variance,17,1.0325405257677513,-1.0,-1,-1,2.0,1,1.7750000040450686e-05
parkinsons,195,22,156,1,variance,18,1.022598264054887,-1.0,-1,-1,2.0,1,1.7750000040450686e-05
parkinsons,195,22,156,1,variance,19,0.9830130883699802,-1.0,-1,-1,2.0,1,1.7750000040450686e-05
parkinsons,195,22,156,1,variance,20,1.0427058897557104,-1.0,-1,-1,2.0,1,1.7750000040450686e-05
parkinsons,195,22,156,1,variance,21,1.0253557186195577,-1.0,-1,-1,2.0,1,1.7750000040450686e-05
parkinsons,195,22,156,2,pai,0,0.5547558069229126,7.514133879540713,156,10,2.0,1,4.099027332999981
parkinsons,195,22,156,2,pai,1,0.48661577701568604,10.736422763251303,156,10,2.0,1,4.099027332999981
parkinsons,195,22,156,2,pai,2,0.5109596848487854,7.692248085175956,156,10,2.0,1,4.099027332999981
parkinsons,195,22,156,2,pai,3,0.2619567811489105,13.01986774136594,156,10,2.0,1,4.099027332999981
parkinsons,195,22,156,2,pai,4,0.26592519879341125,14.453318949700163,156,10,2.0,1,4.099027332999981
parkinsons,195,22,156,2,pai,5,0.2697257101535797,14.02629274530328,156,10,2.0,1,4.099027332999981
parkinsons,195,22,156,2,pai,6,0.06937158107757568,13.561572540344438,156,10,2.0,1,4.099027332999981
parkinsons,195,22,156,2,pai,7,0.2698667347431183,14.0285116220337,156,10,2.0,1,4.099027332999981
parkinsons,195,22,156,2,pai,8,0.2933380901813507,11.64366022736853,156,10,2.0,1,4.099027332999981
parkinsons,195,22,156,2,pai,9,0.37759214639663696,12.522060071089768,156,10,2.0,1,4.099027332999981
parkinsons,195,22,156,2,pai,10,0.27941539883613586,10.25368146543021,156,10,2.0,1,4.099027332999981
parkinsons,195,22,156,2,pai,11,0.28994956612586975,12.290670969185106,156,10,2.0,1,4.099027332999981
parkinsons,195,22,156,2,pai,12,0.2643381655216217,15.443204811151272,156,10,2.0,1,4.099027332999981
parkinsons,195,22,156,2,pai,13,0.2793934643268585,10.255121073796282,156,10,2.0,1,4.099027332999981
parkinsons,195,22,156,2,pai,14,0.05399119853973389,15.585886493860755,156,10,2.0,1,4.099027332999981
parkinsons,195,22,156,2,pai,15,0.44759806990623474,11.148056928630648,156,10,2.0,1,4.099027332999981
parkinsons,195,22,156,2,pai,16,0.45369699597358704,7.721853144041479,156,10,2.0,1,4.099027332999981
parkinsons,195,22,156,2,pai,17,0.5036280453205109,9.09544826860489,156,10,2.0,1,4.099027332999981
parkinsons,195,22,156,2,pai,18,0.41517773270606995,10.17272100830607,156,10,2.0,1,4.099027332999981
parkinsons,195,22,156,2,pai,19,0.49833986163139343,10.67941611583575,156,10,2.0,1,4.099027332999981
parkinsons,195,22,156,2,pai,20,0.5511619448661804,11.774606274093886,156,10,2.0,1,4.099027332999981
parkinsons,195,22,156,2,pai,21,0.40393173694610596,10.742885970229306,156,10,2.0,1,4.099027332999981
parkinsons,195,22,156,2,nrs,0,0.0064102564102564985,-1.0,-1,-1,2.0,1,0.011526500000002216
parkinsons,195,22,156,2,nrs,1,-0.019230769230769162,-1.0,-1,-1,2.0,1,0.011526500000002216
parkinsons,195,22,156,2,nrs,2,-0.0576923076923076,-1.0,-1,-1,2.0,1,0.011526500000002216
parkinsons,195,22,156,2,nrs,3,0.019230769230769273,-1.0,-1,-1,2.0,1,0.011526500000002216
parkinsons,195,22,156,2,nrs,4,0.0,-1.0,-1,-1,2.0,1,0.011526500000002216
parkinsons,195,22,156,2,nrs,5,0.0064102564102564985,-1.0,-1,-1,2.0,1,0.011526500000002216
parkinsons,195,22,156,2,nrs,6,0.0064102564102564985,-1.0,-1,-1,2.0,1,0.011526500000002216
parkinsons,195,22,156,2,nrs,7,0.0064102564102564985,-1.0,-1,-1,2.0,1,0.011526500000002216
parkinsons,195,22,156,2,nrs,8,0.0,-1.0,-1,-1,2.0,1,0.011526500000002216
parkinsons,195,22,156,2,nrs,9,0.0,-1.0,-1,-1,2.0,1,0.011526500000002216
parkinsons,195,22,156,2,nrs,10,0.012820512820512886,-1.0,-1,-1,2.0,1,0.011526500000002216
parkinsons,195,22,156,2,nrs,11,0.0064102564102564985,-1.0,-1,-1,2.0,1,0.011526500000002216
parkinsons,195,22,156,2,nrs,12,-0.0064102564102563875,-1.0,-1,-1,2.0,1,0.011526500000002216
parkinsons,195,22,156,2,nrs,13,0.012820512820512886,-1.0,-1,-1,2.0,1,0.011526500000002216
parkinsons,195,22,156,2,nrs,14,0.0064102564102564985,-1.0,-1,-1,2.0,1,0.011526500000002216
parkinsons,195,22,156,2,nrs,15,0.0,-1.0,-1,-1,2.0,1,0.011526500000002216
parkinsons,195,22,156,2,nrs,16,0.0,-1.0,-1,-1,2.0,1,0.011526500000002216
parkinsons,195,22,156,2,nrs,17,0.0064102564102564985,-1.0,-1,-1,2.0,1,0.011526500000002216
parkinsons,195,22,156,2,nrs,18,0.03846153846153849,-1.0,-1,-1,2.0,1,0.011526500000002216
parkinsons,195,22,156,2,nrs,19,0.03846153846153849,-1.0,-1,-1,2.0,1,0.011526500000002216
parkinsons,195,22,156,2,nrs,20,0.012820512820512886,-1.0,-1,-1,2.0,1,0.011526500000002216
parkinsons,195,22,156,2,nrs,21,0.012820512820512886,-1.0,-1,-1,2.0,1,0.011526500000002216
parkinsons,195,22,156,2,relieff,0,0.0771513203377541,-1.0,-1,-1,2.0,1,0.035066874999984066
parkinsons,195,22,156,2,relieff,1,0.029578533999214365,-1.0,-1,-1,2.0,1,0.035066874999984066
parkinsons,195,22,156,2,relieff,2,0.018507207588658738,-1.0,-1,-1,2.0,1,0.035066874999984066
parkinsons,195,22,156,2,relieff,3,0.030659474473006872,-1.0,-1,-1,2.0,1,0.035066874999984066
parkinsons,195,22,156,2,relieff,4,0.030835631831647774,-1.0,-1,-1,2.0,1,0.035066874999984066
parkinsons,195,22,156,2,relieff,5,0.03364705301121487,-1.0,-1,-1,2.0,1,0.035066874999984066
parkinsons,195,22,156,2,relieff,6,0.037551185863082974,-1.0,-1,-1,2.0,1,0.035066874999984066
parkinsons,195,22,156,2,relieff,7,0.033628787598124585,-1.0,-1,-1,2.0,1,0.035066874999984066
parkinsons,195,22,156,2,relieff,8,0.0632605666783749,-1.0,-1,-1,2.0,1,0.035066874999984066
parkinsons,195,22,156,2,relieff,9,0.0528332595916819,-1.0,-1,-1,2.0,1,0.035066874999984066
parkinsons,195,22,156,2,relieff,10,0.0679781024060685,-1.0,-1,-1,2.0,1,0.035066874999984066
parkinsons,195,22,156,2,relieff,11,0.05968209651045476,-1.0,-1,-1,2.0,1,0.035066874999984066
parkinsons,195,22,156,2,relieff,12,0.03913993925677958,-1.0,-1,-1,2.0,1,0.035066874999984066
parkinsons,195,22,156,2,relieff,13,0.06796986874981484,-1.0,-1,-1,2.0,1,0.035066874999984066
parkinsons,195,22,156,2,relieff,14,0.021825171412178452,-1.0,-1,-1,2.0,1,0.035066874999984066
parkinsons,195,22,156,2,relieff,15,0.0637902575356855,-1.0,-1,-1,2.0,1,0.035066874999984066
parkinsons,195,22,156,2,relieff,16,0.06958438940234227,-1.0,-1,-1,2.0,1,0.035066874999984066
parkinsons,195,22,156,2,relieff,17,0.06482836655043692,-1.0,-1,-1,2.0,1,0.035066874999984066
parkinsons,195,22,156,2,relieff,18,0.09198105248862683,-1.0,-1,-1,2.0,1,0.035066874999984066
parkinsons,195,22,156,2,relieff,19,0.05550708529593942,-1.0,-1,-1,2.0,1,0.035066874999984066
parkinsons,195,22,156,2,relieff,20,0.053198631165631435,-1.0,-1,-1,2.0,1,0.035066874999984066
parkinsons,195,22,156,2,relieff,21,0.08641538989411317,-1.0,-1,-1,2.0,1,0.035066874999984066
parkinsons,195,22,156,2,mutual_info,0,0.16257340615889815,-1.0,-1,-1,2.0,1,0.012171250000051259
parkinsons,195,22,156,2,mutual_info,1,0.1287162065858911,-1.0,-1,-1,2.0,1,0.012171250000051259
parkinsons,195,22,156,2,mutual_info,2,0.12703208147652845,-1.0,-1,-1,2.0,1,0.012171250000051259
parkinsons,195,22,156,2,mutual_info,3,0.11339203643764595,-1.0,-1,-1,2.0,1,0.012171250000051259
parkinsons,195,22,156,2,mutual_info,4,0.20830157796428472,-1.0,-1,-1,2.0,1,0.012171250000051259
parkinsons,195,22,156,2,mutual_info,5,0.12005095506067098,-1.0,-1,-1,2.0,1,0.012171250000051259
parkinsons,195,22,156,2,mutual_info,6,0.10769624550817536,-1.0,-1,-1,2.0,1,0.012171250000051259
parkinsons,195,22,156,2,mutual_info,7,0.12769747520719088,-1.0,-1,-1,2.0,1,0.012171250000051259
parkinsons,195,22,156,2,mutual_info,8,0.11669548750341252,-1.0,-1,-1,2.0,1,0.012171250000051259
parkinsons,195,22,156,2,mutual_info,9,0.082335539931925,-1.0,-1,-1,2.0,1,0.012171250000051259
parkinsons,195,22,156,2,mutual_info,10,0.12086839069935418,-1.0,-1,-1,2.0,1,0.012171250000051259
parkinsons,195,22,156,2,mutual_info,11,0.11052134628318,-1.0,-1,-1,2.0,1,0.012171250000051259
parkinsons,195,22,156,2,mutual_info,12,0.13632681771032518,-1.0,-1,-1,2.0,1,0.012171250000051259
parkinsons,195,22,156,2,mutual_info,13,0.12145114128210466,-1.0,-1,-1,2.0,1,0.012171250000051259
parkinsons,195,22,156,2,mutual_info,14,0.1393590836243459,-1.0,-1,-1,2.0,1,0.012171250000051259
parkinsons,195,22,156,2,mutual_info,15,0.07793602910674102,-1.0,-1,-1,2.0,1,0.012171250000051259
parkinsons,195,22,156,2,mutual_info,16,0.058392950488053375,-1.0,-1,-1,2.0,1,0.012171250000051259
parkinsons,195,22,156,2,mutual_info,17,0.06376769697440343,-1.0,-1,-1,2.0,1,0.012171250000051259
parkinsons,195,22,156,2,mutual_info,18,0.2120166615317296,-1.0,-1,-1,2.0,1,0.012171250000051259
parkinsons,195,22,156,2,mutual_info,19,0.1627202784707158,-1.0,-1,-1,2.0,1,0.012171250000051259
parkinsons,195,22,156,2,mutual_info,20,0.02198266677447247,-1.0,-1,-1,2.0,1,0.012171250000051259
parkinsons,195,22,156,2,mutual_info,21,0.2887476135505074,-1.0,-1,-1,2.0,1,0.012171250000051259
parkinsons,195,22,156,2,variance,0,0.9477432193581535,-1.0,-1,-1,2.0,1,1.850000001013541e-05
parkinsons,195,22,156,2,variance,1,1.0221266532910154,-1.0,-1,-1,2.0,1,1.850000001013541e-05
parkinsons,195,22,156,2,variance,2,0.8425608931300783,-1.0,-1,-1,2.0,1,1.850000001013541e-05
parkinsons,195,22,156,2,variance,3,0.9770792248512796,-1.0,-1,-1,2.0,1,1.850000001013541e-05
parkinsons,195,22,156,2,variance,4,0.9509738388753604,-1.0,-1,-1,2.0,1,1.850000001013541e-05
parkinsons,195,22,156,2,variance,5,0.97413614538247,-1.0,-1,-1,2.0,1,1.850000001013541e-05
parkinsons,195,22,156,2,variance,6,0.973636597231187,-1.0,-1,-1,2.0,1,1.850000001013541e-05
parkinsons,195,22,156,2,variance,7,0.9741126025684287,-1.0,-1,-1,2.0,1,1.850000001013541e-05
parkinsons,195,22,156,2,variance,8,0.9836050261898239,-1.0,-1,-1,2.0,1,1.850000001013541e-05
parkinsons,195,22,156,2,variance,9,1.0081783231688302,-1.0,-1,-1,2.0,1,1.850000001013541e-05
parkinsons,195,22,156,2,variance,10,0.9524277005285346,-1.0,-1,-1,2.0,1,1.850000001013541e-05
parkinsons,195,22,156,2,variance,11,1.0032203782727156,-1.0,-1,-1,2.0,1,1.850000001013541e-05
parkinsons,195,22,156,2,variance,12,1.0588590688338955,-1.0,-1,-1,2.0,1,1.850000001013541e-05
parkinsons,195,22,156,2,variance,13,0.9524128020496655,-1.0,-1,-1,2.0,1,1.850000001013541e-05
parkinsons,195,22,156,2,variance,14,0.9768203443959015,-1.0,-1,-1,2.0,1,1.850000001013541e-05
parkinsons,195,22,156,2,variance,15,0.9711205168625068,-1.0,-1,-1,2.0,1,1.850000001013541e-05
parkinsons,195,22,156,2,variance,16,0.9713697199367827,-1.0,-1,-1,2.0,1,1.850000001013541e-05
parkinsons,195,22,156,2,variance,17,1.0075566007852597,-1.0,-1,-1,2.0,1,1.850000001013541e-05
parkinsons,195,22,156,2,variance,18,0.9419093373837725,-1.0,-1,-1,2.0,1,1.850000001013541e-05
parkinsons,195,22,156,2,variance,19,1.0706822576359216,-1.0,-1,-1,2.0,1,1.850000001013541e-05
parkinsons,195,22,156,2,variance,20,1.0332339337357748,-1.0,-1,-1,2.0,1,1.850000001013541e-05
parkinsons,195,22,156,2,variance,21,0.9387856822196569,-1.0,-1,-1,2.0,1,1.850000001013541e-05
parkinsons,195,22,156,3,pai,0,0.5072520077228546,7.950915377728657,156,18,2.0,1,4.986949790999972
parkinsons,195,22,156,3,pai,1,0.45843514800071716,10.736422763251303,156,18,2.0,1,4.986949790999972
parkinsons,195,22,156,3,pai,2,0.49822723865509033,8.002547565010286,156,18,2.0,1,4.986949790999972
parkinsons,195,22,156,3,pai,3,0.39172428846359253,12.995052237411622,156,18,2.0,1,4.986949790999972
parkinsons,195,22,156,3,pai,4,0.28242969512939453,14.568484837745583,156,18,2.0,1,4.986949790999972
parkinsons,195,22,156,3,pai,5,0.3292810320854187,13.978997923907748,156,18,2.0,1,4.986949790999972
parkinsons,195,22,156,3,pai,6,0.2775436043739319,13.532501645295467,156,18,2.0,1,4.986949790999972
parkinsons,195,22,156,3,pai,7,0.3290223479270935,13.981216912760507,156,18,2.0,1,4.986949790999972
parkinsons,195,22,156,3,pai,8,0.3124682903289795,11.64366022736853,156,18,2.0,1,4.986949790999972
parkinsons,195,22,156,3,pai,9,0.30954116582870483,12.522060071089768,156,18,2.0,1,4.986949790999972
parkinsons,195,22,156,3,pai,10,0.3317881226539612,10.25368146543021,156,18,2.0,1,4.986949790999972
parkinsons,195,22,156,3,pai,11,0.28315675258636475,12.290670969185106,156,18,2.0,1,4.986949790999972
parkinsons,195,22,156,3,pai,12,0.2887996435165405,15.443204811151272,156,18,2.0,1,4.986949790999972
parkinsons,195,22,156,3,pai,13,0.33178770542144775,10.255121073796282,156,18,2.0,1,4.986949790999972
parkinsons,195,22,156,3,pai,14,0.26952308416366577,15.585886493860755,156,18,2.0,1,4.986949790999972
parkinsons,195,22,156,3,pai,15,0.43982675671577454,11.148056928630648,156,18,2.0,1,4.986949790999972
parkinsons,195,22,156,3,pai,16,0.4775192141532898,8.26779073282629,156,18,2.0,1,4.986949790999972
parkinsons,195,22,156,3,pai,17,0.5428818464279175,9.087512589095937,156,18,2.0,1,4.986949790999972
parkinsons,195,22,156,3,pai,18,0.4894275665283203,10.17272100830607,156,18,2.0,1,4.986949790999972
parkinsons,195,22,156,3,pai,19,0.505692332983017,10.67941611583575,156,18,2.0,1,4.986949790999972
parkinsons,195,22,156,3,pai,20,0.46166113018989563,11.774606274093886,156,18,2.0,1,4.986949790999972
parkinsons,195,22,156,3,pai,21,0.5059356689453125,10.742885970229306,156,18,2.0,1,4.986949790999972
parkinsons,195,22,156,3,nrs,0,-0.012820512820512775,-1.0,-1,-1,2.0,1,0.011140874999966854
parkinsons,195,22,156,3,nrs,1,-0.02564102564102566,-1.0,-1,-1,2.0,1,0.011140874999966854
parkinsons,195,22,156,3,nrs,2,-0.04487179487179482,-1.0,-1,-1,2.0,1,0.011140874999966854
parkinsons,195,22,156,3,nrs,3,-0.0064102564102563875,-1.0,-1,-1,2.0,1,0.011140874999966854
parkinsons,195,22,156,3,nrs,4,-0.0064102564102563875,-1.0,-1,-1,2.0,1,0.011140874999966854
parkinsons,195,22,156,3,nrs,5,-0.012820512820512775,-1.0,-1,-1,2.0,1,0.011140874999966854
parkinsons,195,22,156,3,nrs,6,-0.012820512820512775,-1.0,-1,-1,2.0,1,0.011140874999966854
parkinsons,195,22,156,3,nrs,7,-0.012820512820512775,-1.0,-1,-1,2.0,1,0.011140874999966854
parkinsons,195,22,156,3,nrs,8,-0.0064102564102563875,-1.0,-1,-1,2.0,1,0.011140874999966854
parkinsons,195,22,156,3,nrs,9,-0.0064102564102563875,-1.0,-1,-1,2.0,1,0.011140874999966854
parkinsons,195,22,156,3,nrs,10,0.0,-1.0,-1,-1,2.0,1,0.011140874999966854
parkinsons,195,22,156,3,nrs,11,-0.0064102564102563875,-1.0,-1,-1,2.0,1,0.011140874999966854
parkinsons,195,22,156,3,nrs,12,-0.012820512820512775,-1.0,-1,-1,2.0,1,0.011140874999966854
parkinsons,195,22,156,3,nrs,13,0.0,-1.0,-1,-1,2.0,1,0.011140874999966854
parkinsons,195,22,156,3,nrs,14,-0.0064102564102563875,-1.0,-1,-1,2.0,1,0.011140874999966854
parkinsons,195,22,156,3,nrs,15,-0.019230769230769162,-1.0,-1,-1,2.0,1,0.011140874999966854
parkinsons,195,22,156,3,nrs,16,-0.04487179487179482,-1.0,-1,-1,2.0,1,0.011140874999966854
parkinsons,195,22,156,3,nrs,17,0.006410256410256443,-1.0,-1,-1,2.0,1,0.011140874999966854
parkinsons,195,22,156,3,nrs,18,0.01282051282051283,-1.0,-1,-1,2.0,1,0.011140874999966854
parkinsons,195,22,156,3,nrs,19,-0.019230769230769162,-1.0,-1,-1,2.0,1,0.011140874999966854
parkinsons,195,22,156,3,nrs,20,0.0,-1.0,-1,-1,2.0,1,0.011140874999966854
parkinsons,195,22,156,3,nrs,21,0.01282051282051283,-1.0,-1,-1,2.0,1,0.011140874999966854
parkinsons,195,22,156,3,relieff,0,0.08388790827586352,-1.0,-1,-1,2.0,1,0.0352917089999778
parkinsons,195,22,156,3,relieff,1,0.026799259271472153,-1.0,-1,-1,2.0,1,0.0352917089999778
parkinsons,195,22,156,3,relieff,2,0.034298064116883416,-1.0,-1,-1,2.0,1,0.0352917089999778
parkinsons,195,22,156,3,relieff,3,0.0207470335732589,-1.0,-1,-1,2.0,1,0.0352917089999778
parkinsons,195,22,156,3,relieff,4,0.026872402959359484,-1.0,-1,-1,2.0,1,0.0352917089999778
parkinsons,195,22,156,3,relieff,5,0.025355987656615977,-1.0,-1,-1,2.0,1,0.0352917089999778
parkinsons,195,22,156,3,relieff,6,0.029196617918422436,-1.0,-1,-1,2.0,1,0.0352917089999778
parkinsons,195,22,156,3,relieff,7,0.02534890876949509,-1.0,-1,-1,2.0,1,0.0352917089999778
parkinsons,195,22,156,3,relieff,8,0.04892272567615035,-1.0,-1,-1,2.0,1,0.0352917089999778
parkinsons,195,22,156,3,relieff,9,0.03970935254830077,-1.0,-1,-1,2.0,1,0.0352917089999778
parkinsons,195,22,156,3,relieff,10,0.053156112954841774,-1.0,-1,-1,2.0,1,0.0352917089999778
parkinsons,195,22,156,3,relieff,11,0.04863192777371882,-1.0,-1,-1,2.0,1,0.0352917089999778
parkinsons,195,22,156,3,relieff,12,0.030773012486542968,-1.0,-1,-1,2.0,1,0.0352917089999778
parkinsons,195,22,156,3,relieff,13,0.05314776591577209,-1.0,-1,-1,2.0,1,0.0352917089999778
parkinsons,195,22,156,3,relieff,14,0.014498111833949114,-1.0,-1,-1,2.0,1,0.0352917089999778
parkinsons,195,22,156,3,relieff,15,0.04421649295460563,-1.0,-1,-1,2.0,1,0.0352917089999778
parkinsons,195,22,156,3,relieff,16,0.05463191322060475,-1.0,-1,-1,2.0,1,0.0352917089999778
parkinsons,195,22,156,3,relieff,17,0.05200610273730091,-1.0,-1,-1,2.0,1,0.0352917089999778
parkinsons,195,22,156,3,relieff,18,0.09772108313860524,-1.0,-1,-1,2.0,1,0.0352917089999778
parkinsons,195,22,156,3,relieff,19,0.04548428440326355,-1.0,-1,-1,2.0,1,0.0352917089999778
parkinsons,195,22,156,3,relieff,20,0.035628316504395525,-1.0,-1,-1,2.0,1,0.0352917089999778
parkinsons,195,22,156,3,relieff,21,0.08873616643862989,-1.0,-1,-1,2.0,1,0.0352917089999778
parkinsons,195,22,156,3,mutual_info,0,0.2459762267555563,-1.0,-1,-1,2.0,1,0.012366749999955573
parkinsons,195,22,156,3,mutual_info,1,0.12974250407142884,-1.0,-1,-1,2.0,1,0.012366749999955573
parkinsons,195,22,156,3,mutual_info,2,0.16778375103395082,-1.0,-1,-1,2.0,1,0.012366749999955573
parkinsons,195,22,156,3,mutual_info,3,0.14019081190151894,-1.0,-1,-1,2.0,1,0.012366749999955573
parkinsons,195,22,156,3,mutual_info,4,0.17669218303238443,-1.0,-1,-1,2.0,1,0.012366749999955573
parkinsons,195,22,156,3,mutual_info,5,0.10209857429866065,-1.0,-1,-1,2.0,1,0.012366749999955573
parkinsons,195,22,156,3,mutual_info,6,0.10749099217379943,-1.0,-1,-1,2.0,1,0.012366749999955573
parkinsons,195,22,156,3,mutual_info,7,0.08015394284315946,-1.0,-1,-1,2.0,1,0.012366749999955573
parkinsons,195,22,156,3,mutual_info,8,0.04820517555484338,-1.0,-1,-1,2.0,1,0.012366749999955573
parkinsons,195,22,156,3,mutual_info,9,0.08848110316294888,-1.0,-1,-1,2.0,1,0.012366749999955573
parkinsons,195,22,156,3,mutual_info,10,0.09128622784672191,-1.0,-1,-1,2.0,1,0.012366749999955573
parkinsons,195,22,156,3,mutual_info,11,0.08424749670831111,-1.0,-1,-1,2.0,1,0.012366749999955573
parkinsons,195,22,156,3,mutual_info,12,0.1702096875678627,-1.0,-1,-1,2.0,1,0.012366749999955573
parkinsons,195,22,156,3,mutual_info,13,0.08815232471281886,-1.0,-1,-1,2.0,1,0.012366749999955573
parkinsons,195,22,156,3,mutual_info,14,0.14859841783439043,-1.0,-1,-1,2.0,1,0.012366749999955573
parkinsons,195,22,156,3,mutual_info,15,0.15578072770734153,-1.0,-1,-1,2.0,1,0.012366749999955573
parkinsons,195,22,156,3,mutual_info,16,0.024487879110766553,-1.0,-1,-1,2.0,1,0.012366749999955573
parkinsons,195,22,156,3,mutual_info,17,0.10470733267859367,-1.0,-1,-1,2.0,1,0.012366749999955573
parkinsons,195,22,156,3,mutual_info,18,0.2179655791197439,-1.0,-1,-1,2.0,1,0.012366749999955573
parkinsons,195,22,156,3,mutual_info,19,0.15573410132621768,-1.0,-1,-1,2.0,1,0.012366749999955573
parkinsons,195,22,156,3,mutual_info,20,0.0,-1.0,-1,-1,2.0,1,0.012366749999955573
parkinsons,195,22,156,3,mutual_info,21,0.2648608211746437,-1.0,-1,-1,2.0,1,0.012366749999955573
parkinsons,195,22,156,3,variance,0,0.9476023682153407,-1.0,-1,-1,2.0,1,1.8415999988974363e-05
parkinsons,195,22,156,3,variance,1,1.0480964041186558,-1.0,-1,-1,2.0,1,1.8415999988974363e-05
parkinsons,195,22,156,3,variance,2,0.9375287446054832,-1.0,-1,-1,2.0,1,1.8415999988974363e-05
parkinsons,195,22,156,3,variance,3,0.8888102441421085,-1.0,-1,-1,2.0,1,1.8415999988974363e-05
parkinsons,195,22,156,3,variance,4,0.9751369010950734,-1.0,-1,-1,2.0,1,1.8415999988974363e-05
parkinsons,195,22,156,3,variance,5,0.9002207078021454,-1.0,-1,-1,2.0,1,1.8415999988974363e-05
parkinsons,195,22,156,3,variance,6,0.8486566648516958,-1.0,-1,-1,2.0,1,1.8415999988974363e-05
parkinsons,195,22,156,3,variance,7,0.9003673389628535,-1.0,-1,-1,2.0,1,1.8415999988974363e-05
parkinsons,195,22,156,3,variance,8,0.9320657669214081,-1.0,-1,-1,2.0,1,1.8415999988974363e-05
parkinsons,195,22,156,3,variance,9,0.866276106669331,-1.0,-1,-1,2.0,1,1.8415999988974363e-05
parkinsons,195,22,156,3,variance,10,0.9564660941385279,-1.0,-1,-1,2.0,1,1.8415999988974363e-05
parkinsons,195,22,156,3,variance,11,0.9229205542186216,-1.0,-1,-1,2.0,1,1.8415999988974363e-05
parkinsons,195,22,156,3,variance,12,0.905292697952624,-1.0,-1,-1,2.0,1,1.8415999988974363e-05
parkinsons,195,22,156,3,variance,13,0.9564739623911623,-1.0,-1,-1,2.0,1,1.8415999988974363e-05
parkinsons,195,22,156,3,variance,14,1.0237269208035504,-1.0,-1,-1,2.0,1,1.8415999988974363e-05
parkinsons,195,22,156,3,variance,15,0.8969158347307776,-1.0,-1,-1,2.0,1,1.8415999988974363e-05
parkinsons,195,22,156,3,variance,16,0.9790494864045161,-1.0,-1,-1,2.0,1,1.8415999988974363e-05
parkinsons,195,22,156,3,variance,17,1.0004429636483714,-1.0,-1,-1,2.0,1,1.8415999988974363e-05
parkinsons,195,22,156,3,variance,18,0.963902872866292,-1.0,-1,-1,2.0,1,1.8415999988974363e-05
parkinsons,195,22,156,3,variance,19,1.0117946925556562,-1.0,-1,-1,2.0,1,1.8415999988974363e-05
parkinsons,195,22,156,3,variance,20,0.9576819575215745,-1.0,-1,-1,2.0,1,1.8415999988974363e-05
parkinsons,195,22,156,3,variance,21,0.9742406312871751,-1.0,-1,-1,2.0,1,1.8415999988974363e-05
parkinsons,195,22,156,4,pai,0,0.6144393086433411,8.32152079710951,156,17,2.0,1,3.741432958999951
parkinsons,195,22,156,4,pai,1,0.4567509591579437,10.736422763251303,156,17,2.0,1,3.741432958999951
parkinsons,195,22,156,4,pai,2,0.49973148107528687,8.002547565010286,156,17,2.0,1,3.741432958999951
parkinsons,195,22,156,4,pai,3,0.09212601184844971,13.01986774136594,156,17,2.0,1,3.741432958999951
parkinsons,195,22,156,4,pai,4,0.10200977325439453,14.568484837745583,156,17,2.0,1,3.741432958999951
parkinsons,195,22,156,4,pai,5,0.09889793395996094,14.02629274530328,156,17,2.0,1,3.741432958999951
parkinsons,195,22,156,4,pai,6,0.10237622261047363,13.561572540344438,156,17,2.0,1,3.741432958999951
parkinsons,195,22,156,4,pai,7,0.09845471382141113,14.0285116220337,156,17,2.0,1,3.741432958999951
parkinsons,195,22,156,4,pai,8,0.06261610984802246,11.647913619232408,156,17,2.0,1,3.741432958999951
parkinsons,195,22,156,4,pai,9,0.07610416412353516,12.522060071089768,156,17,2.0,1,3.741432958999951
parkinsons,195,22,156,4,pai,10,0.12069356441497803,10.25368146543021,156,17,2.0,1,3.741432958999951
parkinsons,195,22,156,4,pai,11,0.059831976890563965,12.290670969185106,156,17,2.0,1,3.741432958999951
parkinsons,195,22,156,4,pai,12,0.2772630751132965,15.45148725320445,156,17,2.0,1,3.741432958999951
parkinsons,195,22,156,4,pai,13,0.1204214096069336,10.255121073796282,156,17,2.0,1,3.741432958999951
parkinsons,195,22,156,4,pai,14,0.07532477378845215,15.585886493860755,156,17,2.0,1,3.741432958999951
parkinsons,195,22,156,4,pai,15,0.3756936490535736,11.148056928630648,156,17,2.0,1,3.741432958999951
parkinsons,195,22,156,4,pai,16,0.404616117477417,8.26779073282629,156,17,2.0,1,3.741432958999951
parkinsons,195,22,156,4,pai,17,0.4508625864982605,9.09544826860489,156,17,2.0,1,3.741432958999951
parkinsons,195,22,156,4,pai,18,0.4234673082828522,10.17272100830607,156,17,2.0,1,3.741432958999951
parkinsons,195,22,156,4,pai,19,0.4212702512741089,10.67941611583575,156,17,2.0,1,3.741432958999951
parkinsons,195,22,156,4,pai,20,0.33718740940093994,11.774606274093886,156,17,2.0,1,3.741432958999951
parkinsons,195,22,156,4,pai,21,0.4178033471107483,10.742885970229306,156,17,2.0,1,3.741432958999951
parkinsons,195,22,156,4,nrs,0,0.012820512820512886,-1.0,-1,-1,2.0,1,0.011567791999993915
parkinsons,195,22,156,4,nrs,1,-0.019230769230769162,-1.0,-1,-1,2.0,1,0.011567791999993915
parkinsons,195,22,156,4,nrs,2,-0.05128205128205121,-1.0,-1,-1,2.0,1,0.011567791999993915
parkinsons,195,22,156,4,nrs,3,-0.019230769230769162,-1.0,-1,-1,2.0,1,0.011567791999993915
parkinsons,195,22,156,4,nrs,4,-0.019230769230769162,-1.0,-1,-1,2.0,1,0.011567791999993915
parkinsons,195,22,156,4,nrs,5,-0.019230769230769162,-1.0,-1,-1,2.0,1,0.011567791999993915
parkinsons,195,22,156,4,nrs,6,-0.012820512820512775,-1.0,-1,-1,2.0,1,0.011567791999993915
parkinsons,195,22,156,4,nrs,7,-0.019230769230769162,-1.0,-1,-1,2.0,1,0.011567791999993915
parkinsons,195,22,156,4,nrs,8,-0.0064102564102563875,-1.0,-1,-1,2.0,1,0.011567791999993915
parkinsons,195,22,156,4,nrs,9,-0.0064102564102563875,-1.0,-1,-1,2.0,1,0.011567791999993915
parkinsons,195,22,156,4,nrs,10,-0.0064102564102563875,-1.0,-1,-1,2.0,1,0.011567791999993915
parkinsons,195,22,156,4,nrs,11,-0.0064102564102563875,-1.0,-1,-1,2.0,1,0.011567791999993915
parkinsons,195,22,156,4,nrs,12,-0.0064102564102563875,-1.0,-1,-1,2.0,1,0.011567791999993915
parkinsons,195,22,156,4,nrs,13,-0.0064102564102563875,-1.0,-1,-1,2.0,1,0.011567791999993915
parkinsons,195,22,156,4,nrs,14,-0.0064102564102563875,-1.0,-1,-1,2.0,1,0.011567791999993915
parkinsons,195,22,156,4,nrs,15,0.0,-1.0,-1,-1,2.0,1,0.011567791999993915
parkinsons,195,22,156,4,nrs,16,-0.019230769230769162,-1.0,-1,-1,2.0,1,0.011567791999993915
parkinsons,195,22,156,4,nrs,17,0.012820512820512886,-1.0,-1,-1,2.0,1,0.011567791999993915
parkinsons,195,22,156,4,nrs,18,-0.0064102564102563875,-1.0,-1,-1,2.0,1,0.011567791999993915
parkinsons,195,22,156,4,nrs,19,0.0,-1.0,-1,-1,2.0,1,0.011567791999993915
parkinsons,195,22,156,4,nrs,20,0.0,-1.0,-1,-1,2.0,1,0.011567791999993915
parkinsons,195,22,156,4,nrs,21,0.0064102564102564985,-1.0,-1,-1,2.0,1,0.011567791999993915
parkinsons,195,22,156,4,relieff,0,0.0959908468411018,-1.0,-1,-1,2.0,1,0.03515445800002226
parkinsons,195,22,156,4,relieff,1,0.03493798256681383,-1.0,-1,-1,2.0,1,0.03515445800002226
parkinsons,195,22,156,4,relieff,2,0.03692210852389098,-1.0,-1,-1,2.0,1,0.03515445800002226
parkinsons,195,22,156,4,relieff,3,0.030172189098491526,-1.0,-1,-1,2.0,1,0.03515445800002226
parkinsons,195,22,156,4,relieff,4,0.029145130232086768,-1.0,-1,-1,2.0,1,0.03515445800002226
parkinsons,195,22,156,4,relieff,5,0.03185181068129045,-1.0,-1,-1,2.0,1,0.03515445800002226
parkinsons,195,22,156,4,relieff,6,0.03443434468354083,-1.0,-1,-1,2.0,1,0.03515445800002226
parkinsons,195,22,156,4,relieff,7,0.03182909962088,-1.0,-1,-1,2.0,1,0.03515445800002226
parkinsons,195,22,156,4,relieff,8,0.06882739240553737,-1.0,-1,-1,2.0,1,0.03515445800002226
parkinsons,195,22,156,4,relieff,9,0.05730042348776943,-1.0,-1,-1,2.0,1,0.03515445800002226
parkinsons,195,22,156,4,relieff,10,0.07497271443246022,-1.0,-1,-1,2.0,1,0.03515445800002226
parkinsons,195,22,156,4,relieff,11,0.06260411230560485,-1.0,-1,-1,2.0,1,0.03515445800002226
parkinsons,195,22,156,4,relieff,12,0.043042866595588834,-1.0,-1,-1,2.0,1,0.03515445800002226
parkinsons,195,22,156,4,relieff,13,0.07497094851055564,-1.0,-1,-1,2.0,1,0.03515445800002226
parkinsons,195,22,156,4,relieff,14,0.021836862779664436,-1.0,-1,-1,2.0,1,0.03515445800002226
parkinsons,195,22,156,4,relieff,15,0.05412183186506523,-1.0,-1,-1,2.0,1,0.03515445800002226
parkinsons,195,22,156,4,relieff,16,0.06567607960174363,-1.0,-1,-1,2.0,1,0.03515445800002226
parkinsons,195,22,156,4,relieff,17,0.05591121327777026,-1.0,-1,-1,2.0,1,0.03515445800002226
parkinsons,195,22,156,4,relieff,18,0.08829716596760087,-1.0,-1,-1,2.0,1,0.03515445800002226
parkinsons,195,22,156,4,relieff,19,0.060094772496425745,-1.0,-1,-1,2.0,1,0.03515445800002226
parkinsons,195,22,156,4,relieff,20,0.03849120988170079,-1.0,-1,-1,2.0,1,0.03515445800002226
parkinsons,195,22,156,4,relieff,21,0.07859873999829638,-1.0,-1,-1,2.0,1,0.03515445800002226
parkinsons,195,22,156,4,mutual_info,0,0.23806312848954958,-1.0,-1,-1,2.0,1,0.012496959000031893
parkinsons,195,22,156,4,mutual_info,1,0.16487026581697872,-1.0,-1,-1,2.0,1,0.012496959000031893
parkinsons,195,22,156,4,mutual_info,2,0.14679849725109984,-1.0,-1,-1,2.0,1,0.012496959000031893
parkinsons,195,22,156,4,mutual_info,3,0.15109473981488875,-1.0,-1,-1,2.0,1,0.012496959000031893
parkinsons,195,22,156,4,mutual_info,4,0.1776195089482686,-1.0,-1,-1,2.0,1,0.012496959000031893
parkinsons,195,22,156,4,mutual_info,5,0.10276562820051316,-1.0,-1,-1,2.0,1,0.012496959000031893
parkinsons,195,22,156,4,mutual_info,6,0.10094947354732953,-1.0,-1,-1,2.0,1,0.012496959000031893
parkinsons,195,22,156,4,mutual_info,7,0.10046255378205404,-1.0,-1,-1,2.0,1,0.012496959000031893
parkinsons,195,22,156,4,mutual_info,8,0.12415408778611803,-1.0,-1,-1,2.0,1,0.012496959000031893
parkinsons,195,22,156,4,mutual_info,9,0.11551890036069068,-1.0,-1,-1,2.0,1,0.012496959000031893
parkinsons,195,22,156,4,mutual_info,10,0.11702144299942963,-1.0,-1,-1,2.0,1,0.012496959000031893
parkinsons,195,22,156,4,mutual_info,11,0.14780581034105844,-1.0,-1,-1,2.0,1,0.012496959000031893
parkinsons,195,22,156,4,mutual_info,12,0.1568816046322743,-1.0,-1,-1,2.0,1,0.012496959000031893
parkinsons,195,22,156,4,mutual_info,13,0.11915819513618198,-1.0,-1,-1,2.0,1,0.012496959000031893
parkinsons,195,22,156,4,mutual_info,14,0.11993823396693815,-1.0,-1,-1,2.0,1,0.012496959000031893
parkinsons,195,22,156,4,mutual_info,15,0.06904843395033766,-1.0,-1,-1,2.0,1,0.012496959000031893
parkinsons,195,22,156,4,mutual_info,16,0.04186450370947847,-1.0,-1,-1,2.0,1,0.012496959000031893
parkinsons,195,22,156,4,mutual_info,17,0.09366163149983087,-1.0,-1,-1,2.0,1,0.012496959000031893
parkinsons,195,22,156,4,mutual_info,18,0.2376537637405567,-1.0,-1,-1,2.0,1,0.012496959000031893
parkinsons,195,22,156,4,mutual_info,19,0.1452168807051002,-1.0,-1,-1,2.0,1,0.012496959000031893
parkinsons,195,22,156,4,mutual_info,20,0.008640270663283989,-1.0,-1,-1,2.0,1,0.012496959000031893
parkinsons,195,22,156,4,mutual_info,21,0.2734424601395369,-1.0,-1,-1,2.0,1,0.012496959000031893
parkinsons,195,22,156,4,variance,0,1.033931953748032,-1.0,-1,-1,2.0,1,1.900000000887303e-05
parkinsons,195,22,156,4,variance,1,1.0189619933895364,-1.0,-1,-1,2.0,1,1.900000000887303e-05
parkinsons,195,22,156,4,variance,2,1.0206817804440513,-1.0,-1,-1,2.0,1,1.900000000887303e-05
parkinsons,195,22,156,4,variance,3,1.1594604827696382,-1.0,-1,-1,2.0,1,1.900000000887303e-05
parkinsons,195,22,156,4,variance,4,1.1360829631530753,-1.0,-1,-1,2.0,1,1.900000000887303e-05
parkinsons,195,22,156,4,variance,5,1.167887191354917,-1.0,-1,-1,2.0,1,1.900000000887303e-05
parkinsons,195,22,156,4,variance,6,1.1421442213802393,-1.0,-1,-1,2.0,1,1.900000000887303e-05
parkinsons,195,22,156,4,variance,7,1.1679340200788129,-1.0,-1,-1,2.0,1,1.900000000887303e-05
parkinsons,195,22,156,4,variance,8,1.0773466872052053,-1.0,-1,-1,2.0,1,1.900000000887303e-05
parkinsons,195,22,156,4,variance,9,1.0824453258697206,-1.0,-1,-1,2.0,1,1.900000000887303e-05
parkinsons,195,22,156,4,variance,10,1.0789038588511837,-1.0,-1,-1,2.0,1,1.900000000887303e-05
parkinsons,195,22,156,4,variance,11,1.0697444007008874,-1.0,-1,-1,2.0,1,1.900000000887303e-05
parkinsons,195,22,156,4,variance,12,1.101171863756799,-1.0,-1,-1,2.0,1,1.900000000887303e-05
parkinsons,195,22,156,4,variance,13,1.0789030557720827,-1.0,-1,-1,2.0,1,1.900000000887303e-05
parkinsons,195,22,156,4,variance,14,1.196613968717143,-1.0,-1,-1,2.0,1,1.900000000887303e-05
parkinsons,195,22,156,4,variance,15,1.0694041585194047,-1.0,-1,-1,2.0,1,1.900000000887303e-05
parkinsons,195,22,156,4,variance,16,1.021580950062609,-1.0,-1,-1,2.0,1,1.900000000887303e-05
parkinsons,195,22,156,4,variance,17,1.001966422679664,-1.0,-1,-1,2.0,1,1.900000000887303e-05
parkinsons,195,22,156,4,variance,18,1.0191668355476442,-1.0,-1,-1,2.0,1,1.900000000887303e-05
parkinsons,195,22,156,4,variance,19,1.0718016869362204,-1.0,-1,-1,2.0,1,1.900000000887303e-05
parkinsons,195,22,156,4,variance,20,0.9736792122937808,-1.0,-1,-1,2.0,1,1.900000000887303e-05
parkinsons,195,22,156,4,variance,21,1.0298075555853525,-1.0,-1,-1,2.0,1,1.900000000887303e-05
heart,270,13,216,0,pai,0,0.816365659236908,10.558521323971277,216,7,2.0,1,1.6390401250000082
heart,270,13,216,0,pai,1,0.7905650734901428,4.279653309289257,216,7,2.0,1,1.6390401250000082
heart,270,13,216,0,pai,2,0.7846559882164001,6.326918351157331,216,7,2.0,1,1.6390401250000082
heart,270,13,216,0,pai,3,0.7887681722640991,10.993633445343278,216,7,2.0,1,1.6390401250000082
heart,270,13,216,0,pai,4,0.6821777820587158,16.979892352605102,216,7,2.0,1,1.6390401250000082
heart,270,13,216,0,pai,5,0.6033149361610413,5.629889179541028,216,7,2.0,1,1.6390401250000082
heart,270,13,216,0,pai,6,0.752781093120575,4.015896734278438,216,7,2.0,1,1.6390401250000082
heart,270,13,216,0,pai,7,0.618374228477478,11.330818711248638,216,7,2.0,1,1.6390401250000082
heart,270,13,216,0,pai,8,0.6575378775596619,4.25460718391292,216,7,2.0,1,1.6390401250000082
heart,270,13,216,0,pai,9,0.6672964692115784,10.847817159193374,216,7,2.0,1,1.6390401250000082
heart,270,13,216,0,pai,10,0.669634997844696,6.522614472916469,216,7,2.0,1,1.6390401250000082
heart,270,13,216,0,pai,11,0.7147729396820068,6.368434264642934,216,7,2.0,1,1.6390401250000082
heart,270,13,216,0,pai,12,0.6223495006561279,4.129966274912418,216,7,2.0,1,1.6390401250000082
heart,270,13,216,0,nrs,0,-0.023148148148148195,-1.0,-1,-1,2.0,1,0.013123040999971636
heart,270,13,216,0,nrs,1,0.004629629629629595,-1.0,-1,-1,2.0,1,0.013123040999971636
heart,270,13,216,0,nrs,2,0.01388888888888884,-1.0,-1,-1,2.0,1,0.013123040999971636
heart,270,13,216,0,nrs,3,0.02314814814814814,-1.0,-1,-1,2.0,1,0.013123040999971636
heart,270,13,216,0,nrs,4,-0.037037037037037035,-1.0,-1,-1,2.0,1,0.013123040999971636
heart,270,13,216,0,nrs,5,-0.02777777777777779,-1.0,-1,-1,2.0,1,0.013123040999971636
heart,270,13,216,0,nrs,6,0.0,-1.0,-1,-1,2.0,1,0.013123040999971636
heart,270,13,216,0,nrs,7,0.009259259259259245,-1.0,-1,-1,2.0,1,0.013123040999971636
heart,270,13,216,0,nrs,8,-0.0092592592592593,-1.0,-1,-1,2.0,1,0.013123040999971636
heart,270,13,216,0,nrs,9,0.02314814814814814,-1.0,-1,-1,2.0,1,0.013123040999971636
heart,270,13,216,0,nrs,10,-0.018518518518518545,-1.0,-1,-1,2.0,1,0.013123040999971636
heart,270,13,216,0,nrs,11,0.01851851851851849,-1.0,-1,-1,2.0,1,0.013123040999971636
heart,270,13,216,0,nrs,12,0.01851851851851849,-1.0,-1,-1,2.0,1,0.013123040999971636
heart,270,13,216,0,relieff,0,0.04539930555555558,-1.0,-1,-1,2.0,1,0.04024379200001249
heart,270,13,216,0,relieff,1,0.08611111111111108,-1.0,-1,-1,2.0,1,0.04024379200001249
heart,270,13,216,0,relieff,2,0.1412037037037036,-1.0,-1,-1,2.0,1,0.04024379200001249
heart,270,13,216,0,relieff,3,0.047619047619047616,-1.0,-1,-1,2.0,1,0.04024379200001249
heart,270,13,216,0,relieff,4,0.026250422797226447,-1.0,-1,-1,2.0,1,0.04024379200001249
heart,270,13,216,0,relieff,5,0.012499999999999999,-1.0,-1,-1,2.0,1,0.04024379200001249
heart,270,13,216,0,relieff,6,0.04629629629629632,-1.0,-1,-1,2.0,1,0.04024379200001249
heart,270,13,216,0,relieff,7,0.05494062765055133,-1.0,-1,-1,2.0,1,0.04024379200001249
heart,270,13,216,0,relieff,8,0.05092592592592594,-1.0,-1,-1,2.0,1,0.04024379200001249
heart,270,13,216,0,relieff,9,0.04636350059737158,-1.0,-1,-1,2.0,1,0.04024379200001249
heart,270,13,216,0,relieff,10,0.07500000000000002,-1.0,-1,-1,2.0,1,0.04024379200001249
heart,270,13,216,0,relieff,11,0.1564814814814814,-1.0,-1,-1,2.0,1,0.04024379200001249
heart,270,13,216,0,relieff,12,0.1435185185185184,-1.0,-1,-1,2.0,1,0.04024379200001249
heart,270,13,216,0,mutual_info,0,0.0,-1.0,-1,-1,2.0,1,0.008065500000043357
heart,270,13,216,0,mutual_info,1,0.02322784697170044,-1.0,-1,-1,2.0,1,0.008065500000043357
heart,270,13,216,0,mutual_info,2,0.0843626705183913,-1.0,-1,-1,2.0,1,0.008065500000043357
heart,270,13,216,0,mutual_info,3,0.03650796461520778,-1.0,-1,-1,2.0,1,0.008065500000043357
heart,270,13,216,0,mutual_info,4,0.09826095381917765,-1.0,-1,-1,2.0,1,0.008065500000043357
heart,270,13,216,0,mutual_info,5,0.0,-1.0,-1,-1,2.0,1,0.008065500000043357
heart,270,13,216,0,mutual_info,6,0.06376139581815776,-1.0,-1,-1,2.0,1,0.008065500000043357
heart,270,13,216,0,mutual_info,7,0.06258934762825907,-1.0,-1,-1,2.0,1,0.008065500000043357
heart,270,13,216,0,mutual_info,8,0.0298814423841105,-1.0,-1,-1,2.0,1,0.008065500000043357
heart,270,13,216,0,mutual_info,9,0.09978935654620069,-1.0,-1,-1,2.0,1,0.008065500000043357
heart,270,13,216,0,mutual_info,10,0.05361368251749443,-1.0,-1,-1,2.0,1,0.008065500000043357
heart,270,13,216,0,mutual_info,11,0.10241278316235536,-1.0,-1,-1,2.0,1,0.008065500000043357
heart,270,13,216,0,mutual_info,12,0.1513172484853802,-1.0,-1,-1,2.0,1,0.008065500000043357
heart,270,13,216,0,variance,0,0.9788911223647772,-1.0,-1,-1,2.0,1,1.8208000028607785e-05
heart,270,13,216,0,variance,1,0.9715941209723004,-1.0,-1,-1,2.0,1,1.8208000028607785e-05
heart,270,13,216,0,variance,2,1.0215438675432023,-1.0,-1,-1,2.0,1,1.8208000028607785e-05
heart,270,13,216,0,variance,3,0.9514568652415533,-1.0,-1,-1,2.0,1,1.8208000028607785e-05
heart,270,13,216,0,variance,4,1.0339280680143441,-1.0,-1,-1,2.0,1,1.8208000028607785e-05
heart,270,13,216,0,variance,5,1.0759171195652184,-1.0,-1,-1,2.0,1,1.8208000028607785e-05
heart,270,13,216,0,variance,6,0.9978534096565435,-1.0,-1,-1,2.0,1,1.8208000028607785e-05
heart,270,13,216,0,variance,7,1.0559738912547767,-1.0,-1,-1,2.0,1,1.8208000028607785e-05
heart,270,13,216,0,variance,8,1.025727078030917,-1.0,-1,-1,2.0,1,1.8208000028607785e-05
heart,270,13,216,0,variance,9,0.9195850281324829,-1.0,-1,-1,2.0,1,1.8208000028607785e-05
heart,270,13,216,0,variance,10,0.986650131310183,-1.0,-1,-1,2.0,1,1.8208000028607785e-05
heart,270,13,216,0,variance,11,1.0500857685947873,-1.0,-1,-1,2.0,1,1.8208000028607785e-05
heart,270,13,216,0,variance,12,1.003707007487133,-1.0,-1,-1,2.0,1,1.8208000028607785e-05
heart,270,13,216,1,pai,0,0.7548826932907104,10.558521323971277,216,4,2.0,1,1.9881928330000278
heart,270,13,216,1,pai,1,0.6899251937866211,4.279653309289257,216,4,2.0,1,1.9881928330000278
heart,270,13,216,1,pai,2,0.6634527444839478,6.326918351157331,216,4,2.0,1,1.9881928330000278
heart,270,13,216,1,pai,3,0.7760814428329468,11.89107291026926,216,4,2.0,1,1.9881928330000278
heart,270,13,216,1,pai,4,0.6625800132751465,10.699658194792256,216,4,2.0,1,1.9881928330000278
heart,270,13,216,1,pai,5,0.6613452434539795,5.629889179541028,216,4,2.0,1,1.9881928330000278
heart,270,13,216,1,pai,6,0.7770555019378662,4.015896734278438,216,4,2.0,1,1.9881928330000278
heart,270,13,216,1,pai,7,0.6058101058006287,11.330818711248638,216,4,2.0,1,1.9881928330000278
heart,270,13,216,1,pai,8,0.6551682353019714,4.25460718391292,216,4,2.0,1,1.9881928330000278
heart,270,13,216,1,pai,9,0.6528358459472656,7.348521301389059,216,4,2.0,1,1.9881928330000278
heart,270,13,216,1,pai,10,0.6630938649177551,6.522614472916469,216,4,2.0,1,1.9881928330000278
heart,270,13,216,1,pai,11,0.6126315593719482,6.368434264642934,216,4,2.0,1,1.9881928330000278
heart,270,13,216,1,pai,12,0.615638256072998,4.129966274912418,216,4,2.0,1,1.9881928330000278
heart,270,13,216,1,nrs,0,-0.027777777777777735,-1.0,-1,-1,2.0,1,0.013061417000017173
heart,270,13,216,1,nrs,1,-0.009259259259259245,-1.0,-1,-1,2.0,1,0.013061417000017173
heart,270,13,216,1,nrs,2,0.02777777777777779,-1.0,-1,-1,2.0,1,0.013061417000017173
heart,270,13,216,1,nrs,3,0.041666666666666685,-1.0,-1,-1,2.0,1,0.013061417000017173
heart,270,13,216,1,nrs,4,-0.032407407407407385,-1.0,-1,-1,2.0,1,0.013061417000017173
heart,270,13,216,1,nrs,5,-0.037037037037037035,-1.0,-1,-1,2.0,1,0.013061417000017173
heart,270,13,216,1,nrs,6,-0.02314814814814814,-1.0,-1,-1,2.0,1,0.013061417000017173
heart,270,13,216,1,nrs,7,-0.009259259259259245,-1.0,-1,-1,2.0,1,0.013061417000017173
heart,270,13,216,1,nrs,8,-0.009259259259259245,-1.0,-1,-1,2.0,1,0.013061417000017173
heart,270,13,216,1,nrs,9,0.00462962962962965,-1.0,-1,-1,2.0,1,0.013061417000017173
heart,270,13,216,1,nrs,10,-0.01851851851851849,-1.0,-1,-1,2.0,1,0.013061417000017173
heart,270,13,216,1,nrs,11,0.03240740740740744,-1.0,-1,-1,2.0,1,0.013061417000017173
heart,270,13,216,1,nrs,12,0.03240740740740744,-1.0,-1,-1,2.0,1,0.013061417000017173
heart,270,13,216,1,relieff,0,0.043586033950617296,-1.0,-1,-1,2.0,1,0.04067916700000751
heart,270,13,216,1,relieff,1,0.11064814814814812,-1.0,-1,-1,2.0,1,0.04067916700000751
heart,270,13,216,1,relieff,2,0.13796296296296293,-1.0,-1,-1,2.0,1,0.04067916700000751
heart,270,13,216,1,relieff,3,0.04442260656883299,-1.0,-1,-1,2.0,1,0.04067916700000751
heart,270,13,216,1,relieff,4,0.05425556897477186,-1.0,-1,-1,2.0,1,0.04067916700000751
heart,270,13,216,1,relieff,5,0.011111111111111106,-1.0,-1,-1,2.0,1,0.04067916700000751
heart,270,13,216,1,relieff,6,0.0541666666666667,-1.0,-1,-1,2.0,1,0.04067916700000751
heart,270,13,216,1,relieff,7,0.05676067288662707,-1.0,-1,-1,2.0,1,0.04067916700000751
heart,270,13,216,1,relieff,8,0.05046296296296298,-1.0,-1,-1,2.0,1,0.04067916700000751
heart,270,13,216,1,relieff,9,0.048941798941798925,-1.0,-1,-1,2.0,1,0.04067916700000751
heart,270,13,216,1,relieff,10,0.09074074074074076,-1.0,-1,-1,2.0,1,0.04067916700000751
heart,270,13,216,1,relieff,11,0.14861111111111094,-1.0,-1,-1,2.0,1,0.04067916700000751
heart,270,13,216,1,relieff,12,0.15324074074074062,-1.0,-1,-1,2.0,1,0.04067916700000751
heart,270,13,216,1,mutual_info,0,0.0,-1.0,-1,-1,2.0,1,0.007958250000001499
heart,270,13,216,1,mutual_info,1,0.05771218988679694,-1.0,-1,-1,2.0,1,0.007958250000001499
heart,270,13,216,1,mutual_info,2,0.131254467766595,-1.0,-1,-1,2.0,1,0.007958250000001499
heart,270,13,216,1,mutual_info,3,0.0,-1.0,-1,-1,2.0,1,0.007958250000001499
heart,270,13,216,1,mutual_info,4,0.038132520848455975,-1.0,-1,-1,2.0,1,0.007958250000001499
heart,270,13,216,1,mutual_info,5,0.0,-1.0,-1,-1,2.0,1,0.007958250000001499
heart,270,13,216,1,mutual_info,6,0.008779542644106408,-1.0,-1,-1,2.0,1,0.007958250000001499
heart,270,13,216,1,mutual_info,7,0.06733626891131594,-1.0,-1,-1,2.0,1,0.007958250000001499
heart,270,13,216,1,mutual_info,8,0.020417396339385885,-1.0,-1,-1,2.0,1,0.007958250000001499
heart,270,13,216,1,mutual_info,9,0.1196434034833933,-1.0,-1,-1,2.0,1,0.007958250000001499
heart,270,13,216,1,mutual_info,10,0.04907336208416768,-1.0,-1,-1,2.0,1,0.007958250000001499
heart,270,13,216,1,mutual_info,11,0.10777706837720569,-1.0,-1,-1,2.0,1,0.007958250000001499
heart,270,13,216,1,mutual_info,12,0.09623959766793733,-1.0,-1,-1,2.0,1,0.007958250000001499
heart,270,13,216,1,variance,0,1.0046897600772347,-1.0,-1,-1,2.0,1,1.7874999969080818e-05
heart,270,13,216,1,variance,1,0.9876892155015354,-1.0,-1,-1,2.0,1,1.7874999969080818e-05
heart,270,13,216,1,variance,2,1.0123205869343026,-1.0,-1,-1,2.0,1,1.7874999969080818e-05
heart,270,13,216,1,variance,3,1.038343709477711,-1.0,-1,-1,2.0,1,1.7874999969080818e-05
heart,270,13,216,1,variance,4,0.8944665160052433,-1.0,-1,-1,2.0,1,1.7874999969080818e-05
heart,270,13,216,1,variance,5,1.0000000000000007,-1.0,-1,-1,2.0,1,1.7874999969080818e-05
heart,270,13,216,1,variance,6,0.9985447431004919,-1.0,-1,-1,2.0,1,1.7874999969080818e-05
heart,270,13,216,1,variance,7,0.9779437410538409,-1.0,-1,-1,2.0,1,1.7874999969080818e-05
heart,270,13,216,1,variance,8,1.0056490160779714,-1.0,-1,-1,2.0,1,1.7874999969080818e-05
heart,270,13,216,1,variance,9,0.9021132760972809,-1.0,-1,-1,2.0,1,1.7874999969080818e-05
heart,270,13,216,1,variance,10,0.9642521702655384,-1.0,-1,-1,2.0,1,1.7874999969080818e-05
heart,270,13,216,1,variance,11,1.0079741612449629,-1.0,-1,-1,2.0,1,1.7874999969080818e-05
heart,270,13,216,1,variance,12,0.9993600019741504,-1.0,-1,-1,2.0,1,1.7874999969080818e-05
heart,270,13,216,2,pai,0,0.7255864143371582,10.558521323971277,216,8,2.0,1,1.9503139589999705
heart,270,13,216,2,pai,1,0.6636881232261658,4.279653309289257,216,8,2.0,1,1.9503139589999705
heart,270,13,216,2,pai,2,0.7318861484527588,6.326918351157331,216,8,2.0,1,1.9503139589999705
heart,270,13,216,2,pai,3,0.6998149156570435,11.89107291026926,216,8,2.0,1,1.9503139589999705
heart,270,13,216,2,pai,4,0.6610830426216125,16.979892352605102,216,8,2.0,1,1.9503139589999705
heart,270,13,216,2,pai,5,0.5914721488952637,5.629889179541028,216,8,2.0,1,1.9503139589999705
heart,270,13,216,2,pai,6,0.76854008436203,4.015896734278438,216,8,2.0,1,1.9503139589999705
heart,270,13,216,2,pai,7,0.6563371419906616,11.330818711248638,216,8,2.0,1,1.9503139589999705
heart,270,13,216,2,pai,8,0.6658763885498047,4.25460718391292,216,8,2.0,1,1.9503139589999705
heart,270,13,216,2,pai,9,0.6527796387672424,10.847817159193374,216,8,2.0,1,1.9503139589999705
heart,270,13,216,2,pai,10,0.7433152198791504,6.522614472916469,216,8,2.0,1,1.9503139589999705
heart,270,13,216,2,pai,11,0.7137093544006348,6.368434264642934,216,8,2.0,1,1.9503139589999705
heart,270,13,216,2,pai,12,0.6740652322769165,4.129966274912418,216,8,2.0,1,1.9503139589999705
heart,270,13,216,2,nrs,0,-0.004629629629629595,-1.0,-1,-1,2.0,1,0.013176291000036144
heart,270,13,216,2,nrs,1,0.00462962962962965,-1.0,-1,-1,2.0,1,0.013176291000036144
heart,270,13,216,2,nrs,2,0.07407407407407407,-1.0,-1,-1,2.0,1,0.013176291000036144
heart,270,13,216,2,nrs,3,0.0092592592592593,-1.0,-1,-1,2.0,1,0.013176291000036144
heart,270,13,216,2,nrs,4,-0.027777777777777735,-1.0,-1,-1,2.0,1,0.013176291000036144
heart,270,13,216,2,nrs,5,-0.04166666666666663,-1.0,-1,-1,2.0,1,0.013176291000036144
heart,270,13,216,2,nrs,6,0.037037037037037035,-1.0,-1,-1,2.0,1,0.013176291000036144
heart,270,13,216,2,nrs,7,-0.013888888888888895,-1.0,-1,-1,2.0,1,0.013176291000036144
heart,270,13,216,2,nrs,8,-0.037037037037037035,-1.0,-1,-1,2.0,1,0.013176291000036144
heart,270,13,216,2,nrs,9,0.018518518518518545,-1.0,-1,-1,2.0,1,0.013176291000036144
heart,270,13,216,2,nrs,10,-0.01851851851851849,-1.0,-1,-1,2.0,1,0.013176291000036144
heart,270,13,216,2,nrs,11,0.05092592592592593,-1.0,-1,-1,2.0,1,0.013176291000036144
heart,270,13,216,2,nrs,12,0.08333333333333337,-1.0,-1,-1,2.0,1,0.013176291000036144
heart,270,13,216,2,relieff,0,0.05051118827160493,-1.0,-1,-1,2.0,1,0.041139916000020094
heart,270,13,216,2,relieff,1,0.11064814814814822,-1.0,-1,-1,2.0,1,0.041139916000020094
heart,270,13,216,2,relieff,2,0.16388888888888883,-1.0,-1,-1,2.0,1,0.041139916000020094
heart,270,13,216,2,relieff,3,0.03614168413696716,-1.0,-1,-1,2.0,1,0.041139916000020094
heart,270,13,216,2,relieff,4,0.01851217656012177,-1.0,-1,-1,2.0,1,0.041139916000020094
heart,270,13,216,2,relieff,5,0.00231481481481482,-1.0,-1,-1,2.0,1,0.041139916000020094
heart,270,13,216,2,relieff,6,0.04861111111111114,-1.0,-1,-1,2.0,1,0.041139916000020094
heart,270,13,216,2,relieff,7,0.041938789934973145,-1.0,-1,-1,2.0,1,0.041139916000020094
heart,270,13,216,2,relieff,8,0.05509259259259263,-1.0,-1,-1,2.0,1,0.041139916000020094
heart,270,13,216,2,relieff,9,0.10139635603345282,-1.0,-1,-1,2.0,1,0.041139916000020094
heart,270,13,216,2,relieff,10,0.14166666666666664,-1.0,-1,-1,2.0,1,0.041139916000020094
heart,270,13,216,2,relieff,11,0.17916666666666659,-1.0,-1,-1,2.0,1,0.041139916000020094
heart,270,13,216,2,relieff,12,0.22731481481481483,-1.0,-1,-1,2.0,1,0.041139916000020094
heart,270,13,216,2,mutual_info,0,0.004664035068535188,-1.0,-1,-1,2.0,1,0.008138458000019
heart,270,13,216,2,mutual_info,1,0.1011955394450057,-1.0,-1,-1,2.0,1,0.008138458000019
heart,270,13,216,2,mutual_info,2,0.13846315194736225,-1.0,-1,-1,2.0,1,0.008138458000019
heart,270,13,216,2,mutual_info,3,0.010080112707372635,-1.0,-1,-1,2.0,1,0.008138458000019
heart,270,13,216,2,mutual_info,4,0.0490336969707692,-1.0,-1,-1,2.0,1,0.008138458000019
heart,270,13,216,2,mutual_info,5,0.0,-1.0,-1,-1,2.0,1,0.008138458000019
heart,270,13,216,2,mutual_info,6,0.0037859219973319647,-1.0,-1,-1,2.0,1,0.008138458000019
heart,270,13,216,2,mutual_info,7,0.05124916358467568,-1.0,-1,-1,2.0,1,0.008138458000019
heart,270,13,216,2,mutual_info,8,0.10573481476241708,-1.0,-1,-1,2.0,1,0.008138458000019
heart,270,13,216,2,mutual_info,9,0.07744848240426494,-1.0,-1,-1,2.0,1,0.008138458000019
heart,270,13,216,2,mutual_info,10,0.07589435755814011,-1.0,-1,-1,2.0,1,0.008138458000019
heart,270,13,216,2,mutual_info,11,0.11676456441200478,-1.0,-1,-1,2.0,1,0.008138458000019
heart,270,13,216,2,mutual_info,12,0.14820022221746632,-1.0,-1,-1,2.0,1,0.008138458000019
heart,270,13,216,2,variance,0,1.00745256643139,-1.0,-1,-1,2.0,1,1.6916000049604918e-05
heart,270,13,216,2,variance,1,1.0175240248728012,-1.0,-1,-1,2.0,1,1.6916000049604918e-05
heart,270,13,216,2,variance,2,0.96694299964918,-1.0,-1,-1,2.0,1,1.6916000049604918e-05
heart,270,13,216,2,variance,3,0.9942476178121191,-1.0,-1,-1,2.0,1,1.6916000049604918e-05
heart,270,13,216,2,variance,4,1.024349819492641,-1.0,-1,-1,2.0,1,1.6916000049604918e-05
heart,270,13,216,2,variance,5,0.9476902173913045,-1.0,-1,-1,2.0,1,1.6916000049604918e-05
heart,270,13,216,2,variance,6,0.9986311597809807,-1.0,-1,-1,2.0,1,1.6916000049604918e-05
heart,270,13,216,2,variance,7,1.0683801511668924,-1.0,-1,-1,2.0,1,1.6916000049604918e-05
heart,270,13,216,2,variance,8,1.0381424979824965,-1.0,-1,-1,2.0,1,1.6916000049604918e-05
heart,270,13,216,2,variance,9,1.0805056498554142,-1.0,-1,-1,2.0,1,1.6916000049604918e-05
heart,270,13,216,2,variance,10,1.0134934892033844,-1.0,-1,-1,2.0,1,1.6916000049604918e-05
heart,270,13,216,2,variance,11,0.9438167411024749,-1.0,-1,-1,2.0,1,1.6916000049604918e-05
heart,270,13,216,2,variance,12,1.014760168679812,-1.0,-1,-1,2.0,1,1.6916000049604918e-05
heart,270,13,216,3,pai,0,0.7749056816101074,10.338552129721876,216,5,2.0,1,2.059393916000033
heart,270,13,216,3,pai,1,0.8219330310821533,4.279653309289257,216,5,2.0,1,2.059393916000033
heart,270,13,216,3,pai,2,0.7241705656051636,6.326918351157331,216,5,2.0,1,2.059393916000033
heart,270,13,216,3,pai,3,0.7175428867340088,11.89107291026926,216,5,2.0,1,2.059393916000033
heart,270,13,216,3,pai,4,0.6961678862571716,11.281161357552705,216,5,2.0,1,2.059393916000033
heart,270,13,216,3,pai,5,0.6498897671699524,5.629889179541028,216,5,2.0,1,2.059393916000033
heart,270,13,216,3,pai,6,0.7772238850593567,4.015896734278438,216,5,2.0,1,2.059393916000033
heart,270,13,216,3,pai,7,0.6674262285232544,11.330818711248638,216,5,2.0,1,2.059393916000033
heart,270,13,216,3,pai,8,0.6828921437263489,4.25460718391292,216,5,2.0,1,2.059393916000033
heart,270,13,216,3,pai,9,0.6971927285194397,10.847817159193374,216,5,2.0,1,2.059393916000033
heart,270,13,216,3,pai,10,0.7949686050415039,6.522614472916469,216,5,2.0,1,2.059393916000033
heart,270,13,216,3,pai,11,0.7288479208946228,6.368434264642934,216,5,2.0,1,2.059393916000033
heart,270,13,216,3,pai,12,0.7346252799034119,4.129966274912418,216,5,2.0,1,2.059393916000033
heart,270,13,216,3,nrs,0,-0.00462962962962965,-1.0,-1,-1,2.0,1,0.012722958000040308
heart,270,13,216,3,nrs,1,0.00462962962962965,-1.0,-1,-1,2.0,1,0.012722958000040308
heart,270,13,216,3,nrs,2,0.02314814814814814,-1.0,-1,-1,2.0,1,0.012722958000040308
heart,270,13,216,3,nrs,3,0.018518518518518545,-1.0,-1,-1,2.0,1,0.012722958000040308
heart,270,13,216,3,nrs,4,-0.013888888888888895,-1.0,-1,-1,2.0,1,0.012722958000040308
heart,270,13,216,3,nrs,5,-0.055555555555555525,-1.0,-1,-1,2.0,1,0.012722958000040308
heart,270,13,216,3,nrs,6,-0.02777777777777779,-1.0,-1,-1,2.0,1,0.012722958000040308
heart,270,13,216,3,nrs,7,-0.02777777777777779,-1.0,-1,-1,2.0,1,0.012722958000040308
heart,270,13,216,3,nrs,8,-0.013888888888888895,-1.0,-1,-1,2.0,1,0.012722958000040308
heart,270,13,216,3,nrs,9,-0.009259259259259245,-1.0,-1,-1,2.0,1,0.012722958000040308
heart,270,13,216,3,nrs,10,0.00462962962962965,-1.0,-1,-1,2.0,1,0.012722958000040308
heart,270,13,216,3,nrs,11,0.032407407407407385,-1.0,-1,-1,2.0,1,0.012722958000040308
heart,270,13,216,3,nrs,12,0.032407407407407385,-1.0,-1,-1,2.0,1,0.012722958000040308
heart,270,13,216,3,relieff,0,0.04760638297872341,-1.0,-1,-1,2.0,1,0.04020391700004211
heart,270,13,216,3,relieff,1,0.09537037037037033,-1.0,-1,-1,2.0,1,0.04020391700004211
heart,270,13,216,3,relieff,2,0.13148148148148145,-1.0,-1,-1,2.0,1,0.04020391700004211
heart,270,13,216,3,relieff,3,0.053004891684136995,-1.0,-1,-1,2.0,1,0.04020391700004211
heart,270,13,216,3,relieff,4,0.05403302787323409,-1.0,-1,-1,2.0,1,0.04020391700004211
heart,270,13,216,3,relieff,5,0.013425925925925924,-1.0,-1,-1,2.0,1,0.04020391700004211
heart,270,13,216,3,relieff,6,0.06157407407407413,-1.0,-1,-1,2.0,1,0.04020391700004211
heart,270,13,216,3,relieff,7,0.03369027424370935,-1.0,-1,-1,2.0,1,0.04020391700004211
heart,270,13,216,3,relieff,8,0.0740740740740741,-1.0,-1,-1,2.0,1,0.04020391700004211
heart,270,13,216,3,relieff,9,0.059154719235364396,-1.0,-1,-1,2.0,1,0.04020391700004211
heart,270,13,216,3,relieff,10,0.09583333333333333,-1.0,-1,-1,2.0,1,0.04020391700004211
heart,270,13,216,3,relieff,11,0.12870370370370368,-1.0,-1,-1,2.0,1,0.04020391700004211
heart,270,13,216,3,relieff,12,0.14537037037037034,-1.0,-1,-1,2.0,1,0.04020391700004211
heart,270,13,216,3,mutual_info,0,0.016623124674417955,-1.0,-1,-1,2.0,1,0.007982249999997748
heart,270,13,216,3,mutual_info,1,0.012205614676020105,-1.0,-1,-1,2.0,1,0.007982249999997748
heart,270,13,216,3,mutual_info,2,0.13432163741801473,-1.0,-1,-1,2.0,1,0.007982249999997748
heart,270,13,216,3,mutual_info,3,0.0,-1.0,-1,-1,2.0,1,0.007982249999997748
heart,270,13,216,3,mutual_info,4,0.02808484514349141,-1.0,-1,-1,2.0,1,0.007982249999997748
heart,270,13,216,3,mutual_info,5,0.0038341339571505983,-1.0,-1,-1,2.0,1,0.007982249999997748
heart,270,13,216,3,mutual_info,6,0.0,-1.0,-1,-1,2.0,1,0.007982249999997748
heart,270,13,216,3,mutual_info,7,0.05790524975431488,-1.0,-1,-1,2.0,1,0.007982249999997748
heart,270,13,216,3,mutual_info,8,0.12351117500530973,-1.0,-1,-1,2.0,1,0.007982249999997748
heart,270,13,216,3,mutual_info,9,0.0858516235441924,-1.0,-1,-1,2.0,1,0.007982249999997748
heart,270,13,216,3,mutual_info,10,0.04980613297856351,-1.0,-1,-1,2.0,1,0.007982249999997748
heart,270,13,216,3,mutual_info,11,0.0639046796157201,-1.0,-1,-1,2.0,1,0.007982249999997748
heart,270,13,216,3,mutual_info,12,0.14767066728957934,-1.0,-1,-1,2.0,1,0.007982249999997748
heart,270,13,216,3,variance,0,0.9577438309355012,-1.0,-1,-1,2.0,1,1.7749999983607267e-05
heart,270,13,216,3,variance,1,1.0175240248728012,-1.0,-1,-1,2.0,1,1.7749999983607267e-05
heart,270,13,216,3,variance,2,1.0123205869343024,-1.0,-1,-1,2.0,1,1.7749999983607267e-05
heart,270,13,216,3,variance,3,0.9650880767675657,-1.0,-1,-1,2.0,1,1.7749999983607267e-05
heart,270,13,216,3,variance,4,0.8851352268167014,-1.0,-1,-1,2.0,1,1.7749999983607267e-05
heart,270,13,216,3,variance,5,1.0256453804347883,-1.0,-1,-1,2.0,1,1.7749999983607267e-05
heart,270,13,216,3,variance,6,1.001547722747633,-1.0,-1,-1,2.0,1,1.7749999983607267e-05
heart,270,13,216,3,variance,7,1.0225127438234547,-1.0,-1,-1,2.0,1,1.7749999983607267e-05
heart,270,13,216,3,variance,8,0.9520105220684059,-1.0,-1,-1,2.0,1,1.7749999983607267e-05
heart,270,13,216,3,variance,9,0.9796213032644604,-1.0,-1,-1,2.0,1,1.7749999983607267e-05
heart,270,13,216,3,variance,10,0.9888728297344609,-1.0,-1,-1,2.0,1,1.7749999983607267e-05
heart,270,13,216,3,variance,11,0.8807700628969718,-1.0,-1,-1,2.0,1,1.7749999983607267e-05
heart,270,13,216,3,variance,12,0.9922597025620031,-1.0,-1,-1,2.0,1,1.7749999983607267e-05
heart,270,13,216,4,pai,0,0.7232285737991333,10.558521323971277,216,8,2.0,1,2.035724000000016
heart,270,13,216,4,pai,1,0.6994602084159851,4.279653309289257,216,8,2.0,1,2.035724000000016
heart,270,13,216,4,pai,2,0.7011295557022095,6.326918351157331,216,8,2.0,1,2.035724000000016
heart,270,13,216,4,pai,3,0.6740978956222534,10.993633445343278,216,8,2.0,1,2.035724000000016
heart,270,13,216,4,pai,4,0.5961512923240662,16.979892352605102,216,8,2.0,1,2.035724000000016
heart,270,13,216,4,pai,5,0.6495433449745178,5.629889179541028,216,8,2.0,1,2.035724000000016
heart,270,13,216,4,pai,6,0.7146547436714172,4.015896734278438,216,8,2.0,1,2.035724000000016
heart,270,13,216,4,pai,7,0.5923555493354797,11.330818711248638,216,8,2.0,1,2.035724000000016
heart,270,13,216,4,pai,8,0.6359517574310303,4.25460718391292,216,8,2.0,1,2.035724000000016
heart,270,13,216,4,pai,9,0.5849865078926086,10.847817159193374,216,8,2.0,1,2.035724000000016
heart,270,13,216,4,pai,10,0.6312305927276611,6.522614472916469,216,8,2.0,1,2.035724000000016
heart,270,13,216,4,pai,11,0.6480643153190613,6.368434264642934,216,8,2.0,1,2.035724000000016
heart,270,13,216,4,pai,12,0.5957794189453125,4.129966274912418,216,8,2.0,1,2.035724000000016
heart,270,13,216,4,nrs,0,-0.032407407407407385,-1.0,-1,-1,2.0,1,0.012656875000004675
heart,270,13,216,4,nrs,1,-0.02314814814814814,-1.0,-1,-1,2.0,1,0.012656875000004675
heart,270,13,216,4,nrs,2,0.02314814814814814,-1.0,-1,-1,2.0,1,0.012656875000004675
heart,270,13,216,4,nrs,3,0.01851851851851849,-1.0,-1,-1,2.0,1,0.012656875000004675
heart,270,13,216,4,nrs,4,-0.02777777777777779,-1.0,-1,-1,2.0,1,0.012656875000004675
heart,270,13,216,4,nrs,5,-0.04629629629629628,-1.0,-1,-1,2.0,1,0.012656875000004675
heart,270,13,216,4,nrs,6,-0.00462962962962965,-1.0,-1,-1,2.0,1,0.012656875000004675
heart,270,13,216,4,nrs,7,0.0,-1.0,-1,-1,2.0,1,0.012656875000004675
heart,270,13,216,4,nrs,8,0.009259259259259245,-1.0,-1,-1,2.0,1,0.012656875000004675
heart,270,13,216,4,nrs,9,-0.009259259259259245,-1.0,-1,-1,2.0,1,0.012656875000004675
heart,270,13,216,4,nrs,10,0.0,-1.0,-1,-1,2.0,1,0.012656875000004675
heart,270,13,216,4,nrs,11,0.009259259259259245,-1.0,-1,-1,2.0,1,0.012656875000004675
heart,270,13,216,4,nrs,12,0.060185185185185175,-1.0,-1,-1,2.0,1,0.012656875000004675
heart,270,13,216,4,relieff,0,0.029639274691358037,-1.0,-1,-1,2.0,1,0.04034512499998755
heart,270,13,216,4,relieff,1,0.11249999999999999,-1.0,-1,-1,2.0,1,0.04034512499998755
heart,270,13,216,4,relieff,2,0.14722222222222223,-1.0,-1,-1,2.0,1,0.04034512499998755
heart,270,13,216,4,relieff,3,0.04333427815570672,-1.0,-1,-1,2.0,1,0.04034512499998755
heart,270,13,216,4,relieff,4,0.056447657703365434,-1.0,-1,-1,2.0,1,0.04034512499998755
heart,270,13,216,4,relieff,5,0.017592592592592597,-1.0,-1,-1,2.0,1,0.04034512499998755
heart,270,13,216,4,relieff,6,0.06018518518518524,-1.0,-1,-1,2.0,1,0.04034512499998755
heart,270,13,216,4,relieff,7,0.05558029403449249,-1.0,-1,-1,2.0,1,0.04034512499998755
heart,270,13,216,4,relieff,8,0.04953703703703703,-1.0,-1,-1,2.0,1,0.04034512499998755
heart,270,13,216,4,relieff,9,0.04759557945041817,-1.0,-1,-1,2.0,1,0.04034512499998755
heart,270,13,216,4,relieff,10,0.0731481481481481,-1.0,-1,-1,2.0,1,0.04034512499998755
heart,270,13,216,4,relieff,11,0.1634259259259258,-1.0,-1,-1,2.0,1,0.04034512499998755
heart,270,13,216,4,relieff,12,0.16990740740740737,-1.0,-1,-1,2.0,1,0.04034512499998755
heart,270,13,216,4,mutual_info,0,0.0,-1.0,-1,-1,2.0,1,0.008242666999990433
heart,270,13,216,4,mutual_info,1,0.0,-1.0,-1,-1,2.0,1,0.008242666999990433
heart,270,13,216,4,mutual_info,2,0.13108831328160098,-1.0,-1,-1,2.0,1,0.008242666999990433
heart,270,13,216,4,mutual_info,3,0.0,-1.0,-1,-1,2.0,1,0.008242666999990433
heart,270,13,216,4,mutual_info,4,0.009619305160760927,-1.0,-1,-1,2.0,1,0.008242666999990433
heart,270,13,216,4,mutual_info,5,0.0,-1.0,-1,-1,2.0,1,0.008242666999990433
heart,270,13,216,4,mutual_info,6,0.04540369521394205,-1.0,-1,-1,2.0,1,0.008242666999990433
heart,270,13,216,4,mutual_info,7,0.0655728098211974,-1.0,-1,-1,2.0,1,0.008242666999990433
heart,270,13,216,4,mutual_info,8,0.05364904304477314,-1.0,-1,-1,2.0,1,0.008242666999990433
heart,270,13,216,4,mutual_info,9,0.0635742303403537,-1.0,-1,-1,2.0,1,0.008242666999990433
heart,270,13,216,4,mutual_info,10,0.1484379549142234,-1.0,-1,-1,2.0,1,0.008242666999990433
heart,270,13,216,4,mutual_info,11,0.10054498735912554,-1.0,-1,-1,2.0,1,0.008242666999990433
heart,270,13,216,4,mutual_info,12,0.21237691263898784,-1.0,-1,-1,2.0,1,0.008242666999990433
heart,270,13,216,4,variance,0,0.9567140010895255,-1.0,-1,-1,2.0,1,1.8540999974447914e-05
heart,270,13,216,4,variance,1,0.9876892155015347,-1.0,-1,-1,2.0,1,1.8540999974447914e-05
heart,270,13,216,4,variance,2,1.0118200988392492,-1.0,-1,-1,2.0,1,1.8540999974447914e-05
heart,270,13,216,4,variance,3,0.9435898337197324,-1.0,-1,-1,2.0,1,1.8540999974447914e-05
heart,270,13,216,4,variance,4,1.0593091771841143,-1.0,-1,-1,2.0,1,1.8540999974447914e-05
heart,270,13,216,4,variance,5,1.0509510869565208,-1.0,-1,-1,2.0,1,1.8540999974447914e-05
heart,270,13,216,4,variance,6,0.9996465557767832,-1.0,-1,-1,2.0,1,1.8540999974447914e-05
heart,270,13,216,4,variance,7,0.9408599771131229,-1.0,-1,-1,2.0,1,1.8540999974447914e-05
heart,270,13,216,4,variance,8,0.9761623936929664,-1.0,-1,-1,2.0,1,1.8540999974447914e-05
heart,270,13,216,4,variance,9,0.8907713101145196,-1.0,-1,-1,2.0,1,1.8540999974447914e-05
heart,270,13,216,4,variance,10,1.002550973883862,-1.0,-1,-1,2.0,1,1.8540999974447914e-05
heart,270,13,216,4,variance,11,1.003120701911637,-1.0,-1,-1,2.0,1,1.8540999974447914e-05
heart,270,13,216,4,variance,12,0.9977434414482927,-1.0,-1,-1,2.0,1,1.8540999974447914e-05
