dataset,n,d,n_classes,method,k_selected,selected_features,trustworthiness,knn_overlap,cluster_ari,wass_persist,importance_time_sec
iris,150,4,3,pai,1,1,0.6790681536555143,0.266,0.28501453875307525,35.72505106590852,1.160744834
iris,150,4,3,pai,2,1|2,0.9614275092936803,0.5540000000000002,0.6620871263015646,27.642022015084112,1.160744834
iris,150,4,3,pai,3,0|1|2,0.9866666666666667,0.7813333333333334,0.8841398951902967,11.494474110022896,1.160744834
iris,150,4,3,pai,4,0|1|2|3,0.999995043370508,1.0,1.0,0.0,1.160744834
iris,150,4,3,nrs,1,3,0.8527980173482033,0.25066666666666665,0.6642663553465818,37.43193251233616,0.0030630419999999603
iris,150,4,3,nrs,2,2|3,0.8902403965303594,0.308,0.6882930101979979,35.66699298966986,0.0030630419999999603
iris,150,4,3,nrs,3,0|2|3,0.9357967781908303,0.5,0.8326894712256736,24.581141839246996,0.0030630419999999603
iris,150,4,3,nrs,4,0|1|2|3,0.999995043370508,1.0,1.0,0.0,0.0030630419999999603
iris,150,4,3,relieff,1,3,0.8527980173482033,0.25066666666666665,0.6642663553465818,37.43193251233616,0.024826749999999898
iris,150,4,3,relieff,2,2|3,0.8902403965303594,0.308,0.6882930101979979,35.66699298966986,0.024826749999999898
iris,150,4,3,relieff,3,0|2|3,0.9357967781908303,0.5,0.8326894712256736,24.581141839246996,0.024826749999999898
iris,150,4,3,relieff,4,0|1|2|3,0.999995043370508,1.0,1.0,0.0,0.024826749999999898
iris,150,4,3,mutual_info,1,2,0.8697397769516728,0.2633333333333333,0.6523717102000115,38.64074532730147,0.00323320799999971
iris,150,4,3,mutual_info,2,2|3,0.8902403965303594,0.308,0.6882930101979979,35.66699298966986,0.00323320799999971
iris,150,4,3,mutual_info,3,0|2|3,0.9357967781908303,0.5,0.8326894712256736,24.581141839246996,0.00323320799999971
iris,150,4,3,mutual_info,4,0|1|2|3,0.999995043370508,1.0,1.0,0.0,0.00323320799999971
iris,150,4,3,variance,1,2,0.8697397769516728,0.2633333333333333,0.6523717102000115,38.64074532730147,1.5583999999790876e-05
iris,150,4,3,variance,2,2|3,0.8902403965303594,0.308,0.6882930101979979,35.66699298966986,1.5583999999790876e-05
iris,150,4,3,variance,3,0|2|3,0.9357967781908303,0.5,0.8326894712256736,24.581141839246996,1.5583999999790876e-05
iris,150,4,3,variance,4,0|1|2|3,0.999995043370508,1.0,1.0,0.0,1.5583999999790876e-05
wine,178,13,3,pai,1,1,0.6489369057908383,0.12134831460674159,0.2072020549967849,133.94015782482373,3.4481954580000003
wine,178,13,3,pai,2,1|2,0.7076577355229041,0.19438202247191008,0.148890472120843,143.64138025743028,3.4481954580000003
wine,178,13,3,pai,3,1|2|8,0.7888815903197925,0.252247191011236,0.31705260250023504,136.8650101525989,3.4481954580000003
wine,178,13,3,pai,4,1|2|4|8,0.8329783923941227,0.31741573033707865,0.3499248689590356,116.79239221967416,3.4481954580000003
wine,178,13,3,pai,5,1|2|4|8|12,0.8792808988764045,0.3747191011235955,0.5124056614719484,101.18983113855471,3.4481954580000003
wine,178,13,3,pai,6,1|2|3|4|8|12,0.8968331892826275,0.42471910112359545,0.4918060797147231,87.84269219462308,3.4481954580000003
wine,178,13,3,pai,7,1|2|3|4|7|8|12,0.9270527225583405,0.5044943820224718,0.544751942686192,69.27325258359693,3.4481954580000003
wine,178,13,3,pai,8,1|2|3|4|7|8|9|12,0.9638928262748487,0.6202247191011236,0.6364061547298867,54.423929724301395,3.4481954580000003
wine,178,13,3,pai,9,1|2|3|4|5|7|8|9|12,0.9823681936041486,0.6859550561797753,0.747191125844841,42.86401140284374,3.4481954580000003
wine,178,13,3,pai,10,1|2|3|4|5|7|8|9|11|12,0.9858910976663786,0.7280898876404496,0.8192500987492898,34.877819476724554,3.4481954580000003
wine,178,13,3,pai,11,0|1|2|3|4|5|7|8|9|11|12,0.993362143474503,0.8179775280898878,0.8841198664864642,18.224576097056193,3.4481954580000003
wine,178,13,3,pai,12,0|1|2|3|4|5|7|8|9|10|11|12,0.998924805531547,0.9353932584269663,0.9468368564830926,5.614970537143549,3.4481954580000003
wine,178,13,3,pai,13,0|1|2|3|4|5|6|7|8|9|10|11|12,1.0,1.0,1.0,0.0,3.4481954580000003
wine,178,13,3,nrs,1,12,0.6882489196197061,0.14606741573033707,0.3543189207971098,133.59742552440986,0.010439708999999908
wine,178,13,3,nrs,2,0|12,0.7482973206568713,0.18595505617977529,0.48812233229743296,147.91333472637953,0.010439708999999908
wine,178,13,3,nrs,3,0|6|12,0.8584753673293,0.2707865168539326,0.8103323183760139,147.1482214020045,0.010439708999999908
wine,178,13,3,nrs,4,0|6|8|12,0.8846153846153846,0.3207865168539326,0.7833299617493931,127.33243302250831,0.010439708999999908
wine,178,13,3,nrs,5,0|6|8|9|12,0.8994053586862576,0.3595505617977528,0.8067880013843304,116.19827619299346,0.010439708999999908
wine,178,13,3,nrs,6,0|6|8|9|11|12,0.9047847882454624,0.37359550561797755,0.8529841218194189,107.96316732457652,0.010439708999999908
wine,178,13,3,nrs,7,0|5|6|8|9|11|12,0.9086015557476231,0.3870786516853933,0.8055919106739882,97.86143432059164,0.010439708999999908
wine,178,13,3,nrs,8,0|5|6|8|9|10|11|12,0.9213033707865168,0.4252808988764045,0.8815447524083856,86.61290527151401,0.010439708999999908
wine,178,13,3,nrs,9,0|2|5|6|8|9|10|11|12,0.9575315471045808,0.5382022471910112,0.8981691237455848,67.15757267045939,0.010439708999999908
wine,178,13,3,nrs,10,0|2|3|5|6|8|9|10|11|12,0.9653690579083838,0.5904494382022472,0.8982371727406676,54.783326666786365,0.010439708999999908
wine,178,13,3,nrs,11,0|1|2|3|5|6|8|9|10|11|12,0.9778565254969749,0.6775280898876405,0.9478795274683156,34.95962178481874,0.010439708999999908
wine,178,13,3,nrs,12,0|1|2|3|4|5|6|8|9|10|11|12,0.9897286084701815,0.8033707865168539,0.9835784812571405,15.439753274359406,0.010439708999999908
wine,178,13,3,nrs,13,0|1|2|3|4|5|6|7|8|9|10|11|12,1.0,1.0,1.0,0.0,0.010439708999999908
wine,178,13,3,relieff,1,11,0.7184373379429558,0.150561797752809,0.35591374822063887,133.60778690131926,0.05164179200000074
wine,178,13,3,relieff,2,6|11,0.8023370786516854,0.21629213483146068,0.6053798861740197,145.18115973188685,0.05164179200000074
wine,178,13,3,relieff,3,6|11|12,0.8490924805531547,0.2533707865168539,0.7945547715504521,147.57024546597415,0.05164179200000074
wine,178,13,3,relieff,4,5|6|11|12,0.8472497839239412,0.26853932584269663,0.7071149367668317,141.1232712333255,0.05164179200000074
wine,178,13,3,relieff,5,5|6|9|11|12,0.8724874675885912,0.3039325842696629,0.8497209307733662,128.17561550218358,0.05164179200000074
wine,178,13,3,relieff,6,0|5|6|9|11|12,0.8855177182368194,0.3539325842696629,0.8979610632498066,113.40133922975717,0.05164179200000074
wine,178,13,3,relieff,7,0|5|6|9|10|11|12,0.9053863439930856,0.3882022471910112,0.8806060677409713,100.85594795939,0.05164179200000074
wine,178,13,3,relieff,8,0|5|6|7|9|10|11|12,0.9342610198789973,0.46011235955056184,0.8652356965805547,84.71653692273081,0.05164179200000074
wine,178,13,3,relieff,9,0|1|5|6|7|9|10|11|12,0.9482765773552291,0.5202247191011236,0.8962560261098559,66.04411182908208,0.05164179200000074
wine,178,13,3,relieff,10,0|1|5|6|7|8|9|10|11|12,0.9639481417458946,0.5691011235955057,0.8799885594556773,52.90579935797092,0.05164179200000074
wine,178,13,3,relieff,11,0|1|3|5|6|7|8|9|10|11|12,0.9790527225583405,0.6589887640449439,0.8800686735752202,35.54663539102271,0.05164179200000074
wine,178,13,3,relieff,12,0|1|3|4|5|6|7|8|9|10|11|12,0.9890613656006915,0.7747191011235954,0.9128321982465731,19.76117080541164,0.05164179200000074
wine,178,13,3,relieff,13,0|1|2|3|4|5|6|7|8|9|10|11|12,1.0,1.0,1.0,0.0,0.05164179200000074
wine,178,13,3,mutual_info,1,6,0.7741158167675022,0.1853932584269663,0.5229404759664215,132.61618737232507,0.00983120800000048
wine,178,13,3,mutual_info,2,6|12,0.8216456352636128,0.2314606741573034,0.6499704385263129,145.73379649449896,0.00983120800000048
wine,178,13,3,mutual_info,3,6|9|12,0.8793742437337942,0.298876404494382,0.830238514343921,147.93154979659064,0.00983120800000048
wine,178,13,3,mutual_info,4,6|9|11|12,0.8734485738980121,0.29438202247191014,0.8820809831031126,139.70771960053435,0.00983120800000048
wine,178,13,3,mutual_info,5,0|6|9|11|12,0.8827035436473638,0.3393258426966292,0.8340949984457213,125.89693889021905,0.00983120800000048
wine,178,13,3,mutual_info,6,0|6|9|10|11|12,0.9014589455488332,0.37247191011235947,0.9297879876019906,110.2782705441602,0.00983120800000048
wine,178,13,3,mutual_info,7,0|5|6|9|10|11|12,0.9053863439930856,0.3882022471910112,0.8806060677409713,100.85594795939,0.00983120800000048
wine,178,13,3,mutual_info,8,0|5|6|8|9|10|11|12,0.9213033707865168,0.4252808988764045,0.8815447524083856,86.61290527151401,0.00983120800000048
wine,178,13,3,mutual_info,9,0|1|5|6|8|9|10|11|12,0.9367709593777009,0.49044943820224723,0.9128238775663614,71.29213474531397,0.00983120800000048
wine,178,13,3,mutual_info,10,0|1|3|5|6|8|9|10|11|12,0.9627450302506482,0.5825842696629213,0.864142610156697,53.35693493467322,0.00983120800000048
wine,178,13,3,mutual_info,11,0|1|3|4|5|6|8|9|10|11|12,0.9777839239412273,0.6679775280898876,0.9296874553486062,35.53279525486293,0.00983120800000048
wine,178,13,3,mutual_info,12,0|1|3|4|5|6|7|8|9|10|11|12,0.9890613656006915,0.7747191011235954,0.9128321982465731,19.76117080541164,0.00983120800000048
wine,178,13,3,mutual_info,13,0|1|2|3|4|5|6|7|8|9|10|11|12,1.0,1.0,1.0,0.0,0.00983120800000048
wine,178,13,3,variance,1,3,0.6359273984442524,0.11292134831460675,0.13291376409566033,134.04555981710797,1.6542000000008272e-05
wine,178,13,3,variance,2,3|8,0.7482627484874675,0.18595505617977529,0.14608583079100063,142.6410517725116,1.6542000000008272e-05
wine,178,13,3,variance,3,3|8|10,0.8322108902333621,0.2679775280898877,0.3992575566685883,134.41001812059062,1.6542000000008272e-05
wine,178,13,3,variance,4,2|3|8|10,0.8711633535004322,0.32865168539325845,0.2888677967592967,115.31444390616002,1.6542000000008272e-05
wine,178,13,3,variance,5,2|3|5|8|10,0.9065963699222126,0.3865168539325843,0.4355496089722562,101.27606610969325,1.6542000000008272e-05
wine,178,13,3,variance,6,2|3|5|6|8|10,0.9244459809853068,0.42247191011235946,0.4721602873787867,96.26237217886376,1.6542000000008272e-05
wine,178,13,3,variance,7,2|3|5|6|8|9|10,0.9430077787381158,0.47303370786516846,0.6629722344536048,86.4831875200008,1.6542000000008272e-05
wine,178,13,3,variance,8,2|3|5|6|8|9|10|11,0.9439135695764909,0.49157303370786515,0.6647423926490501,77.90907155902408,1.6542000000008272e-05
wine,178,13,3,variance,9,2|3|4|5|6|8|9|10|11,0.9580743301642178,0.5528089887640449,0.6658443564178742,64.78396609278234,1.6542000000008272e-05
wine,178,13,3,variance,10,2|3|4|5|6|7|8|9|10|11,0.9653483146067415,0.6123595505617978,0.6941244901378024,52.49060049609941,1.6542000000008272e-05
wine,178,13,3,variance,11,2|3|4|5|6|7|8|9|10|11|12,0.9789939498703544,0.6910112359550562,0.8058069523099405,39.72828214201021,1.6542000000008272e-05
wine,178,13,3,variance,12,0|2|3|4|5|6|7|8|9|10|11|12,0.9865272255834053,0.7904494382022471,0.9514811549462612,24.419665422222483,1.6542000000008272e-05
wine,178,13,3,variance,13,0|1|2|3|4|5|6|7|8|9|10|11|12,1.0,1.0,1.0,0.0,1.6542000000008272e-05
wdbc,569,30,2,pai,1,1,0.5762924225610153,0.03954305799648507,0.14539459577371727,283.43017360424153,44.740448042000004
wdbc,569,30,2,pai,2,1|28,0.6645183311821401,0.08154657293497365,0.2182620102118111,314.4754372628947,44.740448042000004
wdbc,569,30,2,pai,3,1|4|28,0.7413198959171783,0.1304042179261863,0.2495012873678649,337.6955710014671,44.740448042000004
wdbc,569,30,2,pai,4,1|4|18|28,0.7719846384169758,0.17205623901581724,0.1997019953208197,317.31955177241156,44.740448042000004
wdbc,569,30,2,pai,5,1|4|17|18|28,0.8527990118799841,0.23128295254833045,0.35371998492189394,298.0444714216321,44.740448042000004
wdbc,569,30,2,pai,6,1|4|8|17|18|28,0.8520645897730214,0.23216168717047456,0.30857432305161975,294.2429077796153,44.740448042000004
wdbc,569,30,2,pai,7,1|4|8|14|17|18|28,0.8703997409042632,0.26449912126537783,0.24350905098802192,274.97147558196815,44.740448042000004
wdbc,569,30,2,pai,8,1|4|8|14|17|18|24|28,0.8745643238506199,0.2854130052724078,0.26917899235767434,268.71847939533353,44.740448042000004
wdbc,569,30,2,pai,9,1|4|8|11|14|17|18|24|28,0.876217964288606,0.31388400702987695,0.2507820295069452,252.9256586236649,44.740448042000004
wdbc,569,30,2,pai,10,1|4|8|11|14|17|18|21|24|28,0.8771927484945616,0.3163444639718805,0.27708830582731264,247.6635323783722,44.740448042000004
wdbc,569,30,2,pai,11,1|4|8|11|14|17|18|21|24|28|29,0.901033684033384,0.378207381370826,0.31448477374632733,234.45757485199243,44.740448042000004
wdbc,569,30,2,pai,12,1|4|8|9|11|14|17|18|21|24|28|29,0.9150508904034559,0.4100175746924429,0.2692931261624876,218.79270320966666,44.740448042000004
wdbc,569,30,2,pai,13,1|4|8|9|11|14|17|18|21|24|26|28|29,0.9371111777901611,0.4616871704745167,0.3940314291913072,199.17958463887572,44.740448042000004
wdbc,569,30,2,pai,14,1|4|8|9|11|14|17|18|21|24|25|26|28|29,0.9419203248857327,0.4882249560632688,0.48784328393309434,184.3192942076394,44.740448042000004
wdbc,569,30,2,pai,15,1|4|8|9|11|14|17|18|19|21|24|25|26|28|29,0.9420927378576657,0.5057996485061511,0.4536653167394483,174.3905389168251,44.740448042000004
wdbc,569,30,2,pai,16,1|4|8|9|11|14|15|17|18|19|21|24|25|26|28|29,0.9418869853607733,0.5209138840070299,0.4473985380030735,162.02533068490027,44.740448042000004
wdbc,569,30,2,pai,17,1|4|8|9|10|11|14|15|17|18|19|21|24|25|26|28|29,0.9727651008203111,0.5878734622144113,0.5115047071318288,129.3199715179982,44.740448042000004
wdbc,569,30,2,pai,18,1|2|4|8|9|10|11|14|15|17|18|19|21|24|25|26|28|29,0.9924157343506651,0.6789103690685413,0.6165223240989596,110.91994346591957,44.740448042000004
wdbc,569,30,2,pai,19,1|2|4|8|9|10|11|14|15|16|17|18|19|21|24|25|26|28|29,0.9921798175216667,0.6892794376098419,0.6055089099691361,98.49143265849554,44.740448042000004
wdbc,569,30,2,pai,20,1|2|4|8|9|10|11|14|15|16|17|18|19|21|24|25|26|27|28|29,0.9939249035138271,0.7200351493848858,0.6869484586613764,80.98090243142634,44.740448042000004
wdbc,569,30,2,pai,21,0|1|2|4|8|9|10|11|14|15|16|17|18|19|21|24|25|26|27|28|29,0.9969778514422519,0.777328646748682,0.7535349696110372,67.00227912149556,44.740448042000004
wdbc,569,30,2,pai,22,0|1|2|4|5|8|9|10|11|14|15|16|17|18|19|21|24|25|26|27|28|29,0.9972045602119759,0.791212653778559,0.7410619407958444,60.201297695027165,44.740448042000004
wdbc,569,30,2,pai,23,0|1|2|4|5|8|9|10|11|12|14|15|16|17|18|19|21|24|25|26|27|28|29,0.9977929234476879,0.8123022847100176,0.7909658302326155,45.747487605959385,44.740448042000004
wdbc,569,30,2,pai,24,0|1|2|3|4|5|8|9|10|11|12|14|15|16|17|18|19|21|24|25|26|27|28|29,0.9987010286037248,0.8493848857644992,0.8361841683358187,35.0289606442006,44.740448042000004
wdbc,569,30,2,pai,25,0|1|2|3|4|5|8|9|10|11|12|14|15|16|17|18|19|20|21|24|25|26|27|28|29,0.9994154469957119,0.8876977152899824,0.9232187430806386,29.601523873359547,44.740448042000004
wdbc,569,30,2,pai,26,0|1|2|3|4|5|8|9|10|11|12|14|15|16|17|18|19|20|21|23|24|25|26|27|28|29,0.9995770643119436,0.9077328646748684,0.9577918972672764,23.301958466847232,44.740448042000004
wdbc,569,30,2,pai,27,0|1|2|3|4|5|6|8|9|10|11|12|14|15|16|17|18|19|20|21|23|24|25|26|27|28|29,0.9997459845717379,0.9282952548330405,0.9647562983318809,15.03300414507551,44.740448042000004
wdbc,569,30,2,pai,28,0|1|2|3|4|5|6|7|8|9|10|11|12|14|15|16|17|18|19|20|21|23|24|25|26|27|28|29,0.9998291746244937,0.9467486818980668,0.9787692249942878,9.194759760476904,44.740448042000004
wdbc,569,30,2,pai,29,0|1|2|3|4|5|6|7|8|9|10|11|12|14|15|16|17|18|19|20|21|22|23|24|25|26|27|28|29,0.9999187150629562,0.9771528998242531,0.9858306724396363,2.4308579898468046,44.740448042000004
wdbc,569,30,2,pai,30,0|1|2|3|4|5|6|7|8|9|10|11|12|13|14|15|16|17|18|19|20|21|22|23|24|25|26|27|28|29,1.0,1.0,1.0,0.0,44.740448042000004
wdbc,569,30,2,nrs,1,28,0.5882854434871239,0.0421792618629174,0.17541179403092716,283.2003478201968,0.062293750000002035
wdbc,569,30,2,nrs,2,0|28,0.7710301754452811,0.11704745166959578,0.6289898599570487,313.65651831759953,0.062293750000002035
wdbc,569,30,2,nrs,3,0|21|28,0.8254377400247348,0.18488576449912128,0.5031334698301547,336.7521151922342,0.062293750000002035
wdbc,569,30,2,nrs,4,0|7|21|28,0.8961842119885757,0.24446397188049213,0.7413137147356887,321.2540538068147,0.062293750000002035
wdbc,569,30,2,nrs,5,0|7|8|21|28,0.8992285868962966,0.2553602811950791,0.7591940244476613,311.0280168229097,0.062293750000002035
wdbc,569,30,2,nrs,6,0|7|8|21|27|28,0.9130778255644302,0.2799648506151142,0.7850923084998248,305.9832125624116,0.062293750000002035
wdbc,569,30,2,nrs,7,0|7|8|19|21|27|28,0.9474349998333024,0.34569420035149384,0.7912738333024585,294.81057080908056,0.062293750000002035
wdbc,569,30,2,nrs,8,0|7|8|15|19|21|27|28,0.9511918880172985,0.35975395430579965,0.8763316500749302,279.8091088747,0.062293750000002035
wdbc,569,30,2,nrs,9,0|7|8|15|19|21|23|27|28,0.9576499127615764,0.3869947275922671,0.8826680844207282,269.435471796851,0.062293750000002035
wdbc,569,30,2,nrs,10,0|7|8|15|19|21|22|23|27|28,0.9575933943287881,0.3978910369068541,0.8558365174009955,265.2319804808821,0.062293750000002035
wdbc,569,30,2,nrs,11,0|3|7|8|15|19|21|22|23|27|28,0.9582862214093728,0.39789103690685407,0.7907495297688046,260.23482314127375,0.062293750000002035
wdbc,569,30,2,nrs,12,0|3|7|8|15|19|20|21|22|23|27|28,0.9580242679989776,0.3945518453427065,0.7463530717638166,258.1009199945325,0.062293750000002035
wdbc,569,30,2,nrs,13,0|3|6|7|8|15|19|20|21|22|23|27|28,0.9605914114208511,0.4086115992970123,0.7970693858306588,249.5517020728424,0.062293750000002035
wdbc,569,30,2,nrs,14,0|3|6|7|8|10|15|19|20|21|22|23|27|28,0.9674904704524491,0.4386643233743409,0.7842278853083341,236.94023110582134,0.062293750000002035
wdbc,569,30,2,nrs,15,0|3|6|7|8|10|11|15|19|20|21|22|23|27|28,0.9734630082094611,0.46467486818980663,0.7842278853083341,218.27812502639688,0.062293750000002035
wdbc,569,30,2,nrs,16,0|3|6|7|8|10|11|12|15|19|20|21|22|23|27|28,0.9733236172432023,0.4680140597539543,0.7841096176993609,210.66525148670212,0.062293750000002035
wdbc,569,30,2,nrs,17,0|2|3|6|7|8|10|11|12|15|19|20|21|22|23|27|28,0.9731375509420004,0.46467486818980663,0.7460618241904438,207.9435462657834,0.062293750000002035
wdbc,569,30,2,nrs,18,0|2|3|6|7|8|10|11|12|13|15|19|20|21|22|23|27|28,0.9728263820423793,0.4615114235500879,0.7273200118796467,205.49198082487845,0.062293750000002035
wdbc,569,30,2,nrs,19,0|2|3|6|7|8|10|11|12|13|15|16|19|20|21|22|23|27|28,0.9745368584324391,0.4729349736379614,0.7459121251441532,198.4765651122104,0.062293750000002035
wdbc,569,30,2,nrs,20,0|2|3|5|6|7|8|10|11|12|13|15|16|19|20|21|22|23|27|28,0.9799242081465923,0.5057996485061511,0.7774629514059367,188.89334362002162,0.062293750000002035
wdbc,569,30,2,nrs,21,0|2|3|4|5|6|7|8|10|11|12|13|15|16|19|20|21|22|23|27|28,0.9882873486028357,0.5799648506151143,0.8226291656587278,175.06421030086395,0.062293750000002035
wdbc,569,30,2,nrs,22,0|1|2|3|4|5|6|7|8|10|11|12|13|15|16|19|20|21|22|23|27|28,0.988954456621309,0.6038664323374341,0.8030907314705101,152.8414268027302,0.062293750000002035
wdbc,569,30,2,nrs,23,0|1|2|3|4|5|6|7|8|10|11|12|13|15|16|17|19|20|21|22|23|27|28,0.9896263274290622,0.6156414762741651,0.8488942255470491,139.23612795374277,0.062293750000002035
wdbc,569,30,2,nrs,24,0|1|2|3|4|5|6|7|8|10|11|12|13|15|16|17|19|20|21|22|23|24|27|28,0.9935908732256625,0.6773286467486819,0.8755308700475247,113.29320825110186,0.062293750000002035
wdbc,569,30,2,nrs,25,0|1|2|3|4|5|6|7|8|10|11|12|13|15|16|17|19|20|21|22|23|24|25|27|28,0.9949974836596638,0.7073813708260105,0.8957930488590284,99.73168390334932,0.062293750000002035
wdbc,569,30,2,nrs,26,0|1|2|3|4|5|6|7|8|10|11|12|13|15|16|17|19|20|21|22|23|24|25|26|27|28,0.9952600721086297,0.7210896309314587,0.909407664043731,88.18002569450796,0.062293750000002035
wdbc,569,30,2,nrs,27,0|1|2|3|4|5|6|7|8|10|11|12|13|14|15|16|17|19|20|21|22|23|24|25|26|27|28,0.9971769360341524,0.7688927943760984,0.909407664043731,62.77058725141151,0.062293750000002035
wdbc,569,30,2,nrs,28,0|1|2|3|4|5|6|7|8|9|10|11|12|13|14|15|16|17|19|20|21|22|23|24|25|26|27|28,0.9981304464479911,0.820738137082601,0.9162045621170462,40.193375893892856,0.062293750000002035
wdbc,569,30,2,nrs,29,0|1|2|3|4|5|6|7|8|9|10|11|12|13|14|15|16|17|19|20|21|22|23|24|25|26|27|28|29,0.9986105356074064,0.8687170474516697,0.9577140072520045,20.79984595779199,0.062293750000002035
wdbc,569,30,2,nrs,30,0|1|2|3|4|5|6|7|8|9|10|11|12|13|14|15|16|17|18|19|20|21|22|23|24|25|26|27|28|29,1.0,1.0,1.0,0.0,0.062293750000002035
wdbc,569,30,2,relieff,1,20,0.695797791018332,0.07258347978910369,0.5354229726935429,283.89807593492344,0.21451904099999552
wdbc,569,30,2,relieff,2,20|27,0.8164005061257408,0.13919156414762746,0.7411891801392063,313.0379387037268,0.21451904099999552
wdbc,569,30,2,relieff,3,20|22|27,0.8188092074242359,0.13374340949033392,0.7157608474666883,322.2635010286022,0.21451904099999552
wdbc,569,30,2,relieff,4,20|21|22|27,0.8617749645569097,0.1977152899824253,0.7169343783208422,338.6893666078124,0.21451904099999552
wdbc,569,30,2,relieff,5,0|20|21|22|27,0.8663520050549071,0.2075571177504394,0.6856377053558096,331.1790137808248,0.21451904099999552
wdbc,569,30,2,relieff,6,0|2|20|21|22|27,0.8665298158546905,0.2070298769771529,0.6382477713916757,328.3506386813338,0.21451904099999552
wdbc,569,30,2,relieff,7,0|2|7|20|21|22|27,0.8880242838749418,0.23022847100175747,0.6970539154880582,315.0286325416468,0.21451904099999552
wdbc,569,30,2,relieff,8,0|2|7|20|21|22|23|27,0.8887329869197931,0.2314586994727592,0.6610581912170022,309.6165277527185,0.21451904099999552
wdbc,569,30,2,relieff,9,0|2|3|7|20|21|22|23|27,0.8886717056977248,0.22829525483304045,0.6371235576008714,305.20437249799363,0.21451904099999552
wdbc,569,30,2,relieff,10,0|2|3|6|7|20|21|22|23|27,0.9109621945662925,0.25711775043936735,0.6845142698154645,289.9887426287652,0.21451904099999552
wdbc,569,30,2,relieff,11,0|1|2|3|6|7|20|21|22|23|27,0.9120830376434989,0.26537785588752194,0.67865994398408,287.4379423556293,0.21451904099999552
wdbc,569,30,2,relieff,12,0|1|2|3|6|7|20|21|22|23|26|27,0.9158415134239216,0.2741652021089631,0.7399456810018493,274.318811275163,0.21451904099999552
wdbc,569,30,2,relieff,13,0|1|2|3|6|7|20|21|22|23|24|26|27,0.9368295381840754,0.3260105448154657,0.7715959749626744,265.42191453236927,0.21451904099999552
wdbc,569,30,2,relieff,14,0|1|2|3|6|7|10|20|21|22|23|24|26|27,0.9491578594754899,0.3652021089630932,0.7651238057809004,254.46504986947406,0.21451904099999552
wdbc,569,30,2,relieff,15,0|1|2|3|6|7|10|20|21|22|23|24|25|26|27,0.9553764746786308,0.39806678383128297,0.8034172071113611,242.63527095248364,0.21451904099999552
wdbc,569,30,2,relieff,16,0|1|2|3|6|7|10|13|20|21|22|23|24|25|26|27,0.9558289396602226,0.40087873462214413,0.790524395433825,238.41111675383237,0.21451904099999552
wdbc,569,30,2,relieff,17,0|1|2|3|6|7|9|10|13|20|21|22|23|24|25|26|27,0.9634405119680957,0.4446397188049209,0.790524395433825,229.15449320199627,0.21451904099999552
wdbc,569,30,2,relieff,18,0|1|2|3|6|7|9|10|12|13|20|21|22|23|24|25|26|27,0.9642206568521455,0.45008787346221435,0.7778388000020084,221.4469652201525,0.21451904099999552
wdbc,569,30,2,relieff,19,0|1|2|3|5|6|7|9|10|12|13|20|21|22|23|24|25|26|27,0.9666969897584154,0.4636203866432337,0.8032016478613644,217.4246710960909,0.21451904099999552
wdbc,569,30,2,relieff,20,0|1|2|3|4|5|6|7|9|10|12|13|20|21|22|23|24|25|26|27,0.9698245547188923,0.4775043936731107,0.8160953330014818,207.1471837246358,0.21451904099999552
wdbc,569,30,2,relieff,21,0|1|2|3|4|5|6|7|9|10|12|13|20|21|22|23|24|25|26|27|28,0.9815286330953527,0.551493848857645,0.8161970261889072,183.28109918968272,0.21451904099999552
wdbc,569,30,2,relieff,22,0|1|2|3|4|5|6|7|9|10|11|12|13|20|21|22|23|24|25|26|27|28,0.9874129004910436,0.5945518453427066,0.8161970261889072,157.4202414614489,0.21451904099999552
wdbc,569,30,2,relieff,23,0|1|2|3|4|5|6|7|9|10|11|12|13|18|20|21|22|23|24|25|26|27|28,0.9907687618176709,0.6493848857644992,0.8358483343639467,135.90888624874577,0.21451904099999552
wdbc,569,30,2,relieff,24,0|1|2|3|4|5|6|7|9|10|11|12|13|17|18|20|21|22|23|24|25|26|27|28,0.9931488863804865,0.6834797891036907,0.8490550738654236,112.37488192075742,0.21451904099999552
wdbc,569,30,2,relieff,25,0|1|2|3|4|5|6|7|9|10|11|12|13|14|17|18|20|21|22|23|24|25|26|27|28,0.9949469980932967,0.7223198594024605,0.8490550738654236,92.76062194352421,0.21451904099999552
wdbc,569,30,2,relieff,26,0|1|2|3|4|5|6|7|9|10|11|12|13|14|17|18|20|21|22|23|24|25|26|27|28|29,0.9960262461441252,0.7571177504393672,0.8688891105698531,69.47437868090915,0.21451904099999552
wdbc,569,30,2,relieff,27,0|1|2|3|4|5|6|7|9|10|11|12|13|14|15|17|18|20|21|22|23|24|25|26|27|28|29,0.9972448851612125,0.7964850615114236,0.8890177242447456,52.93478347971356,0.21451904099999552
wdbc,569,30,2,relieff,28,0|1|2|3|4|5|6|7|9|10|11|12|13|14|15|16|17|18|20|21|22|23|24|25|26|27|28|29,0.9974636559488032,0.8115992970123023,0.909407664043731,40.07308773739092,0.21451904099999552
wdbc,569,30,2,relieff,29,0|1|2|3|4|5|6|7|8|9|10|11|12|13|14|15|16|17|18|20|21|22|23|24|25|26|27|28|29,0.9995465824605522,0.9342706502636202,0.9230692088960183,13.88689995661172,0.21451904099999552
wdbc,569,30,2,relieff,30,0|1|2|3|4|5|6|7|8|9|10|11|12|13|14|15|16|17|18|19|20|21|22|23|24|25|26|27|28|29,1.0,1.0,1.0,0.0,0.21451904099999552
wdbc,569,30,2,mutual_info,1,22,0.7104236818583769,0.07891036906854129,0.5914851277395691,283.9846139135966,0.026149000000003753
wdbc,569,30,2,mutual_info,2,22|23,0.7636456294264173,0.0954305799648506,0.5179290371526883,293.1535580436932,0.026149000000003753
wdbc,569,30,2,mutual_info,3,20|22|23,0.7640437986102181,0.09279437609841827,0.5244546181027402,297.86482825703905,0.026149000000003753
wdbc,569,30,2,mutual_info,4,20|22|23|27,0.8192302379965803,0.1383128295254833,0.6606337215727919,324.49488852261294,0.026149000000003753
wdbc,569,30,2,mutual_info,5,7|20|22|23|27,0.8461012600752839,0.15940246045694198,0.6968721770140051,328.4194842402593,0.026149000000003753
wdbc,569,30,2,mutual_info,6,2|7|20|22|23|27,0.8489929082067622,0.1655536028119508,0.6666218381040727,326.89092897951446,0.026149000000003753
wdbc,569,30,2,mutual_info,7,2|6|7|20|22|23|27,0.8715885331085297,0.187170474516696,0.733703449294766,313.2490174406382,0.026149000000003753
wdbc,569,30,2,mutual_info,8,0|2|6|7|20|22|23|27,0.8724344044846424,0.1866432337434095,0.7028046546065254,307.6386524763879,0.026149000000003753
wdbc,569,30,2,mutual_info,9,0|2|3|6|7|20|22|23|27,0.8729891106761096,0.18664323374340952,0.648719233391821,302.0880444248658,0.026149000000003753
wdbc,569,30,2,mutual_info,10,0|2|3|6|7|13|20|22|23|27,0.8870593427668313,0.21072056239015818,0.6484901424021478,290.2779135369098,0.026149000000003753
wdbc,569,30,2,mutual_info,11,0|2|3|6|7|13|20|22|23|26|27,0.8889939877723323,0.22284710017574694,0.7087652215858038,274.24570617035454,0.026149000000003753
wdbc,569,30,2,mutual_info,12,0|2|3|6|7|12|13|20|22|23|26|27,0.8945038999306221,0.22688927943760984,0.6661938624560522,268.62640117839703,0.026149000000003753
wdbc,569,30,2,mutual_info,13,0|2|3|6|7|10|12|13|20|22|23|26|27,0.8947264809496367,0.224780316344464,0.6482572073596503,264.13083540220543,0.026149000000003753
wdbc,569,30,2,mutual_info,14,0|2|3|6|7|10|12|13|20|22|23|25|26|27,0.9027540035212889,0.2474516695957821,0.7211143389320803,257.1050932215155,0.026149000000003753
wdbc,569,30,2,mutual_info,15,0|2|3|5|6|7|10|12|13|20|22|23|25|26|27,0.9095438359187341,0.26959578207381374,0.7644367682186581,251.64181490509753,0.026149000000003753
wdbc,569,30,2,mutual_info,16,0|2|3|5|6|7|10|12|13|17|20|22|23|25|26|27,0.9172693976500398,0.29086115992970124,0.7965021160253482,242.67688431740237,0.026149000000003753
wdbc,569,30,2,mutual_info,17,0|2|3|5|6|7|10|12|13|17|20|21|22|23|25|26|27,0.9532678291047703,0.38506151142355005,0.8094742270376891,235.28930505014654,0.026149000000003753
wdbc,569,30,2,mutual_info,18,0|2|3|5|6|7|10|12|13|16|17|20|21|22|23|25|26|27,0.9565643143250413,0.39912126537785586,0.8159916835465802,230.38072840217512,0.026149000000003753
wdbc,569,30,2,mutual_info,19,0|2|3|5|6|7|10|12|13|16|17|20|21|22|23|24|25|26|27,0.9713210231106412,0.4620386643233743,0.8422715767992549,220.1062497487149,0.026149000000003753
wdbc,569,30,2,mutual_info,20,0|1|2|3|5|6|7|10|12|13|16|17|20|21|22|23|24|25|26|27,0.971238468096456,0.47082601054481543,0.8356700302320555,206.6282570255688,0.026149000000003753
wdbc,569,30,2,mutual_info,21,0|1|2|3|5|6|7|10|12|13|16|17|20|21|22|23|24|25|26|27|28,0.9834105698994893,0.541652021089631,0.8690246388014649,183.07005129378044,0.026149000000003753
wdbc,569,30,2,mutual_info,22,0|1|2|3|4|5|6|7|10|12|13|16|17|20|21|22|23|24|25|26|27|28,0.9856782926352989,0.5724077328646748,0.8690246388014649,167.92297016314248,0.026149000000003753
wdbc,569,30,2,mutual_info,23,0|1|2|3|4|5|6|7|10|12|13|15|16|17|20|21|22|23|24|25|26|27|28,0.9877275621028032,0.5936731107205624,0.9025896839690976,152.5533606275774,0.026149000000003753
wdbc,569,30,2,mutual_info,24,0|1|2|3|4|5|6|7|8|10|12|13|15|16|17|20|21|22|23|24|25|26|27|28,0.9899089195930038,0.6362038664323374,0.8958463874105429,129.20165082070304,0.026149000000003753
wdbc,569,30,2,mutual_info,25,0|1|2|3|4|5|6|7|8|10|12|13|15|16|17|20|21|22|23|24|25|26|27|28|29,0.9919277072091166,0.6859402460456943,0.9231077983843683,109.61253952583809,0.026149000000003753
wdbc,569,30,2,mutual_info,26,0|1|2|3|4|5|6|7|8|10|12|13|15|16|17|19|20|21|22|23|24|25|26|27|28|29,0.9931479338226306,0.7012302284710018,0.9299900230120204,97.39222275129252,0.026149000000003753
wdbc,569,30,2,mutual_info,27,0|1|2|3|4|5|6|7|8|10|12|13|15|16|17|18|19|20|21|22|23|24|25|26|27|28|29,0.9961827831517917,0.7585237258347979,0.936862708350801,80.60631155819891,0.026149000000003753
wdbc,569,30,2,mutual_info,28,0|1|2|3|4|5|6|7|8|10|12|13|14|15|16|17|18|19|20|21|22|23|24|25|26|27|28|29,0.9979535882060636,0.8126537785588753,0.936862708350801,47.285726230201604,0.026149000000003753
wdbc,569,30,2,mutual_info,29,0|1|2|3|4|5|6|7|8|9|10|12|13|14|15|16|17|18|19|20|21|22|23|24|25|26|27|28|29,0.998321275538473,0.8481546572934974,0.9647075314733741,30.03611071352214,0.026149000000003753
wdbc,569,30,2,mutual_info,30,0|1|2|3|4|5|6|7|8|9|10|11|12|13|14|15|16|17|18|19|20|21|22|23|24|25|26|27|28|29,1.0,1.0,1.0,0.0,0.026149000000003753
wdbc,569,30,2,variance,1,15,0.6292266976565489,0.0460456942003515,0.23323086842135204,282.94693711252603,3.0999999999892225e-05
wdbc,569,30,2,variance,2,15|17,0.6914509520021972,0.06836555360281196,0.2704186897327452,307.3993346254877,3.0999999999892225e-05
wdbc,569,30,2,variance,3,3|15|17,0.8335246387027432,0.15782073813708258,0.5568395386356169,326.33094441982865,3.0999999999892225e-05
wdbc,569,30,2,variance,4,1|3|15|17,0.8759042552347023,0.21933216168717048,0.573115441060576,316.4537214192084,3.0999999999892225e-05
wdbc,569,30,2,variance,5,1|3|7|15|17,0.915744035003326,0.262390158172232,0.7352440429728178,299.95633784408517,3.0999999999892225e-05
wdbc,569,30,2,variance,6,1|3|4|7|15|17,0.9353733947415631,0.3056239015817223,0.7917437241191495,291.5055137078611,3.0999999999892225e-05
wdbc,569,30,2,variance,7,1|3|4|7|15|17|19,0.9363611972382173,0.3181019332161687,0.7061476728892077,283.514814742235,3.0999999999892225e-05
wdbc,569,30,2,variance,8,1|3|4|7|8|15|17|19,0.9494115573844666,0.3507908611599297,0.6758959867437899,274.70353008835565,3.0999999999892225e-05
wdbc,569,30,2,variance,9,1|3|4|7|8|15|17|19|24,0.958000454052578,0.37926186291739894,0.6937754873058625,262.8676618939208,3.0999999999892225e-05
wdbc,569,30,2,variance,10,1|3|4|7|8|15|17|19|24|25,0.9715547173046423,0.4339191564147627,0.6820982840024465,249.52281677848097,3.0999999999892225e-05
wdbc,569,30,2,variance,11,1|3|4|7|8|13|15|17|19|24|25,0.9772465680134247,0.4620386643233743,0.7850923084998248,235.51151543091336,3.0999999999892225e-05
wdbc,569,30,2,variance,12,1|3|4|7|8|13|15|17|19|22|24|25,0.9805970315122015,0.49701230228471005,0.9028263056938803,230.714911055297,3.0999999999892225e-05
wdbc,569,30,2,variance,13,1|3|4|7|8|12|13|15|17|19|22|24|25,0.9821462081053148,0.5087873462214412,0.9232887089223705,220.42908751143543,3.0999999999892225e-05
wdbc,569,30,2,variance,14,1|2|3|4|7|8|12|13|15|17|19|22|24|25,0.9828037905452283,0.5251318101933216,0.9094976000989929,215.017463049663,3.0999999999892225e-05
wdbc,569,30,2,variance,15,1|2|3|4|7|8|11|12|13|15|17|19|22|24|25,0.9887931568243626,0.5806678383128295,0.9094976000989929,194.71770985684964,3.0999999999892225e-05
wdbc,569,30,2,variance,16,1|2|3|4|7|8|11|12|13|15|16|17|19|22|24|25,0.9896355354883367,0.5940246045694201,0.9301218270805355,185.15533883278465,3.0999999999892225e-05
wdbc,569,30,2,variance,17,1|2|3|4|7|8|11|12|13|15|16|17|19|20|22|24|25,0.9899829015864852,0.5977152899824253,0.9094531063411884,181.06743320581788,3.0999999999892225e-05
wdbc,569,30,2,variance,18,1|2|3|4|7|8|11|12|13|15|16|17|19|20|22|24|25|26,0.9907462179484127,0.6191564147627416,0.9577538301974167,171.93914220611876,3.0999999999892225e-05
wdbc,569,30,2,variance,19,1|2|3|4|6|7|8|11|12|13|15|16|17|19|20|22|24|25|26,0.9904868046923,0.6173989455184534,0.9507420529592471,166.67235274449706,3.0999999999892225e-05
wdbc,569,30,2,variance,20,1|2|3|4|6|7|8|11|12|13|15|16|17|19|20|22|23|24|25|26,0.9904560053216233,0.6184534270650264,0.9231077983843683,161.42430703886498,3.0999999999892225e-05
wdbc,569,30,2,variance,21,1|2|3|4|6|7|8|9|11|12|13|15|16|17|19|20|22|23|24|25|26,0.9917213196736536,0.6495606326889279,0.9507420529592471,147.96254832177843,3.0999999999892225e-05
wdbc,569,30,2,variance,22,1|2|3|4|6|7|8|9|11|12|13|15|16|17|18|19|20|22|23|24|25|26,0.996262480492409,0.719859402460457,0.9507420529592471,120.41378711679783,3.0999999999892225e-05
wdbc,569,30,2,variance,23,1|2|3|4|6|7|8|9|11|12|13|15|16|17|18|19|20|22|23|24|25|26|28,0.997552561348695,0.7634446397188048,0.9717358366625701,99.34805967421161,3.0999999999892225e-05
wdbc,569,30,2,variance,24,1|2|3|4|5|6|7|8|9|11|12|13|15|16|17|18|19|20|22|23|24|25|26|28,0.9974607982752353,0.7669595782073814,0.971722662434715,91.13500135397477,3.0999999999892225e-05
wdbc,569,30,2,variance,25,1|2|3|4|5|6|7|8|9|11|12|13|15|16|17|18|19|20|22|23|24|25|26|28|29,0.9976678208492689,0.782249560632689,0.971722662434715,77.78803854499188,3.0999999999892225e-05
wdbc,569,30,2,variance,26,1|2|3|4|5|6|7|8|9|11|12|13|15|16|17|18|19|20|22|23|24|25|26|27|28|29,0.9979100880639737,0.7889279437609842,0.9577341388072863,70.4296705752848,3.0999999999892225e-05
wdbc,569,30,2,variance,27,1|2|3|4|5|6|7|8|9|11|12|13|14|15|16|17|18|19|20|22|23|24|25|26|27|28|29,0.9989118614091823,0.8469244288224955,0.9647241537125123,43.25588264057846,3.0999999999892225e-05
wdbc,569,30,2,variance,28,1|2|3|4|5|6|7|8|9|10|11|12|13|14|15|16|17|18|19|20|22|23|24|25|26|27|28|29,0.998950281242707,0.8599297012302286,0.971722662434715,28.75205935933219,3.0999999999892225e-05
wdbc,569,30,2,variance,29,1|2|3|4|5|6|7|8|9|10|11|12|13|14|15|16|17|18|19|20|21|22|23|24|25|26|27|28|29,0.9998488608201841,0.9486818980667837,0.9858178932634312,9.49165920216134,3.0999999999892225e-05
wdbc,569,30,2,variance,30,0|1|2|3|4|5|6|7|8|9|10|11|12|13|14|15|16|17|18|19|20|21|22|23|24|25|26|27|28|29,1.0,1.0,1.0,0.0,3.0999999999892225e-05
ionosphere,351,34,2,pai,1,17,0.582092467338369,0.09116809116809117,0.03658080379038306,144.83330182531782,29.548181457999995
ionosphere,351,34,2,pai,2,11|17,0.6946845504222554,0.21225071225071226,0.12759989691166193,146.01932237049158,29.548181457999995
ionosphere,351,34,2,pai,3,11|17|29,0.737994488814161,0.24358974358974358,0.12782359208644214,122.21651722892078,29.548181457999995
ionosphere,351,34,2,pai,4,11|17|29|33,0.7741967807541578,0.26695156695156697,0.10443107017830067,91.10072970804556,29.548181457999995
ionosphere,351,34,2,pai,5,11|17|29|31|33,0.7935275410685246,0.27635327635327633,0.007196630858232318,64.55338635887972,29.548181457999995
ionosphere,351,34,2,pai,6,3|11|17|29|31|33,0.8034816428259051,0.2849002849002849,0.009148888937462638,58.278457273740514,29.548181457999995
ionosphere,351,34,2,pai,7,3|5|11|17|29|31|33,0.812543255166206,0.29999999999999993,0.018686704054297894,64.64079058437873,29.548181457999995
ionosphere,351,34,2,pai,8,3|5|11|17|29|30|31|33,0.8979759766645012,0.43703703703703695,0.04926919696402839,49.47437242675727,29.548181457999995
ionosphere,351,34,2,pai,9,3|5|6|11|17|29|30|31|33,0.9206287337434879,0.4897435897435898,0.454348888500165,45.711307264747866,29.548181457999995
ionosphere,351,34,2,pai,10,3|5|6|11|17|25|29|30|31|33,0.9260813260813261,0.5017094017094018,0.1453536666754621,42.327299097793045,29.548181457999995
ionosphere,351,34,2,pai,11,3|5|6|11|15|17|25|29|30|31|33,0.9368429991380811,0.5165242165242165,0.3325815152947669,37.701668553858966,29.548181457999995
ionosphere,351,34,2,pai,12,3|5|6|11|15|17|25|29|30|31|32|33,0.9442512557266656,0.5578347578347579,0.3945528517505883,33.67231762918017,29.548181457999995
ionosphere,351,34,2,pai,13,3|5|6|11|15|17|21|25|29|30|31|32|33,0.9502303403942748,0.5800569800569801,0.33905624386371375,28.699044241255443,29.548181457999995
ionosphere,351,34,2,pai,14,3|5|6|11|15|17|19|21|25|29|30|31|32|33,0.957225045749636,0.5886039886039887,0.060163461840309136,27.15056523956209,29.548181457999995
ionosphere,351,34,2,pai,15,3|4|5|6|11|15|17|19|21|25|29|30|31|32|33,0.9651054470726602,0.6213675213675213,0.3663893193618238,23.30101166803778,29.548181457999995
ionosphere,351,34,2,pai,16,3|4|5|6|11|15|17|19|21|22|25|29|30|31|32|33,0.9683280896395651,0.6421652421652423,0.658312044214018,21.67702156593983,29.548181457999995
ionosphere,351,34,2,pai,17,3|4|5|6|11|15|17|19|21|22|24|25|29|30|31|32|33,0.9741373380717643,0.666951566951567,0.6959453463670221,20.78158368954542,29.548181457999995
ionosphere,351,34,2,pai,18,3|4|5|6|11|15|17|19|21|22|23|24|25|29|30|31|32|33,0.9749007519499323,0.6735042735042736,0.6769948421461618,18.823250989651424,29.548181457999995
ionosphere,351,34,2,pai,19,3|4|5|6|10|11|15|17|19|21|22|23|24|25|29|30|31|32|33,0.9795338844519172,0.6931623931623931,0.8151135572847472,18.199982313368718,29.548181457999995
ionosphere,351,34,2,pai,20,3|4|5|6|10|11|15|17|19|21|22|23|24|25|28|29|30|31|32|33,0.9827361466705729,0.7148148148148149,0.7946095268631623,15.539938740374138,29.548181457999995
ionosphere,351,34,2,pai,21,3|4|5|6|10|11|12|15|17|19|21|22|23|24|25|28|29|30|31|32|33,0.9846204797024469,0.7227920227920228,0.8569230311217294,15.455375135644486,29.548181457999995
ionosphere,351,34,2,pai,22,3|4|5|6|7|10|11|12|15|17|19|21|22|23|24|25|28|29|30|31|32|33,0.9855460871854315,0.7364672364672364,0.8569207361283934,14.279908192551005,29.548181457999995
ionosphere,351,34,2,pai,23,3|4|5|6|7|9|10|11|12|15|17|19|21|22|23|24|25|28|29|30|31|32|33,0.9867689080803835,0.7492877492877493,0.8358793786432781,13.067778194882354,29.548181457999995
ionosphere,351,34,2,pai,24,3|4|5|6|7|9|10|11|12|15|16|17|19|21|22|23|24|25|28|29|30|31|32|33,0.9872486954454167,0.7584045584045583,0.8782120785964008,12.864647584524969,29.548181457999995
ionosphere,351,34,2,pai,25,3|4|5|6|7|9|10|11|12|15|16|17|19|20|21|22|23|24|25|28|29|30|31|32|33,0.9887160805193592,0.7735042735042736,0.9325963488979299,11.539276029008459,29.548181457999995
ionosphere,351,34,2,pai,26,3|4|5|6|7|9|10|11|12|14|15|16|17|19|20|21|22|23|24|25|28|29|30|31|32|33,0.9885751164439689,0.7760683760683762,0.9548044249765143,10.865312328983375,29.548181457999995
ionosphere,351,34,2,pai,27,3|4|5|6|7|9|10|11|12|14|15|16|17|19|20|21|22|23|24|25|26|28|29|30|31|32|33,0.9919081525638903,0.8105413105413105,0.943668736167418,9.892289168090603,29.548181457999995
ionosphere,351,34,2,pai,28,2|3|4|5|6|7|9|10|11|12|14|15|16|17|19|20|21|22|23|24|25|26|28|29|30|31|32|33,0.9945898667210142,0.8495726495726497,0.9325973773064731,6.582078898293988,29.548181457999995
ionosphere,351,34,2,pai,29,2|3|4|5|6|7|9|10|11|12|14|15|16|17|18|19|20|21|22|23|24|25|26|28|29|30|31|32|33,0.9963077602421865,0.8680911680911683,0.943668736167418,5.243190869968757,29.548181457999995
ionosphere,351,34,2,pai,30,2|3|4|5|6|7|8|9|10|11|12|14|15|16|17|18|19|20|21|22|23|24|25|26|28|29|30|31|32|33,0.996434288237567,0.8945868945868948,0.9886036486644311,4.469446416915278,29.548181457999995
ionosphere,351,34,2,pai,31,2|3|4|5|6|7|8|9|10|11|12|13|14|15|16|17|18|19|20|21|22|23|24|25|26|28|29|30|31|32|33,0.9972766759652005,0.9227920227920228,0.9660066976724055,2.194226444471861,29.548181457999995
ionosphere,351,34,2,pai,32,2|3|4|5|6|7|8|9|10|11|12|13|14|15|16|17|18|19|20|21|22|23|24|25|26|27|28|29|30|31|32|33,0.9987873692791726,0.9621082621082623,0.9886036486644311,1.2020737224207867,29.548181457999995
ionosphere,351,34,2,pai,33,0|2|3|4|5|6|7|8|9|10|11|12|13|14|15|16|17|18|19|20|21|22|23|24|25|26|27|28|29|30|31|32|33,1.0,0.9997150997150996,1.0,0.0,29.548181457999995
ionosphere,351,34,2,pai,34,0|1|2|3|4|5|6|7|8|9|10|11|12|13|14|15|16|17|18|19|20|21|22|23|24|25|26|27|28|29|30|31|32|33,1.0,1.0,1.0,0.0,29.548181457999995
ionosphere,351,34,2,nrs,1,2,0.5853983296606247,0.0792022792022792,0.15255040777211615,142.67526538902888,0.040924750000002064
ionosphere,351,34,2,nrs,2,2|23,0.6656892591318821,0.15954415954415954,0.020986523294041076,143.79358258676265,0.040924750000002064
ionosphere,351,34,2,nrs,3,2|23|28,0.7542197935640559,0.2646723646723647,0.31921907931645027,127.09985544346708,0.040924750000002064
ionosphere,351,34,2,nrs,4,2|7|23|28,0.8357615669091079,0.35156695156695156,0.31921907931645027,94.77523846398529,0.040924750000002064
ionosphere,351,34,2,nrs,5,2|7|16|23|28,0.8663108597534828,0.4017094017094017,0.658194375316445,71.54593605182068,0.040924750000002064
ionosphere,351,34,2,nrs,6,2|7|14|16|23|28,0.8899631030778572,0.4324786324786325,0.7345592826311161,59.25447521894625,0.040924750000002064
ionosphere,351,34,2,nrs,7,2|7|14|16|20|23|28,0.9016164163705147,0.4672364672364672,0.8463599938598105,57.020640330301184,0.040924750000002064
ionosphere,351,34,2,nrs,8,2|4|7|14|16|20|23|28,0.9152135053774398,0.48575498575498577,0.8997711134235632,59.65074181729379,0.040924750000002064
ionosphere,351,34,2,nrs,9,2|4|6|7|14|16|20|23|28,0.921038888252003,0.484900284900285,0.8889611995485365,49.85816398113292,0.040924750000002064
ionosphere,351,34,2,nrs,10,2|4|5|6|7|14|16|20|23|28,0.9371079436653207,0.5071225071225072,0.8675298652423256,43.985338655304766,0.040924750000002064
ionosphere,351,34,2,nrs,11,2|4|5|6|7|8|14|16|20|23|28,0.9433528220413466,0.5159544159544159,0.8675325084282878,39.99746185859981,0.040924750000002064
ionosphere,351,34,2,nrs,12,2|4|5|6|7|8|14|16|20|21|23|28,0.95109820355722,0.5341880341880342,0.8569125071324146,40.85893637126077,0.040924750000002064
ionosphere,351,34,2,nrs,13,2|4|5|6|7|8|10|14|16|20|21|23|28,0.9534988387447404,0.5435897435897437,0.8150958344309612,38.539924444550806,0.040924750000002064
ionosphere,351,34,2,nrs,14,2|4|5|6|7|8|10|11|14|16|20|21|23|28,0.9604196653376982,0.562962962962963,0.8463599938598105,37.23879049720353,0.040924750000002064
ionosphere,351,34,2,nrs,15,2|4|5|6|7|8|10|11|14|16|20|21|23|26|28,0.9667282323020028,0.5968660968660968,0.8463632999541032,38.53696478480121,0.040924750000002064
ionosphere,351,34,2,nrs,16,2|3|4|5|6|7|8|10|11|14|16|20|21|23|26|28,0.9693530513202644,0.6048433048433048,0.8569125071324146,35.797505887878415,0.040924750000002064
ionosphere,351,34,2,nrs,17,2|3|4|5|6|7|8|10|11|14|16|20|21|23|25|26|28,0.9759138250941529,0.6484330484330485,0.8463599938598105,29.472364837840768,0.040924750000002064
ionosphere,351,34,2,nrs,18,1|2|3|4|5|6|7|8|10|11|14|16|20|21|23|25|26|28,0.9759138250941529,0.6484330484330485,0.8463599938598105,29.472364837840768,0.040924750000002064
ionosphere,351,34,2,nrs,19,1|2|3|4|5|6|7|8|10|11|14|16|20|21|23|25|26|28|29,0.9799966881934095,0.6797720797720799,0.8463599938598105,25.69746317121258,0.040924750000002064
ionosphere,351,34,2,nrs,20,1|2|3|4|5|6|7|8|10|11|14|16|20|21|23|25|26|28|29|33,0.9829280616165862,0.7099715099715099,0.8463599938598105,21.78337141482239,0.040924750000002064
ionosphere,351,34,2,nrs,21,1|2|3|4|5|6|7|8|10|11|14|16|18|20|21|23|25|26|28|29|33,0.9833229308639144,0.7156695156695158,0.8463564471641072,20.47977469532156,0.040924750000002064
ionosphere,351,34,2,nrs,22,1|2|3|4|5|6|7|8|10|11|14|16|18|20|21|22|23|25|26|28|29|33,0.9848964635849882,0.7284900284900285,0.8569093160425579,18.68051622624348,0.040924750000002064
ionosphere,351,34,2,nrs,23,1|2|3|4|5|6|7|8|10|11|14|16|18|20|21|22|23|24|25|26|28|29|33,0.9851928278157787,0.7341880341880344,0.8675298652423256,17.73807714715253,0.040924750000002064
ionosphere,351,34,2,nrs,24,1|2|3|4|5|6|7|8|10|11|13|14|16|18|20|21|22|23|24|25|26|28|29|33,0.9879552141847224,0.7504273504273503,0.9106479564695554,16.281813673582942,0.040924750000002064
ionosphere,351,34,2,nrs,25,1|2|3|4|5|6|7|8|10|11|12|13|14|16|18|20|21|22|23|24|25|26|28|29|33,0.9896875437859044,0.7547008547008547,0.8782120785964008,15.209630669271665,0.040924750000002064
ionosphere,351,34,2,nrs,26,1|2|3|4|5|6|7|8|10|11|12|13|14|16|18|19|20|21|22|23|24|25|26|28|29|33,0.990784685866653,0.7729344729344729,0.8782120785964008,13.486834098254674,0.040924750000002064
ionosphere,351,34,2,nrs,27,0|1|2|3|4|5|6|7|8|10|11|12|13|14|16|18|19|20|21|22|23|24|25|26|28|29|33,0.9922495233970644,0.7917378917378917,0.8782120785964008,13.81614120978408,0.040924750000002064
ionosphere,351,34,2,nrs,28,0|1|2|3|4|5|6|7|8|10|11|12|13|14|16|17|18|19|20|21|22|23|24|25|26|28|29|33,0.9934519639437672,0.817948717948718,0.8675298652423256,11.223559787204175,0.040924750000002064
ionosphere,351,34,2,nrs,29,0|1|2|3|4|5|6|7|8|10|11|12|13|14|16|17|18|19|20|21|22|23|24|25|26|28|29|32|33,0.9948140505517554,0.8373219373219374,0.9325963488979299,8.91463314752921,0.040924750000002064
ionosphere,351,34,2,nrs,30,0|1|2|3|4|5|6|7|8|10|11|12|13|14|15|16|17|18|19|20|21|22|23|24|25|26|28|29|32|33,0.995942612336055,0.8609686609686611,0.921589697905592,9.176505334217683,0.040924750000002064
ionosphere,351,34,2,nrs,31,0|1|2|3|4|5|6|7|8|10|11|12|13|14|15|16|17|18|19|20|21|22|23|24|25|26|27|28|29|32|33,0.9974923679841713,0.882905982905983,0.921589697905592,6.265660964933057,0.040924750000002064
ionosphere,351,34,2,nrs,32,0|1|2|3|4|5|6|7|8|9|10|11|12|13|14|15|16|17|18|19|20|21|22|23|24|25|26|27|28|29|32|33,0.9986319691237724,0.9091168091168091,0.943668736167418,5.398891494118091,0.040924750000002064
ionosphere,351,34,2,nrs,33,0|1|2|3|4|5|6|7|8|9|10|11|12|13|14|15|16|17|18|19|20|21|22|23|24|25|26|27|28|29|30|32|33,0.9990013629357891,0.9290598290598291,1.0,3.4470729684831536,0.040924750000002064
ionosphere,351,34,2,nrs,34,0|1|2|3|4|5|6|7|8|9|10|11|12|13|14|15|16|17|18|19|20|21|22|23|24|25|26|27|28|29|30|31|32|33,1.0,1.0,1.0,0.0,0.040924750000002064
ionosphere,351,34,2,relieff,1,23,0.5831751733391077,0.09287749287749286,0.024599746500912494,144.92650138339107,0.1494357079999986
ionosphere,351,34,2,relieff,2,7|23,0.6839823200478938,0.17094017094017094,0.18144590652712642,144.91442409358723,0.1494357079999986
ionosphere,351,34,2,relieff,3,7|13|23,0.748111633357535,0.23646723646723647,0.1772646367798911,119.19827407360329,0.1494357079999986
ionosphere,351,34,2,relieff,4,7|13|23|33,0.7769956819137147,0.2660968660968661,0.16786912066626603,83.18419233828399,0.1494357079999986
ionosphere,351,34,2,relieff,5,7|13|15|23|33,0.7895134616446091,0.28547008547008546,0.1238910167240275,58.41898434039074,0.1494357079999986
ionosphere,351,34,2,relieff,6,2|7|13|15|23|33,0.8618059536092323,0.3854700854700855,0.10800989001123702,60.94626682991924,0.1494357079999986
ionosphere,351,34,2,relieff,7,2|7|11|13|15|23|33,0.880234034332395,0.40541310541310543,0.11194999008226138,55.59863770160652,0.1494357079999986
ionosphere,351,34,2,relieff,8,2|4|7|11|13|15|23|33,0.9117157281091708,0.4481481481481482,0.08593626899770318,54.12077913740897,0.1494357079999986
ionosphere,351,34,2,relieff,9,2|4|7|11|13|15|23|27|33,0.9214609312969969,0.4663817663817664,0.08593626899770318,54.626622815713546,0.1494357079999986
ionosphere,351,34,2,relieff,10,2|4|7|11|13|15|23|26|27|33,0.9382432988990366,0.5347578347578348,0.11935210494732647,47.83661644093586,0.1494357079999986
ionosphere,351,34,2,relieff,11,2|4|7|11|13|15|21|23|26|27|33,0.9452651780520633,0.5467236467236467,0.11534954893599136,46.52990972359046,0.1494357079999986
ionosphere,351,34,2,relieff,12,2|4|5|7|11|13|15|21|23|26|27|33,0.9544728495548168,0.5544159544159544,0.09636222712433352,45.50955474697266,0.1494357079999986
ionosphere,351,34,2,relieff,13,2|4|5|6|7|11|13|15|21|23|26|27|33,0.9603602226553046,0.5863247863247864,0.10759174468568798,44.709158509350694,0.1494357079999986
ionosphere,351,34,2,relieff,14,2|4|5|6|7|11|13|15|21|23|26|27|31|33,0.9637943113352949,0.5937321937321938,0.07292189694442625,40.56692103117713,0.1494357079999986
ionosphere,351,34,2,relieff,15,2|4|5|6|7|11|13|15|21|23|25|26|27|31|33,0.9648489943571911,0.6002849002849003,0.11950003177285846,34.217308865849205,0.1494357079999986
ionosphere,351,34,2,relieff,16,2|4|5|6|7|9|11|13|15|21|23|25|26|27|31|33,0.9692893627319856,0.6179487179487181,0.1152965383977317,30.681945545447352,0.1494357079999986
ionosphere,351,34,2,relieff,17,2|4|5|6|7|8|9|11|13|15|21|23|25|26|27|31|33,0.9752081555360244,0.6370370370370371,0.5772643641803298,27.88425473037656,0.1494357079999986
ionosphere,351,34,2,relieff,18,2|4|5|6|7|8|9|11|13|15|21|23|25|26|27|29|31|33,0.9792460120328973,0.6512820512820513,0.6126007537359249,24.72263845638575,0.1494357079999986
ionosphere,351,34,2,relieff,19,2|4|5|6|7|8|9|11|13|15|21|23|25|26|27|28|29|31|33,0.9834630457581277,0.6871794871794872,0.7345887783341017,22.1526901110043,0.1494357079999986
ionosphere,351,34,2,relieff,20,2|4|5|6|7|8|9|11|13|15|17|21|23|25|26|27|28|29|31|33,0.9845788698247715,0.7037037037037037,0.7345887783341017,20.242970614916096,0.1494357079999986
ionosphere,351,34,2,relieff,21,2|4|5|6|7|8|9|11|13|15|17|21|23|24|25|26|27|28|29|31|33,0.9867374883768326,0.7247863247863249,0.7345951128235884,17.92919415217273,0.1494357079999986
ionosphere,351,34,2,relieff,22,2|4|5|6|7|8|9|11|13|15|17|21|23|24|25|26|27|28|29|31|32|33,0.9897452881059439,0.7572649572649574,0.7643151561947904,15.405312267610643,0.1494357079999986
ionosphere,351,34,2,relieff,23,2|3|4|5|6|7|8|9|11|13|15|17|21|23|24|25|26|27|28|29|31|32|33,0.9914436504600439,0.7737891737891739,0.7643151561947904,12.326090192477793,0.1494357079999986
ionosphere,351,34,2,relieff,24,2|3|4|5|6|7|8|9|11|13|15|17|18|21|23|24|25|26|27|28|29|31|32|33,0.9917994573732278,0.7780626780626781,0.7844309748759255,12.25790581487192,0.1494357079999986
ionosphere,351,34,2,relieff,25,2|3|4|5|6|7|8|9|11|13|15|17|18|19|21|23|24|25|26|27|28|29|31|32|33,0.9927564845597633,0.7945868945868947,0.7743341456345074,10.447401059426335,0.1494357079999986
ionosphere,351,34,2,relieff,26,2|3|4|5|6|7|8|9|11|13|15|17|18|19|21|23|24|25|26|27|28|29|30|31|32|33,0.9947146963540406,0.8213675213675214,0.7543530602599742,8.455990823238714,0.1494357079999986
ionosphere,351,34,2,relieff,27,0|2|3|4|5|6|7|8|9|11|13|15|17|18|19|21|23|24|25|26|27|28|29|30|31|32|33,0.9961183928397043,0.8413105413105414,0.7844349387129945,8.980007495977043,0.1494357079999986
ionosphere,351,34,2,relieff,28,0|2|3|4|5|6|7|8|9|11|13|14|15|17|18|19|21|23|24|25|26|27|28|29|30|31|32|33,0.9970473970473971,0.8603988603988604,0.8782144133216785,7.77992339365125,0.1494357079999986
ionosphere,351,34,2,relieff,29,0|2|3|4|5|6|7|8|9|11|13|14|15|17|18|19|20|21|23|24|25|26|27|28|29|30|31|32|33,0.997590873000709,0.8737891737891739,0.9215909556079027,7.226165382844484,0.1494357079999986
ionosphere,351,34,2,relieff,30,0|2|3|4|5|6|7|8|9|11|13|14|15|16|17|18|19|20|21|23|24|25|26|27|28|29|30|31|32|33,0.9985275198389952,0.8960113960113961,0.9436670171830042,5.449984795845617,0.1494357079999986
ionosphere,351,34,2,relieff,31,0|2|3|4|5|6|7|8|9|11|12|13|14|15|16|17|18|19|20|21|23|24|25|26|27|28|29|30|31|32|33,0.9989860776746022,0.9074074074074074,0.9660053810858182,5.342940674339923,0.1494357079999986
ionosphere,351,34,2,relieff,32,0|2|3|4|5|6|7|8|9|11|12|13|14|15|16|17|18|19|20|21|22|23|24|25|26|27|28|29|30|31|32|33,0.9994981339243635,0.9364672364672366,0.9886036486644311,2.5908755642456014,0.1494357079999986
ionosphere,351,34,2,relieff,33,0|2|3|4|5|6|7|8|9|10|11|12|13|14|15|16|17|18|19|20|21|22|23|24|25|26|27|28|29|30|31|32|33,1.0,0.9997150997150996,1.0,0.0,0.1494357079999986
ionosphere,351,34,2,relieff,34,0|1|2|3|4|5|6|7|8|9|10|11|12|13|14|15|16|17|18|19|20|21|22|23|24|25|26|27|28|29|30|31|32|33,1.0,1.0,1.0,0.0,0.1494357079999986
ionosphere,351,34,2,mutual_info,1,5,0.6004577086544299,0.10370370370370371,0.12722909584133968,143.54935574067792,0.023198832999995034
ionosphere,351,34,2,mutual_info,2,4|5,0.726130578589595,0.2094017094017094,0.234475377390793,141.212149531193,0.023198832999995034
ionosphere,351,34,2,mutual_info,3,4|5|7,0.7817502473240178,0.2512820512820512,0.20188157150395625,122.60062395782718,0.023198832999995034
ionosphere,351,34,2,mutual_info,4,4|5|7|20,0.8338390207242666,0.30883190883190886,0.7345672803532702,91.46175872529973,0.023198832999995034
ionosphere,351,34,2,mutual_info,5,4|5|7|20|32,0.8581723073526353,0.3521367521367521,0.7945887143813092,72.93521144586666,0.023198832999995034
ionosphere,351,34,2,mutual_info,6,2|4|5|7|20|32,0.8802068605347294,0.37749287749287747,0.8151207178006884,63.327163955339465,0.023198832999995034
ionosphere,351,34,2,mutual_info,7,2|4|5|7|14|20|32,0.8880031929212258,0.40227920227920233,0.921593102811286,60.62859298863648,0.023198832999995034
ionosphere,351,34,2,mutual_info,8,2|4|5|7|14|20|28|32,0.9082272918338492,0.4219373219373219,0.9215939923325216,57.605614250824495,0.023198832999995034
ionosphere,351,34,2,mutual_info,9,2|4|5|7|14|20|26|28|32,0.9168991300138841,0.4524216524216524,0.9106531298288103,51.791174951477984,0.023198832999995034
ionosphere,351,34,2,mutual_info,10,2|4|5|7|14|15|20|26|28|32,0.92927254894468,0.49943019943019945,0.8675452046160168,47.2845776516152,0.023198832999995034
ionosphere,351,34,2,mutual_info,11,2|4|5|6|7|14|15|20|26|28|32,0.9345153935317869,0.5133903133903134,0.8889676285409049,45.8364970053499,0.023198832999995034
ionosphere,351,34,2,mutual_info,12,2|4|5|6|7|13|14|15|20|26|28|32,0.9460990739679265,0.5421652421652422,0.8782218457284925,46.041523656813446,0.023198832999995034
ionosphere,351,34,2,mutual_info,13,2|4|5|6|7|13|14|15|20|22|26|28|32,0.9504681111238489,0.5441595441595442,0.8889662819892754,41.280284857210354,0.023198832999995034
ionosphere,351,34,2,mutual_info,14,2|4|5|6|7|13|14|15|20|22|26|28|30|32,0.9545085151642528,0.5524216524216524,0.8463822321170921,36.93087690532815,0.023198832999995034
ionosphere,351,34,2,mutual_info,15,2|4|5|6|7|13|14|15|20|22|23|26|28|30|32,0.9636117373822292,0.5894586894586895,0.8463822321170921,31.659423141951144,0.023198832999995034
ionosphere,351,34,2,mutual_info,16,2|4|5|6|7|12|13|14|15|20|22|23|26|28|30|32,0.9638011047847114,0.5897435897435898,0.8889676285409049,29.124083929810613,0.023198832999995034
ionosphere,351,34,2,mutual_info,17,2|4|5|6|7|12|13|14|15|20|22|23|24|26|28|30|32,0.9682126009994863,0.5977207977207978,0.8569285723875,28.115783785722098,0.023198832999995034
ionosphere,351,34,2,mutual_info,18,2|4|5|6|7|12|13|14|15|20|21|22|23|24|26|28|30|32,0.9716560306724241,0.6153846153846154,0.8675440128325173,25.939213950687435,0.023198832999995034
ionosphere,351,34,2,mutual_info,19,2|4|5|6|7|12|13|14|15|20|21|22|23|24|26|28|30|31|32,0.9770746557631803,0.6547008547008547,0.8889647616497939,22.162978173881005,0.023198832999995034
ionosphere,351,34,2,mutual_info,20,2|4|5|6|7|12|13|14|15|20|21|22|23|24|26|28|30|31|32|33,0.9802217212053278,0.6903133903133902,0.8782232272938666,18.666842697356245,0.023198832999995034
ionosphere,351,34,2,mutual_info,21,2|3|4|5|6|7|12|13|14|15|20|21|22|23|24|26|28|30|31|32|33,0.9818810212252835,0.7042735042735042,0.8997759363718569,16.746739438445694,0.023198832999995034
ionosphere,351,34,2,mutual_info,22,2|3|4|5|6|7|9|12|13|14|15|20|21|22|23|24|26|28|30|31|32|33,0.9849711915285686,0.7239316239316238,0.8997759363718569,15.97386117357674,0.023198832999995034
ionosphere,351,34,2,mutual_info,23,2|3|4|5|6|7|9|12|13|14|15|20|21|22|23|24|26|27|28|30|31|32|33,0.9875713842926958,0.7367521367521368,0.8889662819892754,14.826136825480463,0.023198832999995034
ionosphere,351,34,2,mutual_info,24,2|3|4|5|6|7|8|9|12|13|14|15|20|21|22|23|24|26|27|28|30|31|32|33,0.9887568412158576,0.7538461538461539,0.9325991176186724,15.052491481787738,0.023198832999995034
ionosphere,351,34,2,mutual_info,25,2|3|4|5|6|7|8|9|12|13|14|15|17|20|21|22|23|24|26|27|28|30|31|32|33,0.9918189885403,0.7880341880341881,0.9215939923325216,14.0710723622975,0.023198832999995034
ionosphere,351,34,2,mutual_info,26,2|3|4|5|6|7|8|9|10|12|13|14|15|17|20|21|22|23|24|26|27|28|30|31|32|33,0.9929246224328192,0.8056980056980058,0.899780837266561,12.912373384663528,0.023198832999995034
ionosphere,351,34,2,mutual_info,27,2|3|4|5|6|7|8|9|10|12|13|14|15|17|20|21|22|23|24|25|26|27|28|30|31|32|33,0.994194148292509,0.8213675213675216,0.9660058731553667,10.939640385199958,0.023198832999995034
ionosphere,351,34,2,mutual_info,28,2|3|4|5|6|7|8|9|10|12|13|14|15|17|19|20|21|22|23|24|25|26|27|28|30|31|32|33,0.9960156419172813,0.8404558404558407,0.9548055919104915,11.112691587828966,0.023198832999995034
ionosphere,351,34,2,mutual_info,29,2|3|4|5|6|7|8|9|10|12|13|14|15|16|17|19|20|21|22|23|24|25|26|27|28|30|31|32|33,0.9964826915646587,0.8521367521367522,0.9548055919104915,10.082320087752612,0.023198832999995034
ionosphere,351,34,2,mutual_info,30,2|3|4|5|6|7|8|9|10|11|12|13|14|15|16|17|19|20|21|22|23|24|25|26|27|28|30|31|32|33,0.9974991614335876,0.8763532763532764,0.94367010246481,5.040789612679746,0.023198832999995034
ionosphere,351,34,2,mutual_info,31,2|3|4|5|6|7|8|9|10|11|12|13|14|15|16|17|18|19|20|21|22|23|24|25|26|27|28|30|31|32|33,0.9977878830337846,0.8977207977207978,0.9660066976724055,3.9468484991449744,0.023198832999995034
ionosphere,351,34,2,mutual_info,32,2|3|4|5|6|7|8|9|10|11|12|13|14|15|16|17|18|19|20|21|22|23|24|25|26|27|28|29|30|31|32|33,0.9987873692791726,0.9621082621082623,0.9886036486644311,1.2020737224207867,0.023198832999995034
ionosphere,351,34,2,mutual_info,33,0|2|3|4|5|6|7|8|9|10|11|12|13|14|15|16|17|18|19|20|21|22|23|24|25|26|27|28|29|30|31|32|33,1.0,0.9997150997150996,1.0,0.0,0.023198832999995034
ionosphere,351,34,2,mutual_info,34,0|1|2|3|4|5|6|7|8|9|10|11|12|13|14|15|16|17|18|19|20|21|22|23|24|25|26|27|28|29|30|31|32|33,1.0,1.0,1.0,0.0,0.023198832999995034
ionosphere,351,34,2,variance,1,2,0.5853983296606247,0.0792022792022792,0.15255040777211615,142.67526538902888,2.7833000004306996e-05
ionosphere,351,34,2,variance,2,2|22,0.6800387226616735,0.16353276353276355,0.5773075396723136,143.75263669354624,2.7833000004306996e-05
ionosphere,351,34,2,variance,3,2|3|22,0.7800782095864063,0.2558404558404558,0.621630766702452,125.17887674455297,2.7833000004306996e-05
ionosphere,351,34,2,variance,4,2|3|10|22,0.8158448715825765,0.3045584045584045,0.6398389460365284,105.80961039849439,2.7833000004306996e-05
ionosphere,351,34,2,variance,5,2|3|10|22|30,0.8453921306380323,0.3538461538461538,0.7743522435557361,81.88232787566318,2.7833000004306996e-05
ionosphere,351,34,2,variance,6,2|3|10|13|22|30,0.8929615618140209,0.425071225071225,0.7543566159809256,60.87568319248415,2.7833000004306996e-05
ionosphere,351,34,2,variance,7,2|3|4|10|13|22|30,0.9029852964279194,0.43532763532763535,0.7743522435557361,59.0176266397908,2.7833000004306996e-05
ionosphere,351,34,2,variance,8,2|3|4|10|13|17|22|30,0.920801117522429,0.4754985754985755,0.7444561435271503,54.58673811806839,2.7833000004306996e-05
ionosphere,351,34,2,variance,9,2|3|4|10|13|17|22|30|31,0.9371682355288913,0.5356125356125356,0.7444561435271503,49.33049128938233,2.7833000004306996e-05
ionosphere,351,34,2,variance,10,2|3|4|10|12|13|17|22|30|31,0.9441179342818687,0.5552706552706553,0.8151135572847472,46.714106522545045,2.7833000004306996e-05
ionosphere,351,34,2,variance,11,2|3|4|8|10|12|13|17|22|30|31,0.9479978430798103,0.566096866096866,0.7743460641041385,43.33925757395885,2.7833000004306996e-05
ionosphere,351,34,2,variance,12,2|3|4|8|10|12|13|17|22|26|30|31,0.9525689853558706,0.5837606837606838,0.7945995631123962,42.419243638948934,2.7833000004306996e-05
ionosphere,351,34,2,variance,13,2|3|4|8|10|12|13|17|22|26|29|30|31,0.9596469104665826,0.6276353276353277,0.7945995631123962,38.8718777294366,2.7833000004306996e-05
ionosphere,351,34,2,variance,14,2|3|4|8|10|12|13|17|20|22|26|29|30|31,0.9610913676487447,0.6233618233618233,0.8675426137549563,38.03841569036986,2.7833000004306996e-05
ionosphere,351,34,2,variance,15,2|3|4|8|10|12|13|15|17|20|22|26|29|30|31,0.9680130434228795,0.6544159544159543,0.8254719271151073,31.79721365294374,2.7833000004306996e-05
ionosphere,351,34,2,variance,16,2|3|4|8|9|10|12|13|15|17|20|22|26|29|30|31,0.9741933840294495,0.6720797720797721,0.8358854142210065,29.24087571484081,2.7833000004306996e-05
ionosphere,351,34,2,variance,17,2|3|4|8|9|10|12|13|15|17|20|22|26|29|30|31|33,0.9765863765863766,0.6854700854700855,0.846369190460409,27.684915755181454,2.7833000004306996e-05
ionosphere,351,34,2,variance,18,2|3|4|8|9|10|12|13|15|17|20|22|24|26|29|30|31|33,0.9781599093074503,0.6997150997150997,0.8997772302546256,24.740737747464234,2.7833000004306996e-05
ionosphere,351,34,2,variance,19,0|2|3|4|8|9|10|12|13|15|17|20|22|24|26|29|30|31|33,0.9798981831768717,0.7142450142450142,0.9106531298288103,24.671419173839976,2.7833000004306996e-05
ionosphere,351,34,2,variance,20,0|2|3|4|8|9|10|12|13|15|17|20|22|24|26|29|30|31|32|33,0.9828940943695043,0.7324786324786325,0.8997783672755405,22.43911416479364,2.7833000004306996e-05
ionosphere,351,34,2,variance,21,0|2|3|4|8|9|10|12|13|14|15|17|20|22|24|26|29|30|31|32|33,0.9839309445866823,0.7384615384615386,0.9215947591449738,21.966735423541035,2.7833000004306996e-05
ionosphere,351,34,2,variance,22,0|2|3|4|5|8|9|10|12|13|14|15|17|20|22|24|26|29|30|31|32|33,0.9852047163522574,0.7484330484330486,0.9106531298288103,19.854499098553003,2.7833000004306996e-05
ionosphere,351,34,2,variance,23,0|2|3|4|5|8|9|10|11|12|13|14|15|17|20|22|24|26|29|30|31|32|33,0.9883407424391031,0.7675213675213675,0.9215920905729148,18.612105226040853,2.7833000004306996e-05
ionosphere,351,34,2,variance,24,0|2|3|4|5|8|9|10|11|12|13|14|15|17|20|22|24|26|27|29|30|31|32|33,0.9907201480971973,0.7837606837606839,0.9215920905729148,19.15457287950301,2.7833000004306996e-05
ionosphere,351,34,2,variance,25,0|2|3|4|5|8|9|10|11|12|13|14|15|17|19|20|22|24|26|27|29|30|31|32|33,0.9920126018486675,0.796866096866097,0.9215920905729148,18.10423934888356,2.7833000004306996e-05
ionosphere,351,34,2,variance,26,0|2|3|4|5|7|8|9|10|11|12|13|14|15|17|19|20|22|24|26|27|29|30|31|32|33,0.9940472399488793,0.8133903133903134,0.9436694633984738,14.977113785771113,2.7833000004306996e-05
ionosphere,351,34,2,variance,27,0|2|3|4|5|7|8|9|10|11|12|13|14|15|17|19|20|22|24|25|26|27|29|30|31|32|33,0.995755792477104,0.8321937321937323,0.9436694633984738,12.280669217978566,2.7833000004306996e-05
ionosphere,351,34,2,variance,28,0|2|3|4|5|6|7|8|9|10|11|12|13|14|15|17|19|20|22|24|25|26|27|29|30|31|32|33,0.9966584720683082,0.8455840455840458,0.9772722770758107,10.725244598616783,2.7833000004306996e-05
ionosphere,351,34,2,variance,29,0|2|3|4|5|6|7|8|9|10|11|12|13|14|15|16|17|19|20|22|24|25|26|27|29|30|31|32|33,0.9968444427460821,0.8555555555555556,0.94367010246481,9.132950178073823,2.7833000004306996e-05
ionosphere,351,34,2,variance,30,0|2|3|4|5|6|7|8|9|10|11|12|13|14|15|16|17|19|20|21|22|24|25|26|27|29|30|31|32|33,0.997810810925565,0.8874643874643876,0.9215909556079027,6.926808392146312,2.7833000004306996e-05
ionosphere,351,34,2,variance,31,0|2|3|4|5|6|7|8|9|10|11|12|13|14|15|16|17|19|20|21|22|23|24|25|26|27|29|30|31|32|33,0.9991457237358877,0.9165242165242165,0.94367010246481,5.097866741435967,2.7833000004306996e-05
ionosphere,351,34,2,variance,32,0|2|3|4|5|6|7|8|9|10|11|12|13|14|15|16|17|18|19|20|21|22|23|24|25|26|27|29|30|31|32|33,0.9994938880184782,0.9358974358974359,0.9660053810858182,3.6061549360159413,2.7833000004306996e-05
ionosphere,351,34,2,variance,33,0|2|3|4|5|6|7|8|9|10|11|12|13|14|15|16|17|18|19|20|21|22|23|24|25|26|27|28|29|30|31|32|33,1.0,0.9997150997150996,1.0,0.0,2.7833000004306996e-05
ionosphere,351,34,2,variance,34,0|1|2|3|4|5|6|7|8|9|10|11|12|13|14|15|16|17|18|19|20|21|22|23|24|25|26|27|28|29|30|31|32|33,1.0,1.0,1.0,0.0,2.7833000004306996e-05
sonar,208,60,2,pai,1,29,0.5930969030969031,0.09903846153846155,0.002460207495522287,3.014107964938494,0.020878791999990653
sonar,208,60,2,pai,2,29|54,0.6468131868131868,0.1091346153846154,-0.005936109987868985,28.65642294409775,0.020878791999990653
sonar,208,60,2,pai,3,6|29|54,0.6940484515484515,0.13365384615384615,0.004737006015505909,63.20917769803262,0.020878791999990653
sonar,208,60,2,pai,4,6|29|49|54,0.7187387612387612,0.15000000000000002,0.2511319506859536,98.65641801848992,0.020878791999990653
sonar,208,60,2,pai,5,6|29|49|54|59,0.7348176823176823,0.16634615384615387,0.16557087980547447,124.8136238433248,0.020878791999990653
sonar,208,60,2,pai,6,6|14|29|49|54|59,0.7885789210789211,0.22259615384615383,0.02096807060107466,149.4190331136194,0.020878791999990653
sonar,208,60,2,pai,7,6|14|29|49|54|56|59,0.8017307692307692,0.23365384615384616,0.024018299656881435,158.87028887739893,0.020878791999990653
sonar,208,60,2,pai,8,0|6|14|29|49|54|56|59,0.8222677322677323,0.24711538461538465,0.04494137353433836,158.04775856829312,0.020878791999990653
sonar,208,60,2,pai,9,0|1|6|14|29|49|54|56|59,0.8222502497502497,0.24230769230769234,0.0767710931425245,160.1092316513727,0.020878791999990653
sonar,208,60,2,pai,10,0|1|6|14|29|44|49|54|56|59,0.8513761238761239,0.28365384615384615,0.09299101412066753,149.8687724192306,0.020878791999990653
sonar,208,60,2,pai,11,0|1|6|14|29|43|44|49|54|56|59,0.8524825174825175,0.2865384615384615,0.14915513524789653,138.5196406741842,0.020878791999990653
sonar,208,60,2,pai,12,0|1|6|12|14|29|43|44|49|54|56|59,0.867042957042957,0.3264423076923077,0.14138215164543197,124.7005572303945,0.020878791999990653
sonar,208,60,2,pai,13,0|1|6|12|13|14|29|43|44|49|54|56|59,0.8725699300699301,0.33124999999999993,0.05044101094853167,120.63489444762664,0.020878791999990653
sonar,208,60,2,pai,14,0|1|6|12|13|14|29|43|44|49|53|54|56|59,0.8716908091908092,0.3331730769230769,0.04065077253658037,109.3640756775046,0.020878791999990653
sonar,208,60,2,pai,15,0|1|5|6|12|13|14|29|43|44|49|53|54|56|59,0.8704745254745254,0.33653846153846156,0.048563176188378125,95.66533467817713,0.020878791999990653
sonar,208,60,2,pai,16,0|1|5|6|12|13|14|15|29|43|44|49|53|54|56|59,0.8813936063936064,0.3572115384615385,0.033764992710388006,83.68453496468119,0.020878791999990653
sonar,208,60,2,pai,17,0|1|5|6|12|13|14|15|29|39|43|44|49|53|54|56|59,0.9089060939060939,0.38557692307692304,0.048563176188378125,72.36876009000765,0.020878791999990653
sonar,208,60,2,pai,18,0|1|5|6|12|13|14|15|29|39|40|43|44|49|53|54|56|59,0.9118906093906094,0.39759615384615377,0.05044101094853167,62.299589190549064,0.020878791999990653
sonar,208,60,2,pai,19,0|1|5|6|12|13|14|15|29|39|40|41|43|44|49|53|54|56|59,0.9173501498501498,0.41923076923076924,0.06543296890622695,63.21836958324968,0.020878791999990653
sonar,208,60,2,pai,20,0|1|5|6|12|13|14|15|29|39|40|41|42|43|44|49|53|54|56|59,0.9132617382617383,0.41490384615384623,0.10157703194500607,59.203167704917384,0.020878791999990653
sonar,208,60,2,pai,21,0|1|5|6|10|12|13|14|15|29|39|40|41|42|43|44|49|53|54|56|59,0.9253721278721279,0.43124999999999997,0.07300986868845619,53.18953296493495,0.020878791999990653
sonar,208,60,2,pai,22,0|1|5|6|9|10|12|13|14|15|29|39|40|41|42|43|44|49|53|54|56|59,0.9280744255744255,0.44471153846153844,0.09274711905646987,41.35803129732463,0.020878791999990653
sonar,208,60,2,pai,23,0|1|5|6|9|10|12|13|14|15|29|39|40|41|42|43|44|45|49|53|54|56|59,0.9276898101898102,0.44519230769230766,0.11002964400101885,37.694261558700035,0.020878791999990653
sonar,208,60,2,pai,24,0|1|5|6|9|10|12|13|14|15|29|39|40|41|42|43|44|45|46|49|53|54|56|59,0.9293106893106893,0.45288461538461533,0.6198124267291911,32.77558188113074,0.020878791999990653
sonar,208,60,2,pai,25,0|1|5|6|9|10|12|13|14|15|29|39|40|41|42|43|44|45|46|47|49|53|54|56|59,0.9292432567432567,0.4514423076923077,0.6358028229878164,33.4033478943451,0.020878791999990653
sonar,208,60,2,pai,26,0|1|5|6|9|10|12|13|14|15|29|39|40|41|42|43|44|45|46|47|48|49|53|54|56|59,0.9267807192807193,0.45528846153846153,0.6520762194582544,29.60983523601961,0.020878791999990653
sonar,208,60,2,pai,27,0|1|2|5|6|9|10|12|13|14|15|29|39|40|41|42|43|44|45|46|47|48|49|53|54|56|59,0.9298876123876124,0.4639423076923077,0.6220345798150382,24.772101615588568,0.020878791999990653
sonar,208,60,2,pai,28,0|1|2|5|6|9|10|12|13|14|15|29|39|40|41|42|43|44|45|46|47|48|49|50|53|54|56|59,0.9311263736263736,0.4576923076923076,0.6498646820027063,22.63283143501032,0.020878791999990653
sonar,208,60,2,pai,29,0|1|2|5|6|9|10|12|13|14|15|29|39|40|41|42|43|44|45|46|47|48|49|50|51|53|54|56|59,0.9323101898101898,0.46249999999999997,0.6335318660547501,23.012767066897478,0.020878791999990653
sonar,208,60,2,pai,30,0|1|2|5|6|9|10|12|13|14|15|29|39|40|41|42|43|44|45|46|47|48|49|50|51|52|53|54|56|59,0.9305969030969031,0.4658653846153846,0.6311577537121804,18.134106580632544,0.020878791999990653
sonar,208,60,2,pai,31,0|1|2|5|6|8|9|10|12|13|14|15|29|39|40|41|42|43|44|45|46|47|48|49|50|51|52|53|54|56|59,0.9332467532467532,0.4653846153846154,0.6174873056032271,16.82719130813545,0.020878791999990653
sonar,208,60,2,pai,32,0|1|2|5|6|7|8|9|10|12|13|14|15|29|39|40|41|42|43|44|45|46|47|48|49|50|51|52|53|54|56|59,0.9326273726273726,0.4653846153846154,0.6174873056032271,15.5603328219316,0.020878791999990653
sonar,208,60,2,pai,33,0|1|2|5|6|7|8|9|10|12|13|14|15|29|39|40|41|42|43|44|45|46|47|48|49|50|51|52|53|54|55|56|59,0.9349125874125874,0.4788461538461538,0.6174873056032271,14.441366109865928,0.020878791999990653
sonar,208,60,2,pai,34,0|1|2|3|5|6|7|8|9|10|12|13|14|15|29|39|40|41|42|43|44|45|46|47|48|49|50|51|52|53|54|55|56|59,0.9367207792207792,0.4860576923076923,0.3203711647626703,11.800482935805451,0.020878791999990653
sonar,208,60,2,pai,35,0|1|2|3|5|6|7|8|9|10|12|13|14|15|29|39|40|41|42|43|44|45|46|47|48|49|50|51|52|53|54|55|56|57|59,0.9370404595404596,0.48653846153846153,0.3099693999733913,11.877153953805562,0.020878791999990653
sonar,208,60,2,pai,36,0|1|2|3|5|6|7|8|9|10|12|13|14|15|29|38|39|40|41|42|43|44|45|46|47|48|49|50|51|52|53|54|55|56|57|59,0.9422202797202797,0.49134615384615377,0.322673031026253,10.68839543235373,0.020878791999990653
sonar,208,60,2,pai,37,0|1|2|3|5|6|7|8|9|10|11|12|13|14|15|29|38|39|40|41|42|43|44|45|46|47|48|49|50|51|52|53|54|55|56|57|59,0.9417882117882118,0.49759615384615385,0.322673031026253,9.410726363800531,0.020878791999990653
sonar,208,60,2,pai,38,0|1|2|3|5|6|7|8|9|10|11|12|13|14|15|29|37|38|39|40|41|42|43|44|45|46|47|48|49|50|51|52|53|54|55|56|57|59,0.9489635364635365,0.51875,0.322673031026253,6.633981306278642,0.020878791999990653
sonar,208,60,2,pai,39,0|1|2|3|5|6|7|8|9|10|11|12|13|14|15|29|35|37|38|39|40|41|42|43|44|45|46|47|48|49|50|51|52|53|54|55|56|57|59,0.9536713286713286,0.5427884615384616,0.322673031026253,6.6453374374351135,0.020878791999990653
sonar,208,60,2,pai,40,0|1|2|3|5|6|7|8|9|10|11|12|13|14|15|16|29|35|37|38|39|40|41|42|43|44|45|46|47|48|49|50|51|52|53|54|55|56|57|59,0.960546953046953,0.5581730769230769,0.322673031026253,6.666233676339421,0.020878791999990653
sonar,208,60,2,pai,41,0|1|2|3|5|6|7|8|9|10|11|12|13|14|15|16|17|29|35|37|38|39|40|41|42|43|44|45|46|47|48|49|50|51|52|53|54|55|56|57|59,0.9649100899100899,0.5793269230769231,0.6335318660547501,6.676012672424616,0.020878791999990653
sonar,208,60,2,pai,42,0|1|2|3|5|6|7|8|9|10|11|12|13|14|15|16|17|18|29|35|37|38|39|40|41|42|43|44|45|46|47|48|49|50|51|52|53|54|55|56|57|59,0.9702722277722278,0.5980769230769231,0.6335318660547501,6.697942267760713,0.020878791999990653
sonar,208,60,2,pai,43,0|1|2|3|5|6|7|8|9|10|11|12|13|14|15|16|17|18|19|29|35|37|38|39|40|41|42|43|44|45|46|47|48|49|50|51|52|53|54|55|56|57|59,0.9740584415584416,0.6139423076923077,0.6498646820027063,5.31557511700354,0.020878791999990653
sonar,208,60,2,pai,44,0|1|2|3|5|6|7|8|9|10|11|12|13|14|15|16|17|18|19|20|29|35|37|38|39|40|41|42|43|44|45|46|47|48|49|50|51|52|53|54|55|56|57|59,0.9764210789210789,0.6331730769230769,0.6335318660547501,5.336939775982199,0.020878791999990653
sonar,208,60,2,pai,45,0|1|2|3|5|6|7|8|9|10|11|12|13|14|15|16|17|18|19|20|21|29|35|37|38|39|40|41|42|43|44|45|46|47|48|49|50|51|52|53|54|55|56|57|59,0.9788411588411589,0.6548076923076922,0.6498646820027063,5.405348662975017,0.020878791999990653
sonar,208,60,2,pai,46,0|1|2|3|5|6|7|8|9|10|11|12|13|14|15|16|17|18|19|20|21|22|29|35|37|38|39|40|41|42|43|44|45|46|47|48|49|50|51|52|53|54|55|56|57|59,0.9820579420579421,0.6697115384615385,0.7827859266931738,4.037207000820939,0.020878791999990653
sonar,208,60,2,pai,47,0|1|2|3|5|6|7|8|9|10|11|12|13|14|15|16|17|18|19|20|21|22|23|29|35|37|38|39|40|41|42|43|44|45|46|47|48|49|50|51|52|53|54|55|56|57|59,0.9833216783216783,0.6884615384615386,0.8214627803662369,4.062011685575056,0.020878791999990653
sonar,208,60,2,pai,48,0|1|2|3|5|6|7|8|9|10|11|12|13|14|15|16|17|18|19|20|21|22|23|24|29|35|37|38|39|40|41|42|43|44|45|46|47|48|49|50|51|52|53|54|55|56|57|59,0.9845879120879121,0.7004807692307692,0.8009650180940893,4.081327586247598,0.020878791999990653
sonar,208,60,2,pai,49,0|1|2|3|5|6|7|8|9|10|11|12|13|14|15|16|17|18|19|20|21|22|23|24|25|29|35|37|38|39|40|41|42|43|44|45|46|47|48|49|50|51|52|53|54|55|56|57|59,0.9858941058941059,0.7168269230769231,0.820475124461225,4.093274110458012,0.020878791999990653
sonar,208,60,2,pai,50,0|1|2|3|5|6|7|8|9|10|11|12|13|14|15|16|17|18|19|20|21|22|23|24|25|26|29|35|37|38|39|40|41|42|43|44|45|46|47|48|49|50|51|52|53|54|55|56|57|59,0.9874925074925075,0.7341346153846153,0.820475124461225,4.093274110458012,0.020878791999990653
sonar,208,60,2,pai,51,0|1|2|3|5|6|7|8|9|10|11|12|13|14|15|16|17|18|19|20|21|22|23|24|25|26|27|29|35|37|38|39|40|41|42|43|44|45|46|47|48|49|50|51|52|53|54|55|56|57|59,0.9898776223776223,0.7600961538461539,0.820475124461225,4.0986747233325005,0.020878791999990653
sonar,208,60,2,pai,52,0|1|2|3|5|6|7|8|9|10|11|12|13|14|15|16|17|18|19|20|21|22|23|24|25|26|27|28|29|35|37|38|39|40|41|42|43|44|45|46|47|48|49|50|51|52|53|54|55|56|57|59,0.9901773226773227,0.7730769230769231,0.820475124461225,2.712276985158534,0.020878791999990653
sonar,208,60,2,pai,53,0|1|2|3|5|6|7|8|9|10|11|12|13|14|15|16|17|18|19|20|21|22|23|24|25|26|27|28|29|35|37|38|39|40|41|42|43|44|45|46|47|48|49|50|51|52|53|54|55|56|57|58|59,0.9905394605394605,0.7850961538461539,0.820475124461225,2.7515364373716436,0.020878791999990653
sonar,208,60,2,pai,54,0|1|2|3|5|6|7|8|9|10|11|12|13|14|15|16|17|18|19|20|21|22|23|24|25|26|27|28|29|30|35|37|38|39|40|41|42|43|44|45|46|47|48|49|50|51|52|53|54|55|56|57|58|59,0.9937162837162837,0.8110576923076922,0.7997948417350528,1.3653496863213228,0.020878791999990653
sonar,208,60,2,pai,55,0|1|2|3|5|6|7|8|9|10|11|12|13|14|15|16|17|18|19|20|21|22|23|24|25|26|27|28|29|30|31|35|37|38|39|40|41|42|43|44|45|46|47|48|49|50|51|52|53|54|55|56|57|58|59,0.9951798201798202,0.8312500000000002,0.8391636509851227,1.383181090695615,0.020878791999990653
sonar,208,60,2,pai,56,0|1|2|3|4|5|6|7|8|9|10|11|12|13|14|15|16|17|18|19|20|21|22|23|24|25|26|27|28|29|30|31|35|37|38|39|40|41|42|43|44|45|46|47|48|49|50|51|52|53|54|55|56|57|58|59,0.9956643356643357,0.8504807692307692,0.8194406090970058,0.0,0.020878791999990653
sonar,208,60,2,pai,57,0|1|2|3|4|5|6|7|8|9|10|11|12|13|14|15|16|17|18|19|20|21|22|23|24|25|26|27|28|29|30|31|33|35|37|38|39|40|41|42|43|44|45|46|47|48|49|50|51|52|53|54|55|56|57|58|59,0.9983491508491509,0.9009615384615385,0.8589662200541281,0.0,0.020878791999990653
sonar,208,60,2,pai,58,0|1|2|3|4|5|6|7|8|9|10|11|12|13|14|15|16|17|18|19|20|21|22|23|24|25|26|27|28|29|30|31|33|34|35|37|38|39|40|41|42|43|44|45|46|47|48|49|50|51|52|53|54|55|56|57|58|59,0.9992982017982018,0.925,0.7396226415094339,0.0,0.020878791999990653
sonar,208,60,2,pai,59,0|1|2|3|4|5|6|7|8|9|10|11|12|13|14|15|16|17|18|19|20|21|22|23|24|25|26|27|28|29|30|31|33|34|35|36|37|38|39|40|41|42|43|44|45|46|47|48|49|50|51|52|53|54|55|56|57|58|59,0.999458041958042,0.9490384615384617,1.0,0.0,0.020878791999990653
sonar,208,60,2,pai,60,0|1|2|3|4|5|6|7|8|9|10|11|12|13|14|15|16|17|18|19|20|21|22|23|24|25|26|27|28|29|30|31|32|33|34|35|36|37|38|39|40|41|42|43|44|45|46|47|48|49|50|51|52|53|54|55|56|57|58|59,1.0,1.0,1.0,0.0,0.020878791999990653
sonar,208,60,2,nrs,1,47,0.5726998001998003,0.07932692307692307,0.3417675517296205,3.7918140151247313,0.04244712499999537
sonar,208,60,2,nrs,2,10|47,0.6608841158841159,0.1278846153846154,0.13140684161353242,28.494660313583246,0.04244712499999537
sonar,208,60,2,nrs,3,10|47|56,0.6915934065934066,0.1485576923076923,0.22157507384723218,67.82462108966543,0.04244712499999537
sonar,208,60,2,nrs,4,10|37|47|56,0.7540034965034965,0.20336538461538464,0.5972785622593068,99.82247221177303,0.04244712499999537
sonar,208,60,2,nrs,5,2|10|37|47|56,0.7808266733266733,0.22451923076923078,0.4554351664489947,121.88032599234646,0.04244712499999537
sonar,208,60,2,nrs,6,2|10|30|37|47|56,0.8311963036963037,0.2923076923076923,0.6650067004338247,146.87230943410043,0.04244712499999537
sonar,208,60,2,nrs,7,2|10|11|30|37|47|56,0.8382967032967032,0.2975961538461539,0.3551509487491864,158.09899467971331,0.04244712499999537
sonar,208,60,2,nrs,8,2|10|11|27|30|37|47|56,0.8611288711288712,0.34278846153846154,0.06098434462294076,166.02570446069285,0.04244712499999537
sonar,208,60,2,nrs,9,2|10|11|20|27|30|37|47|56,0.8890134865134866,0.38125,0.0166836562711947,157.2105452454701,0.04244712499999537
sonar,208,60,2,nrs,10,2|10|11|20|27|30|37|39|47|56,0.9041333666333666,0.4009615384615385,0.07300986868845619,150.76359127488152,0.04244712499999537
sonar,208,60,2,nrs,11,2|10|11|20|27|30|37|39|40|47|56,0.9118181818181819,0.4221153846153846,0.8439858230595737,145.40217427408473,0.04244712499999537
sonar,208,60,2,nrs,12,2|9|10|11|20|27|30|37|39|40|47|56,0.9144005994005994,0.4163461538461538,0.5567402027895143,127.79061083297835,0.04244712499999537
sonar,208,60,2,nrs,13,2|8|9|10|11|20|27|30|37|39|40|47|56,0.914478021978022,0.4206730769230769,0.21425989220454844,125.42330567644095,0.04244712499999537
sonar,208,60,2,nrs,14,2|8|9|10|11|20|27|30|37|39|40|47|48|56,0.9168531468531469,0.4254807692307692,0.3558799909921011,115.76175720049191,0.04244712499999537
sonar,208,60,2,nrs,15,2|8|9|10|11|20|27|30|31|37|39|40|47|48|56,0.9210064935064936,0.43701923076923077,0.5972785622593068,104.28060879756114,0.04244712499999537
sonar,208,60,2,nrs,16,1|2|8|9|10|11|20|27|30|31|37|39|40|47|48|56,0.920939060939061,0.44519230769230766,0.339261813955635,88.35499280099432,0.04244712499999537
sonar,208,60,2,nrs,17,1|2|8|9|10|11|20|27|30|31|36|37|39|40|47|48|56,0.9232067932067932,0.4581730769230769,0.8060565107774774,88.80078393735094,0.04244712499999537
sonar,208,60,2,nrs,18,1|2|8|9|10|11|18|20|27|30|31|36|37|39|40|47|48|56,0.9386088911088911,0.4774038461538461,0.8060565107774774,70.4741883162969,0.04244712499999537
sonar,208,60,2,nrs,19,1|2|8|9|10|11|18|20|27|30|31|33|36|37|39|40|47|48|56,0.9421353646353646,0.4942307692307692,0.7882251464845824,61.5717123159758,0.04244712499999537
sonar,208,60,2,nrs,20,0|1|2|8|9|10|11|18|20|27|30|31|33|36|37|39|40|47|48|56,0.9403321678321679,0.49182692307692305,0.7696186431053672,59.82868535235109,0.04244712499999537
sonar,208,60,2,nrs,21,0|1|2|8|9|10|11|18|20|27|30|31|33|36|37|38|39|40|47|48|56,0.9421928071928072,0.49326923076923074,0.7882251464845824,55.845332245858216,0.04244712499999537
sonar,208,60,2,nrs,22,0|1|2|8|9|10|11|18|20|27|30|31|33|36|37|38|39|40|47|48|53|56,0.9459965034965034,0.51875,0.8060565107774774,45.27693500250803,0.04244712499999537
sonar,208,60,2,nrs,23,0|1|2|8|9|10|11|18|20|27|30|31|33|36|37|38|39|40|47|48|53|54|56,0.9468381618381618,0.5139423076923078,0.8060565107774774,38.48780179026042,0.04244712499999537
sonar,208,60,2,nrs,24,0|1|2|8|9|10|11|18|20|27|30|31|33|35|36|37|38|39|40|47|48|53|54|56,0.94743006993007,0.5168269230769231,0.7543904730210751,37.502161280809204,0.04244712499999537
sonar,208,60,2,nrs,25,0|1|2|8|9|10|11|18|20|27|30|31|33|35|36|37|38|39|40|46|47|48|53|54|56,0.9481518481518482,0.5139423076923076,0.8432779885070525,32.66833956226956,0.04244712499999537
sonar,208,60,2,nrs,26,0|1|2|8|9|10|11|18|20|27|29|30|31|33|35|36|37|38|39|40|46|47|48|53|54|56,0.950427072927073,0.5192307692307693,0.861187646825845,28.86802431830071,0.04244712499999537
sonar,208,60,2,nrs,27,0|1|2|8|9|10|11|18|20|24|27|29|30|31|33|35|36|37|38|39|40|46|47|48|53|54|56,0.9596803196803196,0.5576923076923077,0.8998617352723758,29.24342090319063,0.04244712499999537
sonar,208,60,2,nrs,28,0|1|2|8|9|10|11|18|20|23|24|27|29|30|31|33|35|36|37|38|39|40|46|47|48|53|54|56,0.9625224775224775,0.5798076923076922,0.8993528749854494,29.587509038839027,0.04244712499999537
sonar,208,60,2,nrs,29,0|1|2|8|9|10|11|12|18|20|23|24|27|29|30|31|33|35|36|37|38|39|40|46|47|48|53|54|56,0.9655644355644356,0.5870192307692308,0.8998617352723758,27.291830554737693,0.04244712499999537
sonar,208,60,2,nrs,30,0|1|2|8|9|10|11|12|18|19|20|23|24|27|29|30|31|33|35|36|37|38|39|40|46|47|48|53|54|56,0.9652922077922078,0.5975961538461538,0.8807188703465982,26.248337637293332,0.04244712499999537
sonar,208,60,2,nrs,31,0|1|2|8|9|10|11|12|18|19|20|23|24|25|27|29|30|31|33|35|36|37|38|39|40|46|47|48|53|54|56,0.9658941058941058,0.6028846153846155,0.8604822611867264,26.413855897828345,0.04244712499999537
sonar,208,60,2,nrs,32,0|1|2|8|9|10|11|12|18|19|20|23|24|25|26|27|29|30|31|33|35|36|37|38|39|40|46|47|48|53|54|56,0.9662712287712287,0.5975961538461538,0.8604822611867264,26.49276491348438,0.04244712499999537
sonar,208,60,2,nrs,33,0|1|2|8|9|10|11|12|18|19|20|23|24|25|26|27|29|30|31|33|35|36|37|38|39|40|46|47|48|53|54|56|57,0.9674975024975025,0.6168269230769231,0.8604822611867264,25.855601080282753,0.04244712499999537
sonar,208,60,2,nrs,34,0|1|2|8|9|10|11|12|18|19|20|23|24|25|26|27|29|30|31|33|35|36|37|38|39|40|46|47|48|53|54|55|56|57,0.9676873126873127,0.6173076923076922,0.8807188703465982,22.503983208609604,0.04244712499999537
sonar,208,60,2,nrs,35,0|1|2|8|9|10|11|12|18|19|20|23|24|25|26|27|29|30|31|33|35|36|37|38|39|40|46|47|48|51|53|54|55|56|57,0.9700424575424575,0.6187500000000001,0.8233028254904681,23.033100223905674,0.04244712499999537
sonar,208,60,2,nrs,36,0|1|2|8|9|10|11|12|18|19|20|23|24|25|26|27|29|30|31|33|35|36|37|38|39|40|46|47|48|49|51|53|54|55|56|57,0.9705294705294705,0.6288461538461539,0.8400667547458452,22.310416051803198,0.04244712499999537
sonar,208,60,2,nrs,37,0|1|2|8|9|10|11|12|18|19|20|23|24|25|26|27|29|30|31|33|35|36|37|38|39|40|45|46|47|48|49|51|53|54|55|56|57,0.9709390609390609,0.6394230769230769,0.8589662200541281,21.043555458256925,0.04244712499999537
sonar,208,60,2,nrs,38,0|1|2|8|9|10|11|12|18|19|20|23|24|25|26|27|29|30|31|33|35|36|37|38|39|40|44|45|46|47|48|49|51|53|54|55|56|57,0.9720204795204795,0.6504807692307693,0.8993528749854494,20.08579943022106,0.04244712499999537
sonar,208,60,2,nrs,39,0|1|2|8|9|10|11|12|18|19|20|23|24|25|26|27|29|30|31|33|35|36|37|38|39|40|42|44|45|46|47|48|49|51|53|54|55|56|57,0.9731743256743257,0.6596153846153847,0.8795034206112722,18.942022048548782,0.04244712499999537
sonar,208,60,2,nrs,40,0|1|2|8|9|10|11|12|18|19|20|23|24|25|26|27|29|30|31|32|33|35|36|37|38|39|40|42|44|45|46|47|48|49|51|53|54|55|56|57,0.9744555444555445,0.6625000000000001,0.8988189402968902,16.491233046683714,0.04244712499999537
sonar,208,60,2,nrs,41,0|1|2|8|9|10|11|12|18|19|20|23|24|25|26|27|28|29|30|31|32|33|35|36|37|38|39|40|42|44|45|46|47|48|49|51|53|54|55|56|57,0.9752572427572428,0.6572115384615385,0.8988189402968902,16.5968762298187,0.04244712499999537
sonar,208,60,2,nrs,42,0|1|2|8|9|10|11|12|18|19|20|23|24|25|26|27|28|29|30|31|32|33|35|36|37|38|39|40|42|44|45|46|47|48|49|51|53|54|55|56|57|58,0.9786613386613386,0.6701923076923078,0.8988189402968902,17.20642629081296,0.04244712499999537
sonar,208,60,2,nrs,43,0|1|2|8|9|10|11|12|18|19|20|23|24|25|26|27|28|29|30|31|32|33|35|36|37|38|39|40|42|44|45|46|47|48|49|51|53|54|55|56|57|58|59,0.9818956043956044,0.6879807692307693,0.8988189402968902,16.395325195498874,0.04244712499999537
sonar,208,60,2,nrs,44,0|1|2|8|9|10|11|12|18|19|20|23|24|25|26|27|28|29|30|31|32|33|35|36|37|38|39|40|42|43|44|45|46|47|48|49|51|53|54|55|56|57|58|59,0.9819255744255744,0.6894230769230769,0.8988189402968902,15.210212039268447,0.04244712499999537
sonar,208,60,2,nrs,45,0|1|2|8|9|10|11|12|13|18|19|20|23|24|25|26|27|28|29|30|31|32|33|35|36|37|38|39|40|42|43|44|45|46|47|48|49|51|53|54|55|56|57|58|59,0.9855694305694306,0.7072115384615386,0.8988189402968902,14.08922978061329,0.04244712499999537
sonar,208,60,2,nrs,46,0|1|2|3|8|9|10|11|12|13|18|19|20|23|24|25|26|27|28|29|30|31|32|33|35|36|37|38|39|40|42|43|44|45|46|47|48|49|51|53|54|55|56|57|58|59,0.9863561438561439,0.7129807692307693,0.8988189402968902,13.053645466410902,0.04244712499999537
sonar,208,60,2,nrs,47,0|1|2|3|4|8|9|10|11|12|13|18|19|20|23|24|25|26|27|28|29|30|31|32|33|35|36|37|38|39|40|42|43|44|45|46|47|48|49|51|53|54|55|56|57|58|59,0.9873301698301699,0.7302884615384616,0.8988189402968902,12.004751177448775,0.04244712499999537
sonar,208,60,2,nrs,48,0|1|2|3|4|5|8|9|10|11|12|13|18|19|20|23|24|25|26|27|28|29|30|31|32|33|35|36|37|38|39|40|42|43|44|45|46|47|48|49|51|53|54|55|56|57|58|59,0.9897502497502497,0.7466346153846154,0.8988189402968902,5.461271883271274,0.04244712499999537
sonar,208,60,2,nrs,49,0|1|2|3|4|5|8|9|10|11|12|13|18|19|20|23|24|25|26|27|28|29|30|31|32|33|35|36|37|38|39|40|42|43|44|45|46|47|48|49|51|52|53|54|55|56|57|58|59,0.9900374625374625,0.7576923076923078,0.8988189402968902,1.3455593807219415,0.04244712499999537
sonar,208,60,2,nrs,50,0|1|2|3|4|5|8|9|10|11|12|13|16|18|19|20|23|24|25|26|27|28|29|30|31|32|33|35|36|37|38|39|40|42|43|44|45|46|47|48|49|51|52|53|54|55|56|57|58|59,0.994522977022977,0.7927884615384616,0.8788505667199777,1.349073669244477,0.04244712499999537
sonar,208,60,2,nrs,51,0|1|2|3|4|5|8|9|10|11|12|13|16|18|19|20|22|23|24|25|26|27|28|29|30|31|32|33|35|36|37|38|39|40|42|43|44|45|46|47|48|49|51|52|53|54|55|56|57|58|59,0.9953696303696303,0.8149038461538461,0.9592507224439246,1.3529453630423847,0.04244712499999537
sonar,208,60,2,nrs,52,0|1|2|3|4|5|8|9|10|11|12|13|15|16|18|19|20|22|23|24|25|26|27|28|29|30|31|32|33|35|36|37|38|39|40|42|43|44|45|46|47|48|49|51|52|53|54|55|56|57|58|59,0.9966208791208792,0.8403846153846156,0.8788505667199777,1.365733306936469,0.04244712499999537
sonar,208,60,2,nrs,53,0|1|2|3|4|5|8|9|10|11|12|13|15|16|18|19|20|22|23|24|25|26|27|28|29|30|31|32|33|34|35|36|37|38|39|40|42|43|44|45|46|47|48|49|51|52|53|54|55|56|57|58|59,0.996968031968032,0.8442307692307693,0.9795777134988983,1.3666908833346365,0.04244712499999537
sonar,208,60,2,nrs,54,0|1|2|3|4|5|8|9|10|11|12|13|15|16|18|19|20|21|22|23|24|25|26|27|28|29|30|31|32|33|34|35|36|37|38|39|40|42|43|44|45|46|47|48|49|51|52|53|54|55|56|57|58|59,0.9974225774225774,0.8548076923076924,0.9192926929957341,1.3713331058170204,0.04244712499999537
sonar,208,60,2,nrs,55,0|1|2|3|4|5|8|9|10|11|12|13|15|16|18|19|20|21|22|23|24|25|26|27|28|29|30|31|32|33|34|35|36|37|38|39|40|41|42|43|44|45|46|47|48|49|51|52|53|54|55|56|57|58|59,0.9976423576423576,0.8596153846153847,1.0,1.3762969930472395,0.04244712499999537
sonar,208,60,2,nrs,56,0|1|2|3|4|5|8|9|10|11|12|13|15|16|17|18|19|20|21|22|23|24|25|26|27|28|29|30|31|32|33|34|35|36|37|38|39|40|41|42|43|44|45|46|47|48|49|51|52|53|54|55|56|57|58|59,0.9977997002997003,0.8697115384615386,1.0,1.3764989607453038,0.04244712499999537
sonar,208,60,2,nrs,57,0|1|2|3|4|5|8|9|10|11|12|13|15|16|17|18|19|20|21|22|23|24|25|26|27|28|29|30|31|32|33|34|35|36|37|38|39|40|41|42|43|44|45|46|47|48|49|50|51|52|53|54|55|56|57|58|59,0.9982092907092908,0.8894230769230771,0.7396226415094339,1.3805932741970461,0.04244712499999537
sonar,208,60,2,nrs,58,0|1|2|3|4|5|8|9|10|11|12|13|14|15|16|17|18|19|20|21|22|23|24|25|26|27|28|29|30|31|32|33|34|35|36|37|38|39|40|41|42|43|44|45|46|47|48|49|50|51|52|53|54|55|56|57|58|59,0.9987412587412587,0.9048076923076925,0.7396226415094339,1.4092179807127958,0.04244712499999537
sonar,208,60,2,nrs,59,0|1|2|3|4|5|6|8|9|10|11|12|13|14|15|16|17|18|19|20|21|22|23|24|25|26|27|28|29|30|31|32|33|34|35|36|37|38|39|40|41|42|43|44|45|46|47|48|49|50|51|52|53|54|55|56|57|58|59,0.9995629370629371,0.9528846153846154,1.0,0.0,0.04244712499999537
sonar,208,60,2,nrs,60,0|1|2|3|4|5|6|7|8|9|10|11|12|13|14|15|16|17|18|19|20|21|22|23|24|25|26|27|28|29|30|31|32|33|34|35|36|37|38|39|40|41|42|43|44|45|46|47|48|49|50|51|52|53|54|55|56|57|58|59,1.0,1.0,1.0,0.0,0.04244712499999537
sonar,208,60,2,relieff,1,11,0.5901573426573427,0.10048076923076922,-0.008153803757558073,3.45318001991857,0.1098161670000053
sonar,208,60,2,relieff,2,10|11,0.6416258741258741,0.1278846153846154,-0.0067942289982605136,23.351017014504695,0.1098161670000053
sonar,208,60,2,relieff,3,9|10|11,0.6631618381618382,0.14086538461538461,0.00954653937947494,44.48791830790463,0.1098161670000053
sonar,208,60,2,relieff,4,9|10|11|35,0.7307717282717283,0.20576923076923076,-0.007322059555493396,72.6869136365769,0.1098161670000053
sonar,208,60,2,relieff,5,8|9|10|11|35,0.7390384615384615,0.20625000000000002,0.06323803939659149,94.8174847973423,0.1098161670000053
sonar,208,60,2,relieff,6,8|9|10|11|35|44,0.7946028971028971,0.24375000000000002,0.11961017839076928,122.38781507837463,0.1098161670000053
sonar,208,60,2,relieff,7,8|9|10|11|35|44|47,0.807524975024975,0.2644230769230769,0.21458500233419978,137.8893991447491,0.1098161670000053
sonar,208,60,2,relieff,8,8|9|10|11|12|35|44|47,0.8278571428571428,0.28221153846153846,0.1378495204646765,151.99109524665548,0.1098161670000053
sonar,208,60,2,relieff,9,8|9|10|11|12|35|44|47|48,0.8260414585414586,0.26826923076923076,0.13140684161353242,150.60708512744966,0.1098161670000053
sonar,208,60,2,relieff,10,8|9|10|11|12|35|44|45|47|48,0.831446053946054,0.27884615384615385,0.24456184309725487,152.3478963048076,0.1098161670000053
sonar,208,60,2,relieff,11,8|9|10|11|12|35|36|44|45|47|48,0.828951048951049,0.28125,0.39060333761232346,151.6436849067466,0.1098161670000053
sonar,208,60,2,relieff,12,8|9|10|11|12|35|36|44|45|46|47|48,0.8290284715284715,0.27403846153846156,0.4690992294259021,153.77263814993873,0.1098161670000053
sonar,208,60,2,relieff,13,8|9|10|11|12|35|36|43|44|45|46|47|48,0.8360989010989011,0.28557692307692306,0.5015136920324755,145.84474298884479,0.1098161670000053
sonar,208,60,2,relieff,14,8|9|10|11|12|30|35|36|43|44|45|46|47|48,0.8573451548451548,0.32115384615384623,0.498925115413211,128.6381297135384,0.1098161670000053
sonar,208,60,2,relieff,15,8|9|10|11|12|20|30|35|36|43|44|45|46|47|48,0.8872227772227772,0.37451923076923077,0.498925115413211,124.54407904739656,0.1098161670000053
sonar,208,60,2,relieff,16,8|9|10|11|12|20|30|33|35|36|43|44|45|46|47|48,0.8968106893106893,0.39903846153846156,0.5387720751640432,115.93068212757181,0.1098161670000053
sonar,208,60,2,relieff,17,8|9|10|11|12|20|27|30|33|35|36|43|44|45|46|47|48,0.906008991008991,0.4326923076923077,0.5780753527715145,101.83102395223146,0.1098161670000053
sonar,208,60,2,relieff,18,8|9|10|11|12|20|27|30|31|33|35|36|43|44|45|46|47|48,0.9093981018981019,0.4375,0.5269974271608372,94.95956989479399,0.1098161670000053
sonar,208,60,2,relieff,19,8|9|10|11|12|20|27|30|31|33|34|35|36|43|44|45|46|47|48,0.9112987012987013,0.4389423076923077,0.7511109403613918,91.29889238615097,0.1098161670000053
sonar,208,60,2,relieff,20,7|8|9|10|11|12|20|27|30|31|33|34|35|36|43|44|45|46|47|48,0.9181218781218781,0.44855769230769227,0.7004527802743814,78.8715275094255,0.1098161670000053
sonar,208,60,2,relieff,21,7|8|9|10|11|12|20|27|28|30|31|33|34|35|36|43|44|45|46|47|48,0.919572927072927,0.4552884615384615,0.7511109403613918,70.29074921577508,0.1098161670000053
sonar,208,60,2,relieff,22,7|8|9|10|11|12|19|20|27|28|30|31|33|34|35|36|43|44|45|46|47|48,0.9233666333666334,0.4721153846153846,0.6706030150753769,61.93942940789226,0.1098161670000053
sonar,208,60,2,relieff,23,7|8|9|10|11|12|19|20|27|28|30|31|33|34|35|36|42|43|44|45|46|47|48,0.9280894105894106,0.47740384615384623,0.6679555585573416,58.43532815796361,0.1098161670000053
sonar,208,60,2,relieff,24,7|8|9|10|11|12|16|19|20|27|28|30|31|33|34|35|36|42|43|44|45|46|47|48,0.9365109890109891,0.5134615384615385,0.6520773919600319,51.493625292861594,0.1098161670000053
sonar,208,60,2,relieff,25,7|8|9|10|11|12|16|19|20|27|28|29|30|31|33|34|35|36|42|43|44|45|46|47|48,0.937455044955045,0.5091346153846155,0.5909468988203298,49.96850929500893,0.1098161670000053
sonar,208,60,2,relieff,26,7|8|9|10|11|12|16|19|20|27|28|29|30|31|33|34|35|36|41|42|43|44|45|46|47|48,0.9381718281718282,0.5197115384615385,0.7327000427899015,48.36945592375058,0.1098161670000053
sonar,208,60,2,relieff,27,7|8|9|10|11|12|16|19|20|27|28|29|30|31|33|34|35|36|40|41|42|43|44|45|46|47|48,0.9385864135864136,0.5235576923076923,0.7114096868566475,45.06671903974971,0.1098161670000053
sonar,208,60,2,relieff,28,7|8|9|10|11|12|16|19|20|25|27|28|29|30|31|33|34|35|36|40|41|42|43|44|45|46|47|48,0.9442932067932068,0.5466346153846153,0.7285133161810723,44.388631038112486,0.1098161670000053
sonar,208,60,2,relieff,29,7|8|9|10|11|12|16|19|20|25|26|27|28|29|30|31|33|34|35|36|40|41|42|43|44|45|46|47|48,0.9438361638361639,0.5504807692307693,0.729976312194897,42.13554683346583,0.1098161670000053
sonar,208,60,2,relieff,30,7|8|9|10|11|12|15|16|19|20|25|26|27|28|29|30|31|33|34|35|36|40|41|42|43|44|45|46|47|48,0.9488736263736264,0.5663461538461538,0.7472965651749919,41.34872278650936,0.1098161670000053
sonar,208,60,2,relieff,31,7|8|9|10|11|12|15|16|19|20|24|25|26|27|28|29|30|31|33|34|35|36|40|41|42|43|44|45|46|47|48,0.9490884115884116,0.5788461538461539,0.7661650538594985,40.645428524945416,0.1098161670000053
sonar,208,60,2,relieff,32,7|8|9|10|11|12|15|16|19|20|21|24|25|26|27|28|29|30|31|33|34|35|36|40|41|42|43|44|45|46|47|48,0.9533666333666334,0.5879807692307691,0.745898626749975,38.4274002144288,0.1098161670000053
sonar,208,60,2,relieff,33,7|8|9|10|11|12|15|16|19|20|21|24|25|26|27|28|29|30|31|32|33|34|35|36|40|41|42|43|44|45|46|47|48,0.9546103896103896,0.5879807692307693,0.7685237483953787,37.827313975386566,0.1098161670000053
sonar,208,60,2,relieff,34,7|8|9|10|11|12|15|16|19|20|21|24|25|26|27|28|29|30|31|32|33|34|35|36|38|40|41|42|43|44|45|46|47|48,0.954050949050949,0.6024038461538461,0.8233028254904681,35.85484597478952,0.1098161670000053
sonar,208,60,2,relieff,35,7|8|9|10|11|12|15|16|19|20|21|22|24|25|26|27|28|29|30|31|32|33|34|35|36|38|40|41|42|43|44|45|46|47|48,0.957475024975025,0.6173076923076923,0.8041660932984726,33.554852622778185,0.1098161670000053
sonar,208,60,2,relieff,36,7|8|9|10|11|12|15|16|19|20|21|22|24|25|26|27|28|29|30|31|32|33|34|35|36|37|38|40|41|42|43|44|45|46|47|48,0.9589335664335664,0.6201923076923077,0.8031491524837615,33.84415714676721,0.1098161670000053
sonar,208,60,2,relieff,37,7|8|9|10|11|12|15|16|19|20|21|22|24|25|26|27|28|29|30|31|32|33|34|35|36|37|38|40|41|42|43|44|45|46|47|48|51,0.9643056943056943,0.6254807692307692,0.8031491524837615,33.92737011429948,0.1098161670000053
sonar,208,60,2,relieff,38,7|8|9|10|11|12|14|15|16|19|20|21|22|24|25|26|27|28|29|30|31|32|33|34|35|36|37|38|40|41|42|43|44|45|46|47|48|51,0.9652497502497502,0.6375000000000001,0.8233028254904681,34.369083416622146,0.1098161670000053
sonar,208,60,2,relieff,39,7|8|9|10|11|12|14|15|16|19|20|21|22|23|24|25|26|27|28|29|30|31|32|33|34|35|36|37|38|40|41|42|43|44|45|46|47|48|51,0.9661988011988012,0.6408653846153846,0.7839809296781883,33.348352494771966,0.1098161670000053
sonar,208,60,2,relieff,40,5|7|8|9|10|11|12|14|15|16|19|20|21|22|23|24|25|26|27|28|29|30|31|32|33|34|35|36|37|38|40|41|42|43|44|45|46|47|48|51,0.9689610389610389,0.6629807692307692,0.7839809296781883,27.05523635463609,0.1098161670000053
sonar,208,60,2,relieff,41,5|7|8|9|10|11|12|14|15|16|19|20|21|22|23|24|25|26|27|28|29|30|31|32|33|34|35|36|37|38|39|40|41|42|43|44|45|46|47|48|51,0.9691508491508491,0.6673076923076923,0.8020826089979834,24.4895841250558,0.1098161670000053
sonar,208,60,2,relieff,42,5|7|8|9|10|11|12|13|14|15|16|19|20|21|22|23|24|25|26|27|28|29|30|31|32|33|34|35|36|37|38|39|40|41|42|43|44|45|46|47|48|51,0.9691833166833167,0.6682692307692307,0.7839809296781883,25.01037410319788,0.1098161670000053
sonar,208,60,2,relieff,43,5|7|8|9|10|11|12|13|14|15|16|19|20|21|22|23|24|25|26|27|28|29|30|31|32|33|34|35|36|37|38|39|40|41|42|43|44|45|46|47|48|50|51,0.9708291708291709,0.6759615384615384,0.8020826089979834,26.123646607442335,0.1098161670000053
sonar,208,60,2,relieff,44,5|7|8|9|10|11|12|13|14|15|16|19|20|21|22|23|24|25|26|27|28|29|30|31|32|33|34|35|36|37|38|39|40|41|42|43|44|45|46|47|48|50|51|53,0.9762837162837162,0.7,0.8020826089979834,23.377891031812446,0.1098161670000053
sonar,208,60,2,relieff,45,5|7|8|9|10|11|12|13|14|15|16|19|20|21|22|23|24|25|26|27|28|29|30|31|32|33|34|35|36|37|38|39|40|41|42|43|44|45|46|47|48|50|51|52|53,0.9783816183816184,0.7216346153846155,0.8214627803662369,17.160897916352337,0.1098161670000053
sonar,208,60,2,relieff,46,5|7|8|9|10|11|12|13|14|15|16|17|19|20|21|22|23|24|25|26|27|28|29|30|31|32|33|34|35|36|37|38|39|40|41|42|43|44|45|46|47|48|50|51|52|53,0.9787162837162837,0.7235576923076923,0.8214627803662369,15.825298425989402,0.1098161670000053
sonar,208,60,2,relieff,47,4|5|7|8|9|10|11|12|13|14|15|16|17|19|20|21|22|23|24|25|26|27|28|29|30|31|32|33|34|35|36|37|38|39|40|41|42|43|44|45|46|47|48|50|51|52|53,0.9823501498501499,0.7384615384615384,0.8214627803662369,13.54007691217841,0.1098161670000053
sonar,208,60,2,relieff,48,4|5|7|8|9|10|11|12|13|14|15|16|17|18|19|20|21|22|23|24|25|26|27|28|29|30|31|32|33|34|35|36|37|38|39|40|41|42|43|44|45|46|47|48|50|51|52|53,0.983041958041958,0.7423076923076924,0.8214627803662369,12.192517157732446,0.1098161670000053
sonar,208,60,2,relieff,49,1|4|5|7|8|9|10|11|12|13|14|15|16|17|18|19|20|21|22|23|24|25|26|27|28|29|30|31|32|33|34|35|36|37|38|39|40|41|42|43|44|45|46|47|48|50|51|52|53,0.9849875124875125,0.7533653846153846,0.8214627803662369,11.044587974307058,0.1098161670000053
sonar,208,60,2,relieff,50,1|3|4|5|7|8|9|10|11|12|13|14|15|16|17|18|19|20|21|22|23|24|25|26|27|28|29|30|31|32|33|34|35|36|37|38|39|40|41|42|43|44|45|46|47|48|50|51|52|53,0.9875024975024975,0.7586538461538462,0.840928608067686,8.511222169441147,0.1098161670000053
sonar,208,60,2,relieff,51,0|1|3|4|5|7|8|9|10|11|12|13|14|15|16|17|18|19|20|21|22|23|24|25|26|27|28|29|30|31|32|33|34|35|36|37|38|39|40|41|42|43|44|45|46|47|48|50|51|52|53,0.9871828171828172,0.7701923076923077,0.840928608067686,7.62708117571356,0.1098161670000053
sonar,208,60,2,relieff,52,0|1|2|3|4|5|7|8|9|10|11|12|13|14|15|16|17|18|19|20|21|22|23|24|25|26|27|28|29|30|31|32|33|34|35|36|37|38|39|40|41|42|43|44|45|46|47|48|50|51|52|53,0.9881643356643357,0.78125,0.8382180539273154,7.722861912003296,0.1098161670000053
sonar,208,60,2,relieff,53,0|1|2|3|4|5|7|8|9|10|11|12|13|14|15|16|17|18|19|20|21|22|23|24|25|26|27|28|29|30|31|32|33|34|35|36|37|38|39|40|41|42|43|44|45|46|47|48|50|51|52|53|59,0.9934065934065934,0.8033653846153848,0.8382180539273154,3.868550148771017,0.1098161670000053
sonar,208,60,2,relieff,54,0|1|2|3|4|5|7|8|9|10|11|12|13|14|15|16|17|18|19|20|21|22|23|24|25|26|27|28|29|30|31|32|33|34|35|36|37|38|39|40|41|42|43|44|45|46|47|48|49|50|51|52|53|59,0.9948076923076923,0.8240384615384617,0.8993528749854494,4.07098289516169,0.1098161670000053
sonar,208,60,2,relieff,55,0|1|2|3|4|5|7|8|9|10|11|12|13|14|15|16|17|18|19|20|21|22|23|24|25|26|27|28|29|30|31|32|33|34|35|36|37|38|39|40|41|42|43|44|45|46|47|48|49|50|51|52|53|57|59,0.9958866133866134,0.8475961538461539,0.8382180539273154,4.1132298002909495,0.1098161670000053
sonar,208,60,2,relieff,56,0|1|2|3|4|5|7|8|9|10|11|12|13|14|15|16|17|18|19|20|21|22|23|24|25|26|27|28|29|30|31|32|33|34|35|36|37|38|39|40|41|42|43|44|45|46|47|48|49|50|51|52|53|55|57|59,0.9975,0.8687500000000001,0.918434044920381,4.133589172638925,0.1098161670000053
sonar,208,60,2,relieff,57,0|1|2|3|4|5|7|8|9|10|11|12|13|14|15|16|17|18|19|20|21|22|23|24|25|26|27|28|29|30|31|32|33|34|35|36|37|38|39|40|41|42|43|44|45|46|47|48|49|50|51|52|53|54|55|57|59,0.9980519480519481,0.8783653846153847,0.9590391165774291,1.3672476432034655,0.1098161670000053
sonar,208,60,2,relieff,58,0|1|2|3|4|5|7|8|9|10|11|12|13|14|15|16|17|18|19|20|21|22|23|24|25|26|27|28|29|30|31|32|33|34|35|36|37|38|39|40|41|42|43|44|45|46|47|48|49|50|51|52|53|54|55|57|58|59,0.9987112887112887,0.9024038461538464,0.7396226415094339,1.3730536244669322,0.1098161670000053
sonar,208,60,2,relieff,59,0|1|2|3|4|5|7|8|9|10|11|12|13|14|15|16|17|18|19|20|21|22|23|24|25|26|27|28|29|30|31|32|33|34|35|36|37|38|39|40|41|42|43|44|45|46|47|48|49|50|51|52|53|54|55|56|57|58|59,0.9993456543456544,0.9375000000000001,1.0,1.4095191620922547,0.1098161670000053
sonar,208,60,2,relieff,60,0|1|2|3|4|5|6|7|8|9|10|11|12|13|14|15|16|17|18|19|20|21|22|23|24|25|26|27|28|29|30|31|32|33|34|35|36|37|38|39|40|41|42|43|44|45|46|47|48|49|50|51|52|53|54|55|56|57|58|59,1.0,1.0,1.0,0.0,0.1098161670000053
sonar,208,60,2,mutual_info,1,11,0.5901573426573427,0.10048076923076922,-0.008153803757558073,3.45318001991857,0.03500779099999818
sonar,208,60,2,mutual_info,2,10|11,0.6416258741258741,0.1278846153846154,-0.0067942289982605136,23.351017014504695,0.03500779099999818
sonar,208,60,2,mutual_info,3,10|11|48,0.6972827172827173,0.15673076923076928,0.017039546867496945,56.85754843219874,0.03500779099999818
sonar,208,60,2,mutual_info,4,10|11|47|48,0.7095104895104896,0.1692307692307692,0.1303224704154649,78.34871477231451,0.03500779099999818
sonar,208,60,2,mutual_info,5,9|10|11|47|48,0.7219105894105894,0.17884615384615385,0.08121603759729769,98.4525907435175,0.03500779099999818
sonar,208,60,2,mutual_info,6,8|9|10|11|47|48,0.7371528471528472,0.1870192307692308,0.12433075550267698,113.88686580286293,0.03500779099999818
sonar,208,60,2,mutual_info,7,8|9|10|11|36|47|48,0.7758616383616384,0.23701923076923076,0.19260772659732542,131.36947431228492,0.03500779099999818
sonar,208,60,2,mutual_info,8,8|9|10|11|36|45|47|48,0.7955869130869131,0.24326923076923082,0.24816544362908605,140.51852382222708,0.03500779099999818
sonar,208,60,2,mutual_info,9,7|8|9|10|11|36|45|47|48,0.8075649350649351,0.25,0.21241388626232607,147.99987422970284,0.03500779099999818
sonar,208,60,2,mutual_info,10,7|8|9|10|11|36|38|45|47|48,0.8157542457542457,0.26249999999999996,0.2863327105439419,148.48741896340033,0.03500779099999818
sonar,208,60,2,mutual_info,11,7|8|9|10|11|19|36|38|45|47|48,0.8635964035964037,0.3389423076923077,0.27006723147159695,154.907883450039,0.03500779099999818
sonar,208,60,2,mutual_info,12,7|8|9|10|11|19|36|38|45|47|48|57,0.8635914085914086,0.34086538461538457,0.2963760619986773,146.44188012860303,0.03500779099999818
sonar,208,60,2,mutual_info,13,7|8|9|10|11|19|20|36|38|45|47|48|57,0.8720254745254745,0.3581730769230769,0.2963760619986773,141.19767652701464,0.03500779099999818
sonar,208,60,2,mutual_info,14,7|8|9|10|11|19|20|32|36|38|45|47|48|57,0.8947427572427572,0.3923076923076923,0.2963760619986773,124.04558664872494,0.03500779099999818
sonar,208,60,2,mutual_info,15,7|8|9|10|11|19|20|32|35|36|38|45|47|48|57,0.8961963036963037,0.39615384615384613,0.35426952228635006,119.86429508288549,0.03500779099999818
sonar,208,60,2,mutual_info,16,7|8|9|10|11|15|19|20|32|35|36|38|45|47|48|57,0.9160614385614385,0.4375,0.23299675807105227,99.90886112346472,0.03500779099999818
sonar,208,60,2,mutual_info,17,7|8|9|10|11|15|16|19|20|32|35|36|38|45|47|48|57,0.9218281718281718,0.4519230769230769,0.011842135350603338,89.30173008339604,0.03500779099999818
sonar,208,60,2,mutual_info,18,7|8|9|10|11|14|15|16|19|20|32|35|36|38|45|47|48|57,0.9270204795204795,0.4653846153846154,0.004185790936712134,88.19189638266845,0.03500779099999818
sonar,208,60,2,mutual_info,19,7|8|9|10|11|14|15|16|19|20|24|32|35|36|38|45|47|48|57,0.9352522477522478,0.5072115384615384,-0.006662451976851626,82.6846415290285,0.03500779099999818
sonar,208,60,2,mutual_info,20,7|8|9|10|11|14|15|16|19|20|24|32|35|36|38|45|47|48|57|58,0.9439310689310689,0.5153846153846153,-0.01336466441474519,69.29860291878771,0.03500779099999818
sonar,208,60,2,mutual_info,21,7|8|9|10|11|14|15|16|19|20|22|24|32|35|36|38|45|47|48|57|58,0.9487687312687313,0.5264423076923077,0.010212564148510623,61.58677446166869,0.03500779099999818
sonar,208,60,2,mutual_info,22,7|8|9|10|11|14|15|16|19|20|22|24|28|32|35|36|38|45|47|48|57|58,0.9597327672327672,0.5629807692307692,0.011295928500496525,57.93338490177645,0.03500779099999818
sonar,208,60,2,mutual_info,23,7|8|9|10|11|14|15|16|19|20|21|22|24|28|32|35|36|38|45|47|48|57|58,0.960531968031968,0.551923076923077,0.022084987620613193,54.902271770226896,0.03500779099999818
sonar,208,60,2,mutual_info,24,7|8|9|10|11|14|15|16|19|20|21|22|24|28|32|35|36|38|42|45|47|48|57|58,0.9651998001998002,0.5721153846153846,0.022084987620613193,49.67530694617592,0.03500779099999818
sonar,208,60,2,mutual_info,25,7|8|9|10|11|12|14|15|16|19|20|21|22|24|28|32|35|36|38|42|45|47|48|57|58,0.9643831168831168,0.5740384615384615,0.028773491552532626,45.291446626065664,0.03500779099999818
sonar,208,60,2,mutual_info,26,7|8|9|10|11|12|14|15|16|19|20|21|22|24|28|32|35|36|38|42|45|46|47|48|57|58,0.9648376623376623,0.5793269230769231,0.04092406044168927,41.82152010610524,0.03500779099999818
sonar,208,60,2,mutual_info,27,7|8|9|10|11|12|14|15|16|19|20|21|22|24|28|32|35|36|37|38|42|45|46|47|48|57|58,0.9656193806193806,0.5783653846153846,0.028773491552532626,41.037677021450236,0.03500779099999818
sonar,208,60,2,mutual_info,28,7|8|9|10|11|12|14|15|16|19|20|21|22|24|28|32|35|36|37|38|42|45|46|47|48|51|57|58,0.9687062937062937,0.5951923076923077,0.8233028254904681,39.93398264141098,0.03500779099999818
sonar,208,60,2,mutual_info,29,0|7|8|9|10|11|12|14|15|16|19|20|21|22|24|28|32|35|36|37|38|42|45|46|47|48|51|57|58,0.9729295704295704,0.6038461538461538,0.8993528749854494,35.50882970511544,0.03500779099999818
sonar,208,60,2,mutual_info,30,0|7|8|9|10|11|12|14|15|16|19|20|21|22|24|28|32|35|36|37|38|42|45|46|47|48|51|54|57|58,0.9716908091908092,0.5995192307692307,0.8988189402968902,35.54552519594625,0.03500779099999818
sonar,208,60,2,mutual_info,31,0|7|8|9|10|11|12|14|15|16|19|20|21|22|24|28|32|35|36|37|38|42|43|45|46|47|48|51|54|57|58,0.9723976023976024,0.6096153846153847,0.8604822611867264,31.8463236133029,0.03500779099999818
sonar,208,60,2,mutual_info,32,0|7|8|9|10|11|12|14|15|16|19|20|21|22|24|28|32|35|36|37|38|39|42|43|45|46|47|48|51|54|57|58,0.9725974025974026,0.614423076923077,0.8624978223829292,30.81185189160751,0.03500779099999818
sonar,208,60,2,mutual_info,33,0|7|8|9|10|11|12|14|15|16|19|20|21|22|24|28|32|35|36|37|38|39|42|43|44|45|46|47|48|51|54|57|58,0.9715584415584415,0.6120192307692307,0.7851208670871614,29.894427447317174,0.03500779099999818
sonar,208,60,2,mutual_info,34,0|7|8|9|10|11|12|14|15|16|19|20|21|22|24|28|29|32|35|36|37|38|39|42|43|44|45|46|47|48|51|54|57|58,0.9737662337662337,0.6274038461538461,0.8233028254904681,30.403590542947946,0.03500779099999818
sonar,208,60,2,mutual_info,35,0|4|7|8|9|10|11|12|14|15|16|19|20|21|22|24|28|29|32|35|36|37|38|39|42|43|44|45|46|47|48|51|54|57|58,0.9816208791208791,0.6552884615384615,0.8624978223829292,23.318911322062178,0.03500779099999818
sonar,208,60,2,mutual_info,36,0|4|7|8|9|10|11|12|14|15|16|19|20|21|22|23|24|28|29|32|35|36|37|38|39|42|43|44|45|46|47|48|51|54|57|58,0.9823201798201798,0.6519230769230769,0.9003461950559418,22.121232335829323,0.03500779099999818
sonar,208,60,2,mutual_info,37,0|4|6|7|8|9|10|11|12|14|15|16|19|20|21|22|23|24|28|29|32|35|36|37|38|39|42|43|44|45|46|47|48|51|54|57|58,0.9837187812187812,0.6721153846153847,0.9003461950559418,18.920759047768733,0.03500779099999818
sonar,208,60,2,mutual_info,38,0|4|6|7|8|9|10|11|12|14|15|16|19|20|21|22|23|24|28|29|32|35|36|37|38|39|42|43|44|45|46|47|48|51|54|57|58|59,0.9845904095904096,0.6721153846153847,0.9003461950559418,16.968073555604086,0.03500779099999818
sonar,208,60,2,mutual_info,39,0|3|4|6|7|8|9|10|11|12|14|15|16|19|20|21|22|23|24|28|29|32|35|36|37|38|39|42|43|44|45|46|47|48|51|54|57|58|59,0.985,0.6754807692307693,0.9003461950559418,14.642768028635725,0.03500779099999818
sonar,208,60,2,mutual_info,40,0|2|3|4|6|7|8|9|10|11|12|14|15|16|19|20|21|22|23|24|28|29|32|35|36|37|38|39|42|43|44|45|46|47|48|51|54|57|58|59,0.9857067932067932,0.6798076923076923,0.8020826089979834,13.428148369525001,0.03500779099999818
sonar,208,60,2,mutual_info,41,0|2|3|4|6|7|8|9|10|11|12|14|15|16|19|20|21|22|23|24|28|29|31|32|35|36|37|38|39|42|43|44|45|46|47|48|51|54|57|58|59,0.9883116883116884,0.6927884615384616,0.8807188703465982,13.56763151021047,0.03500779099999818
sonar,208,60,2,mutual_info,42,0|2|3|4|6|7|8|9|10|11|12|14|15|16|19|20|21|22|23|24|28|29|31|32|35|36|37|38|39|42|43|44|45|46|47|48|51|53|54|57|58|59,0.9890209790209791,0.7,0.840928608067686,13.062438479122033,0.03500779099999818
sonar,208,60,2,mutual_info,43,0|1|2|3|4|6|7|8|9|10|11|12|14|15|16|19|20|21|22|23|24|28|29|31|32|35|36|37|38|39|42|43|44|45|46|47|48|51|53|54|57|58|59,0.988538961038961,0.7057692307692308,0.8214627803662369,11.834090158458462,0.03500779099999818
sonar,208,60,2,mutual_info,44,0|1|2|3|4|6|7|8|9|10|11|12|14|15|16|19|20|21|22|23|24|28|29|31|32|35|36|37|38|39|42|43|44|45|46|47|48|51|53|54|56|57|58|59,0.9893306693306694,0.7134615384615384,0.8400667547458452,10.520882867240879,0.03500779099999818
sonar,208,60,2,mutual_info,45,0|1|2|3|4|6|7|8|9|10|11|12|14|15|16|19|20|21|22|23|24|28|29|31|32|35|36|37|38|39|42|43|44|45|46|47|48|51|53|54|55|56|57|58|59,0.9896678321678322,0.71875,0.8009650180940893,9.197634510834058,0.03500779099999818
sonar,208,60,2,mutual_info,46,0|1|2|3|4|6|7|8|9|10|11|12|14|15|16|19|20|21|22|23|24|28|29|31|32|35|36|37|38|39|42|43|44|45|46|47|48|51|52|53|54|55|56|57|58|59,0.989915084915085,0.7326923076923078,0.8400667547458452,6.7005711352897315,0.03500779099999818
sonar,208,60,2,mutual_info,47,0|1|2|3|4|6|7|8|9|10|11|12|14|15|16|19|20|21|22|23|24|28|29|31|32|35|36|37|38|39|42|43|44|45|46|47|48|50|51|52|53|54|55|56|57|58|59,0.9902922077922078,0.739423076923077,0.8400667547458452,5.318823711793064,0.03500779099999818
sonar,208,60,2,mutual_info,48,0|1|2|3|4|6|7|8|9|10|11|12|14|15|16|19|20|21|22|23|24|28|29|31|32|35|36|37|38|39|42|43|44|45|46|47|48|49|50|51|52|53|54|55|56|57|58|59,0.9910489510489511,0.75,0.7802240928472843,2.649923420184971,0.03500779099999818
sonar,208,60,2,mutual_info,49,0|1|2|3|4|6|7|8|9|10|11|12|14|15|16|19|20|21|22|23|24|26|28|29|31|32|35|36|37|38|39|42|43|44|45|46|47|48|49|50|51|52|53|54|55|56|57|58|59,0.994050949050949,0.7778846153846154,0.7997948417350528,2.649923420184971,0.03500779099999818
sonar,208,60,2,mutual_info,50,0|1|2|3|4|5|6|7|8|9|10|11|12|14|15|16|19|20|21|22|23|24|26|28|29|31|32|35|36|37|38|39|42|43|44|45|46|47|48|49|50|51|52|53|54|55|56|57|58|59,0.9942457542457542,0.7951923076923078,0.8391636509851227,1.3330057733055778,0.03500779099999818
sonar,208,60,2,mutual_info,51,0|1|2|3|4|5|6|7|8|9|10|11|12|14|15|16|19|20|21|22|23|24|26|28|29|31|32|33|35|36|37|38|39|42|43|44|45|46|47|48|49|50|51|52|53|54|55|56|57|58|59,0.9960514485514486,0.8269230769230769,0.8988189402968902,1.3330869481358096,0.03500779099999818
sonar,208,60,2,mutual_info,52,0|1|2|3|4|5|6|7|8|9|10|11|12|13|14|15|16|19|20|21|22|23|24|26|28|29|31|32|33|35|36|37|38|39|42|43|44|45|46|47|48|49|50|51|52|53|54|55|56|57|58|59,0.9958241758241758,0.8298076923076925,0.9188735901145199,1.4008828513638873,0.03500779099999818
sonar,208,60,2,mutual_info,53,0|1|2|3|4|5|6|7|8|9|10|11|12|13|14|15|16|17|19|20|21|22|23|24|26|28|29|31|32|33|35|36|37|38|39|42|43|44|45|46|47|48|49|50|51|52|53|54|55|56|57|58|59,0.9965284715284716,0.8360576923076924,0.8194406090970058,1.4010812787266766,0.03500779099999818
sonar,208,60,2,mutual_info,54,0|1|2|3|4|5|6|7|8|9|10|11|12|13|14|15|16|17|18|19|20|21|22|23|24|26|28|29|31|32|33|35|36|37|38|39|42|43|44|45|46|47|48|49|50|51|52|53|54|55|56|57|58|59,0.9966208791208792,0.8379807692307693,0.7985704428442526,1.4015942058730544,0.03500779099999818
sonar,208,60,2,mutual_info,55,0|1|2|3|4|5|6|7|8|9|10|11|12|13|14|15|16|17|18|19|20|21|22|23|24|26|28|29|30|31|32|33|35|36|37|38|39|42|43|44|45|46|47|48|49|50|51|52|53|54|55|56|57|58|59,0.9969755244755245,0.8548076923076924,0.8988189402968902,0.0,0.03500779099999818
sonar,208,60,2,mutual_info,56,0|1|2|3|4|5|6|7|8|9|10|11|12|13|14|15|16|17|18|19|20|21|22|23|24|26|28|29|30|31|32|33|35|36|37|38|39|41|42|43|44|45|46|47|48|49|50|51|52|53|54|55|56|57|58|59,0.9976598401598401,0.872596153846154,0.8993528749854494,0.0,0.03500779099999818
sonar,208,60,2,mutual_info,57,0|1|2|3|4|5|6|7|8|9|10|11|12|13|14|15|16|17|18|19|20|21|22|23|24|26|28|29|30|31|32|33|35|36|37|38|39|40|41|42|43|44|45|46|47|48|49|50|51|52|53|54|55|56|57|58|59,0.9981043956043956,0.8884615384615385,0.7788536768979792,0.0,0.03500779099999818
sonar,208,60,2,mutual_info,58,0|1|2|3|4|5|6|7|8|9|10|11|12|13|14|15|16|17|18|19|20|21|22|23|24|25|26|28|29|30|31|32|33|35|36|37|38|39|40|41|42|43|44|45|46|47|48|49|50|51|52|53|54|55|56|57|58|59,0.9985114885114885,0.9115384615384616,0.8581535103291386,0.0,0.03500779099999818
sonar,208,60,2,mutual_info,59,0|1|2|3|4|5|6|7|8|9|10|11|12|13|14|15|16|17|18|19|20|21|22|23|24|25|26|27|28|29|30|31|32|33|35|36|37|38|39|40|41|42|43|44|45|46|47|48|49|50|51|52|53|54|55|56|57|58|59,0.9994280719280719,0.9466346153846156,0.7985704428442526,0.0,0.03500779099999818
sonar,208,60,2,mutual_info,60,0|1|2|3|4|5|6|7|8|9|10|11|12|13|14|15|16|17|18|19|20|21|22|23|24|25|26|27|28|29|30|31|32|33|34|35|36|37|38|39|40|41|42|43|44|45|46|47|48|49|50|51|52|53|54|55|56|57|58|59,1.0,1.0,1.0,0.0,0.03500779099999818
sonar,208,60,2,variance,1,37,0.5938836163836163,0.09134615384615384,0.43052754982415004,3.2007071965872766,3.3041999998317806e-05
sonar,208,60,2,variance,2,37|57,0.6289085914085915,0.1,0.3663762655992465,27.252885304810693,3.3041999998317806e-05
sonar,208,60,2,variance,3,37|45|57,0.7015034965034965,0.15192307692307694,0.6150559076988819,59.76204154508086,3.3041999998317806e-05
sonar,208,60,2,variance,4,37|45|52|57,0.710477022977023,0.15961538461538463,0.5039794608472401,92.42987564941583,3.3041999998317806e-05
sonar,208,60,2,variance,5,33|37|45|52|57,0.7619655344655345,0.2072115384615385,0.6238333423570128,126.72435038816596,3.3041999998317806e-05
sonar,208,60,2,variance,6,33|37|44|45|52|57,0.7692882117882118,0.22115384615384615,0.6961607265721755,141.90328644180292,3.3041999998317806e-05
sonar,208,60,2,variance,7,12|33|37|44|45|52|57,0.8281893106893107,0.26875000000000004,0.729976312194897,168.64128530108545,3.3041999998317806e-05
sonar,208,60,2,variance,8,12|33|35|37|44|45|52|57,0.8413586413586414,0.28942307692307695,0.729976312194897,178.92859878432205,3.3041999998317806e-05
sonar,208,60,2,variance,9,12|24|33|35|37|44|45|52|57,0.8501973026973026,0.31923076923076926,0.6796562112604968,171.06909131035616,3.3041999998317806e-05
sonar,208,60,2,variance,10,12|24|25|33|35|37|44|45|52|57,0.8519305694305694,0.3225961538461538,0.7327000427899015,162.13394105002064,3.3041999998317806e-05
sonar,208,60,2,variance,11,12|24|25|32|33|35|37|44|45|52|57,0.8626523476523477,0.3336538461538462,0.5044391408114558,146.9600026959231,3.3041999998317806e-05
sonar,208,60,2,variance,12,0|12|24|25|32|33|35|37|44|45|52|57,0.8697877122877122,0.34567307692307697,0.7327000427899015,133.86543744434886,3.3041999998317806e-05
sonar,208,60,2,variance,13,0|12|24|25|32|33|35|37|39|44|45|52|57,0.8725824175824176,0.35144230769230766,0.7183276342228646,114.2392912911065,3.3041999998317806e-05
sonar,208,60,2,variance,14,0|12|24|25|32|33|35|37|39|40|44|45|52|57,0.8767307692307692,0.36730769230769234,0.7029646362449062,102.59744820801224,3.3041999998317806e-05
sonar,208,60,2,variance,15,0|12|24|25|32|33|35|37|39|40|44|45|46|52|57,0.8799200799200799,0.37259615384615385,0.7997948417350528,96.28349913353853,3.3041999998317806e-05
sonar,208,60,2,variance,16,0|12|22|24|25|32|33|35|37|39|40|44|45|46|52|57,0.8934265734265734,0.41442307692307695,0.820475124461225,90.10354306696954,3.3041999998317806e-05
sonar,208,60,2,variance,17,0|12|20|22|24|25|32|33|35|37|39|40|44|45|46|52|57,0.9149875124875125,0.4543269230769231,0.8031491524837615,81.01020384090822,3.3041999998317806e-05
sonar,208,60,2,variance,18,0|12|20|22|24|25|32|33|35|37|39|40|44|45|46|52|57|59,0.9215784215784216,0.4576923076923076,0.8400667547458452,68.82975104997463,3.3041999998317806e-05
sonar,208,60,2,variance,19,0|3|12|20|22|24|25|32|33|35|37|39|40|44|45|46|52|57|59,0.9260764235764236,0.4649038461538461,0.8400667547458452,63.41665006427192,3.3041999998317806e-05
sonar,208,60,2,variance,20,0|3|12|15|20|22|24|25|32|33|35|37|39|40|44|45|46|52|57|59,0.9494955044955045,0.5201923076923076,0.8194406090970058,60.591227799090326,3.3041999998317806e-05
sonar,208,60,2,variance,21,0|3|5|12|15|20|22|24|25|32|33|35|37|39|40|44|45|46|52|57|59,0.9552222777222777,0.5302884615384615,0.8194406090970058,52.180086735333006,3.3041999998317806e-05
sonar,208,60,2,variance,22,0|3|5|8|12|15|20|22|24|25|32|33|35|37|39|40|44|45|46|52|57|59,0.966481018981019,0.5543269230769231,0.8597421172391375,45.037418466371236,3.3041999998317806e-05
sonar,208,60,2,variance,23,0|3|5|8|10|12|15|20|22|24|25|32|33|35|37|39|40|44|45|46|52|57|59,0.9683316683316683,0.5754807692307692,0.8391636509851227,38.95781783932306,3.3041999998317806e-05
sonar,208,60,2,variance,24,0|3|5|8|10|12|15|20|22|24|25|32|33|35|37|38|39|40|44|45|46|52|57|59,0.9686513486513486,0.5769230769230769,0.8391636509851227,35.5596837553539,3.3041999998317806e-05
sonar,208,60,2,variance,25,0|3|5|8|10|12|15|20|22|24|25|32|33|35|37|38|39|40|44|45|46|51|52|57|59,0.9682567432567433,0.5846153846153845,0.8009650180940893,33.92498527702334,3.3041999998317806e-05
sonar,208,60,2,variance,26,0|3|5|8|10|12|15|20|22|24|25|32|33|35|37|38|39|40|44|45|46|48|51|52|57|59,0.9693306693306694,0.598076923076923,0.840928608067686,31.862035789840377,3.3041999998317806e-05
sonar,208,60,2,variance,27,0|3|4|5|8|10|12|15|20|22|24|25|32|33|35|37|38|39|40|44|45|46|48|51|52|57|59,0.971510989010989,0.5990384615384615,0.8604822611867264,26.10343255742803,3.3041999998317806e-05
sonar,208,60,2,variance,28,0|3|4|5|8|10|12|15|20|22|24|25|29|32|33|35|37|38|39|40|44|45|46|48|51|52|57|59,0.9784690309690309,0.6341346153846152,0.8391636509851227,23.688083070308135,3.3041999998317806e-05
sonar,208,60,2,variance,29,0|3|4|5|8|10|12|15|20|22|23|24|25|29|32|33|35|37|38|39|40|44|45|46|48|51|52|57|59,0.9773976023976024,0.6274038461538461,0.7997948417350528,22.46178991427165,3.3041999998317806e-05
sonar,208,60,2,variance,30,0|3|4|5|8|10|12|15|20|22|23|24|25|26|29|32|33|35|37|38|39|40|44|45|46|48|51|52|57|59,0.9785939060939061,0.6350961538461539,0.7997948417350528,22.606892578562775,3.3041999998317806e-05
sonar,208,60,2,variance,31,0|3|4|5|8|10|12|15|20|22|23|24|25|26|29|32|33|35|37|38|39|40|44|45|46|47|48|51|52|57|59,0.9785014985014985,0.6326923076923077,0.8382180539273154,22.931889709122284,3.3041999998317806e-05
sonar,208,60,2,variance,32,0|3|4|5|8|10|12|15|20|22|23|24|25|26|29|32|33|35|37|38|39|40|41|44|45|46|47|48|51|52|57|59,0.9787212787212787,0.6451923076923076,0.8988189402968902,23.18585431136917,3.3041999998317806e-05
sonar,208,60,2,variance,33,0|3|4|5|8|10|12|15|16|20|22|23|24|25|26|29|32|33|35|37|38|39|40|41|44|45|46|47|48|51|52|57|59,0.9820529470529471,0.6591346153846154,0.8781664656212304,21.95135583827719,3.3041999998317806e-05
sonar,208,60,2,variance,34,0|3|4|5|8|10|12|15|16|20|22|23|24|25|26|29|32|33|35|37|38|39|40|41|44|45|46|47|48|49|51|52|57|59,0.9833341658341659,0.6639423076923077,0.8183577989337731,19.75088649490609,3.3041999998317806e-05
sonar,208,60,2,variance,35,0|3|4|5|8|10|12|15|16|19|20|22|23|24|25|26|29|32|33|35|37|38|39|40|41|44|45|46|47|48|49|51|52|57|59,0.9847377622377622,0.6716346153846153,0.8183577989337731,17.04623749927215,3.3041999998317806e-05
sonar,208,60,2,variance,36,0|3|4|5|8|10|12|15|16|19|20|22|23|24|25|26|29|32|33|35|36|37|38|39|40|41|44|45|46|47|48|49|51|52|57|59,0.9851348651348651,0.6807692307692308,0.8391636509851227,17.08953217505539,3.3041999998317806e-05
sonar,208,60,2,variance,37,0|3|4|5|8|10|12|15|16|19|20|22|23|24|25|26|29|31|32|33|35|36|37|38|39|40|41|44|45|46|47|48|49|51|52|57|59,0.9860589410589411,0.6932692307692307,0.8589662200541281,17.241934589214903,3.3041999998317806e-05
sonar,208,60,2,variance,38,0|3|4|5|8|10|12|15|16|19|20|22|23|24|25|26|29|31|32|33|35|36|37|38|39|40|41|44|45|46|47|48|49|51|52|56|57|59,0.9872027972027972,0.7067307692307693,0.8788505667199777,16.1399141134111,3.3041999998317806e-05
sonar,208,60,2,variance,39,0|3|4|5|8|10|12|14|15|16|19|20|22|23|24|25|26|29|31|32|33|35|36|37|38|39|40|41|44|45|46|47|48|49|51|52|56|57|59,0.9885164835164835,0.7115384615384616,0.8589662200541281,16.30701970855473,3.3041999998317806e-05
sonar,208,60,2,variance,40,0|3|4|5|8|10|12|14|15|16|19|20|22|23|24|25|26|29|31|32|33|35|36|37|38|39|40|41|44|45|46|47|48|49|51|52|54|56|57|59,0.9905494505494505,0.7254807692307691,0.8988189402968902,14.214597014501791,3.3041999998317806e-05
sonar,208,60,2,variance,41,0|3|4|5|8|10|12|14|15|16|19|20|22|23|24|25|26|29|30|31|32|33|35|36|37|38|39|40|41|44|45|46|47|48|49|51|52|54|56|57|59,0.9907592407592407,0.7336538461538462,0.918434044920381,14.349001965703879,3.3041999998317806e-05
sonar,208,60,2,variance,42,0|3|4|5|8|10|12|14|15|16|19|20|22|23|24|25|26|29|30|31|32|33|35|36|37|38|39|40|41|42|44|45|46|47|48|49|51|52|54|56|57|59,0.9913536463536463,0.7365384615384615,0.918434044920381,13.075322264949634,3.3041999998317806e-05
sonar,208,60,2,variance,43,0|3|4|5|8|10|12|14|15|16|19|20|22|23|24|25|26|29|30|31|32|33|35|36|37|38|39|40|41|42|44|45|46|47|48|49|51|52|53|54|56|57|59,0.9922502497502498,0.7509615384615385,0.918434044920381,10.763137557684887,3.3041999998317806e-05
sonar,208,60,2,variance,44,0|3|4|5|8|10|12|14|15|16|19|20|22|23|24|25|26|29|30|31|32|33|35|36|37|38|39|40|41|42|43|44|45|46|47|48|49|51|52|53|54|56|57|59,0.9917632367632367,0.7456730769230769,0.918434044920381,10.925568561566477,3.3041999998317806e-05
sonar,208,60,2,variance,45,0|3|4|5|8|10|12|14|15|16|17|19|20|22|23|24|25|26|29|30|31|32|33|35|36|37|38|39|40|41|42|43|44|45|46|47|48|49|51|52|53|54|56|57|59,0.9924675324675325,0.7548076923076923,0.8982592134718834,9.5318518545612,3.3041999998317806e-05
sonar,208,60,2,variance,46,0|3|4|5|8|10|11|12|14|15|16|17|19|20|22|23|24|25|26|29|30|31|32|33|35|36|37|38|39|40|41|42|43|44|45|46|47|48|49|51|52|53|54|56|57|59,0.9926698301698301,0.7682692307692308,0.8982592134718834,5.366723267950906,3.3041999998317806e-05
sonar,208,60,2,variance,47,0|3|4|5|8|10|11|12|14|15|16|17|19|20|22|23|24|25|26|28|29|30|31|32|33|35|36|37|38|39|40|41|42|43|44|45|46|47|48|49|51|52|53|54|56|57|59,0.9943356643356643,0.7889423076923078,0.8982592134718834,5.391989292108823,3.3041999998317806e-05
sonar,208,60,2,variance,48,0|3|4|5|7|8|10|11|12|14|15|16|17|19|20|22|23|24|25|26|28|29|30|31|32|33|35|36|37|38|39|40|41|42|43|44|45|46|47|48|49|51|52|53|54|56|57|59,0.9949025974025975,0.8028846153846154,0.8982592134718834,4.003782021140889,3.3041999998317806e-05
sonar,208,60,2,variance,49,0|3|4|5|7|8|10|11|12|14|15|16|17|19|20|22|23|24|25|26|27|28|29|30|31|32|33|35|36|37|38|39|40|41|42|43|44|45|46|47|48|49|51|52|53|54|56|57|59,0.9956143856143856,0.8096153846153847,0.8982592134718834,4.007967287491718,3.3041999998317806e-05
sonar,208,60,2,variance,50,0|3|4|5|7|8|9|10|11|12|14|15|16|17|19|20|22|23|24|25|26|27|28|29|30|31|32|33|35|36|37|38|39|40|41|42|43|44|45|46|47|48|49|51|52|53|54|56|57|59,0.9959540459540459,0.8129807692307693,0.918434044920381,4.013031062752908,3.3041999998317806e-05
sonar,208,60,2,variance,51,0|3|4|5|7|8|9|10|11|12|14|15|16|17|19|20|21|22|23|24|25|26|27|28|29|30|31|32|33|35|36|37|38|39|40|41|42|43|44|45|46|47|48|49|51|52|53|54|56|57|59,0.9963811188811189,0.8211538461538462,0.918434044920381,4.022740010775879,3.3041999998317806e-05
sonar,208,60,2,variance,52,0|3|4|5|7|8|9|10|11|12|14|15|16|17|19|20|21|22|23|24|25|26|27|28|29|30|31|32|33|35|36|37|38|39|40|41|42|43|44|45|46|47|48|49|51|52|53|54|56|57|58|59,0.9967932067932068,0.8365384615384617,0.918434044920381,2.6695470771453405,3.3041999998317806e-05
sonar,208,60,2,variance,53,0|1|3|4|5|7|8|9|10|11|12|14|15|16|17|19|20|21|22|23|24|25|26|27|28|29|30|31|32|33|35|36|37|38|39|40|41|42|43|44|45|46|47|48|49|51|52|53|54|56|57|58|59,0.99748001998002,0.8509615384615385,0.9386932495394951,1.3200204135730682,3.3041999998317806e-05
sonar,208,60,2,variance,54,0|1|3|4|5|7|8|9|10|11|12|14|15|16|17|18|19|20|21|22|23|24|25|26|27|28|29|30|31|32|33|35|36|37|38|39|40|41|42|43|44|45|46|47|48|49|51|52|53|54|56|57|58|59,0.99751998001998,0.8586538461538462,0.9386932495394951,1.3205648665621321,3.3041999998317806e-05
sonar,208,60,2,variance,55,0|1|3|4|5|7|8|9|10|11|12|14|15|16|17|18|19|20|21|22|23|24|25|26|27|28|29|30|31|32|33|35|36|37|38|39|40|41|42|43|44|45|46|47|48|49|50|51|52|53|54|56|57|58|59,0.9978971028971029,0.8673076923076924,0.9386932495394951,1.324831982092769,3.3041999998317806e-05
sonar,208,60,2,variance,56,0|1|2|3|4|5|7|8|9|10|11|12|14|15|16|17|18|19|20|21|22|23|24|25|26|27|28|29|30|31|32|33|35|36|37|38|39|40|41|42|43|44|45|46|47|48|49|50|51|52|53|54|56|57|58|59,0.998001998001998,0.8798076923076924,0.9386932495394951,1.341127555307324,3.3041999998317806e-05
sonar,208,60,2,variance,57,0|1|2|3|4|5|7|8|9|10|11|12|14|15|16|17|18|19|20|21|22|23|24|25|26|27|28|29|30|31|32|33|34|35|36|37|38|39|40|41|42|43|44|45|46|47|48|49|50|51|52|53|54|56|57|58|59,0.9982942057942058,0.8903846153846154,1.0,1.342102664794472,3.3041999998317806e-05
sonar,208,60,2,variance,58,0|1|2|3|4|5|7|8|9|10|11|12|14|15|16|17|18|19|20|21|22|23|24|25|26|27|28|29|30|31|32|33|34|35|36|37|38|39|40|41|42|43|44|45|46|47|48|49|50|51|52|53|54|55|56|57|58|59,0.998981018981019,0.918269230769231,1.0,1.3421594787462647,3.3041999998317806e-05
sonar,208,60,2,variance,59,0|1|2|3|4|5|6|7|8|9|10|11|12|14|15|16|17|18|19|20|21|22|23|24|25|26|27|28|29|30|31|32|33|34|35|36|37|38|39|40|41|42|43|44|45|46|47|48|49|50|51|52|53|54|55|56|57|58|59,0.9996278721278721,0.958173076923077,1.0,1.365470226308064,3.3041999998317806e-05
sonar,208,60,2,variance,60,0|1|2|3|4|5|6|7|8|9|10|11|12|13|14|15|16|17|18|19|20|21|22|23|24|25|26|27|28|29|30|31|32|33|34|35|36|37|38|39|40|41|42|43|44|45|46|47|48|49|50|51|52|53|54|55|56|57|58|59,1.0,1.0,1.0,0.0,3.3041999998317806e-05
seeds,210,7,3,pai,1,5,0.612650263190109,0.12,0.14452933454998806,96.57000493033485,5.478959208000006
seeds,210,7,3,pai,2,2|5,0.7283951524054352,0.2842857142857143,0.2595158623455829,85.63864735460777,5.478959208000006
seeds,210,7,3,pai,3,2|5|6,0.9683608764842698,0.598095238095238,0.7510454157686892,49.7288995558733,5.478959208000006
seeds,210,7,3,pai,4,2|4|5|6,0.9892275676337373,0.7128571428571429,0.7878243554550013,29.89190566319467,5.478959208000006
seeds,210,7,3,pai,5,2|3|4|5|6,0.9973607540702656,0.8433333333333335,0.8119389963956214,14.796951856144343,5.478959208000006
seeds,210,7,3,pai,6,1|2|3|4|5|6,0.9995005508630187,0.9385714285714287,0.8000235334373328,7.270599640360409,5.478959208000006
seeds,210,7,3,pai,7,0|1|2|3|4|5|6,1.0,1.0,1.0,0.0,5.478959208000006
seeds,210,7,3,nrs,1,5,0.612650263190109,0.12,0.14452933454998806,96.57000493033485,0.0064739169999938895
seeds,210,7,3,nrs,2,5|6,0.8850116293303953,0.3357142857142857,0.6038301658632037,89.9431652842483,0.0064739169999938895
seeds,210,7,3,nrs,3,0|5|6,0.9601591382054107,0.49238095238095236,0.7112421992861698,67.15788284073058,0.0064739169999938895
seeds,210,7,3,nrs,4,0|1|5|6,0.9605141388174807,0.5242857142857142,0.7882954955494679,58.95156718341629,0.0064739169999938895
seeds,210,7,3,nrs,5,0|1|3|5|6,0.9622328314359163,0.5442857142857142,0.7878243554550013,45.48583280981866,0.0064739169999938895
seeds,210,7,3,nrs,6,0|1|3|4|5|6,0.9834471783572041,0.6619047619047619,0.8753986677657813,30.346293653144773,0.0064739169999938895
seeds,210,7,3,nrs,7,0|1|2|3|4|5|6,1.0,1.0,1.0,0.0,0.0064739169999938895
seeds,210,7,3,relieff,1,0,0.8593095850165259,0.23952380952380958,0.6781160673032647,97.2961003434363,0.049653000000006386
seeds,210,7,3,relieff,2,0|1,0.8954927163667523,0.29666666666666663,0.6989652698142711,100.60721435592153,0.049653000000006386
seeds,210,7,3,relieff,3,0|1|4,0.9186167217529686,0.3680952380952381,0.6858330268920313,98.59839702675431,0.049653000000006386
seeds,210,7,3,relieff,4,0|1|4|6,0.9307014322438487,0.4014285714285714,0.7627212485065742,85.04210081514604,0.049653000000006386
seeds,210,7,3,relieff,5,0|1|3|4|6,0.9325400905863631,0.4219047619047619,0.7516050377949823,75.39035450122091,0.049653000000006386
seeds,210,7,3,relieff,6,0|1|2|3|4|6,0.939260619414861,0.5019047619047619,0.7841366002253801,54.09171905747773,0.049653000000006386
seeds,210,7,3,relieff,7,0|1|2|3|4|5|6,1.0,1.0,1.0,0.0,0.049653000000006386
seeds,210,7,3,mutual_info,1,0,0.8593095850165259,0.23952380952380958,0.6781160673032647,97.2961003434363,0.005682459000013296
seeds,210,7,3,mutual_info,2,0|1,0.8954927163667523,0.29666666666666663,0.6989652698142711,100.60721435592153,0.005682459000013296
seeds,210,7,3,mutual_info,3,0|1|4,0.9186167217529686,0.3680952380952381,0.6858330268920313,98.59839702675431,0.005682459000013296
seeds,210,7,3,mutual_info,4,0|1|3|4,0.9211090708777084,0.4042857142857143,0.7522990019502362,90.70712099588684,0.005682459000013296
seeds,210,7,3,mutual_info,5,0|1|3|4|6,0.9325400905863631,0.4219047619047619,0.7516050377949823,75.39035450122091,0.005682459000013296
seeds,210,7,3,mutual_info,6,0|1|2|3|4|6,0.939260619414861,0.5019047619047619,0.7841366002253801,54.09171905747773,0.005682459000013296
seeds,210,7,3,mutual_info,7,0|1|2|3|4|5|6,1.0,1.0,1.0,0.0,0.005682459000013296
seeds,210,7,3,variance,1,3,0.815235646958012,0.22428571428571434,0.5356815719018647,97.23921382810067,1.7874999997502528e-05
seeds,210,7,3,variance,2,0|3,0.9165552699228792,0.35714285714285715,0.637229699460964,99.11392880295834,1.7874999997502528e-05
seeds,210,7,3,variance,3,0|3|4,0.92142000244828,0.4085714285714286,0.7279153901658867,93.87648178777029,1.7874999997502528e-05
seeds,210,7,3,variance,4,0|3|4|6,0.9341584037213857,0.42571428571428577,0.7641591358186293,79.61967335645556,1.7874999997502528e-05
seeds,210,7,3,variance,5,0|1|3|4|6,0.9325400905863631,0.4219047619047619,0.7516050377949823,75.39035450122091,1.7874999997502528e-05
seeds,210,7,3,variance,6,0|1|2|3|4|6,0.939260619414861,0.5019047619047619,0.7841366002253801,54.09171905747773,1.7874999997502528e-05
seeds,210,7,3,variance,7,0|1|2|3|4|5|6,1.0,1.0,1.0,0.0,1.7874999997502528e-05
glass,214,9,6,pai,1,3,0.6611925892794086,0.15467289719626173,0.19217215561151058,95.13821055978077,5.837253250000003
glass,214,9,6,pai,2,3|7,0.7029308599543304,0.19485981308411224,0.22807861522448372,87.52358118361164,5.837253250000003
glass,214,9,6,pai,3,3|7|8,0.8040066856564421,0.3177570093457944,0.5384254265942875,75.14264607224368,5.837253250000003
glass,214,9,6,pai,4,1|3|7|8,0.8823583417688741,0.4719626168224299,0.677134330630065,55.66038166929477,5.837253250000003
glass,214,9,6,pai,5,1|2|3|7|8,0.9326090538854492,0.5551401869158878,0.6596560608784229,38.54399477974467,5.837253250000003
glass,214,9,6,pai,6,1|2|3|6|7|8,0.9599802255231997,0.6228971962616823,0.6164289238869637,28.777351206745596,5.837253250000003
glass,214,9,6,pai,7,0|1|2|3|6|7|8,0.9841050872195674,0.7415887850467289,0.7781577957591164,14.087717922495745,5.837253250000003
glass,214,9,6,pai,8,0|1|2|3|5|6|7|8,0.9890463523152616,0.7682242990654204,0.8091295797909945,12.248339207864625,5.837253250000003
glass,214,9,6,pai,9,0|1|2|3|4|5|6|7|8,1.0,1.0,1.0,4.2146848510894035e-08,5.837253250000003
glass,214,9,6,nrs,1,3,0.6611925892794086,0.15467289719626173,0.19217215561151058,95.13821055978077,0.008377667000004863
glass,214,9,6,nrs,2,0|3,0.7940394077073377,0.26588785046728974,0.3303416320525383,82.92528738062445,0.008377667000004863
glass,214,9,6,nrs,3,0|3|6,0.8374043645095224,0.3261682242990654,0.27102676765188466,64.38862864279793,0.008377667000004863
glass,214,9,6,nrs,4,0|3|4|6,0.8743167212034182,0.4079439252336449,0.4073358621335581,43.06997371202247,0.008377667000004863
glass,214,9,6,nrs,5,0|3|4|6|8,0.9549377339391228,0.6612149532710281,0.7054027211948009,26.44403009943687,0.008377667000004863
glass,214,9,6,nrs,6,0|2|3|4|6|8,0.968746910238,0.6967289719626168,0.7424132219817199,21.4970546068628,0.008377667000004863
glass,214,9,6,nrs,7,0|2|3|4|5|6|8,0.9791190941406342,0.7355140186915887,0.7392964447586057,17.50843634618105,0.008377667000004863
glass,214,9,6,nrs,8,0|2|3|4|5|6|7|8,0.9831610913627911,0.7630841121495328,0.8660097308968863,15.237935213401354,0.008377667000004863
glass,214,9,6,nrs,9,0|1|2|3|4|5|6|7|8,1.0,1.0,1.0,4.2146848510894035e-08,0.008377667000004863
glass,214,9,6,relieff,1,2,0.6453306339603098,0.11588785046728971,0.30280534756461736,94.87335096098778,0.0674364159999925
glass,214,9,6,relieff,2,2|3,0.742884719508463,0.2285046728971963,0.2511573392299106,89.70030065401843,0.0674364159999925
glass,214,9,6,relieff,3,2|3|6,0.8203630028955484,0.31214953271028045,0.408484920150043,71.74870498305515,0.0674364159999925
glass,214,9,6,relieff,4,1|2|3|6,0.8746651286518045,0.4060747663551402,0.46192254551921313,51.777582638975154,0.0674364159999925
glass,214,9,6,relieff,5,1|2|3|6|7,0.8842322088561407,0.4322429906542056,0.4799553777922891,47.6338050724093,0.0674364159999925
glass,214,9,6,relieff,6,0|1|2|3|6|7,0.9027189905600415,0.48411214953271026,0.4891219105983556,34.228313258990696,0.0674364159999925
glass,214,9,6,relieff,7,0|1|2|3|4|6|7,0.9128322229807669,0.5649532710280374,0.5266297983172837,27.189640909722694,0.0674364159999925
glass,214,9,6,relieff,8,0|1|2|3|4|6|7|8,0.9949316132677323,0.9294392523364488,0.8088019822831206,5.432381430748957,0.0674364159999925
glass,214,9,6,relieff,9,0|1|2|3|4|5|6|7|8,1.0,1.0,1.0,4.2146848510894035e-08,0.0674364159999925
glass,214,9,6,mutual_info,1,2,0.6453306339603098,0.11588785046728971,0.30280534756461736,94.87335096098778,0.012416125000001443
glass,214,9,6,mutual_info,2,2|3,0.742884719508463,0.2285046728971963,0.2511573392299106,89.70030065401843,0.012416125000001443
glass,214,9,6,mutual_info,3,0|2|3,0.8306151274747522,0.31261682242990657,0.2965486235463265,69.67420350788127,0.012416125000001443
glass,214,9,6,mutual_info,4,0|2|3|5,0.8469902775489065,0.33831775700934574,0.455034663432638,62.365943741917896,0.012416125000001443
glass,214,9,6,mutual_info,5,0|1|2|3|5,0.8898255608653688,0.4532710280373832,0.5079756785293844,41.47785009897574,0.012416125000001443
glass,214,9,6,mutual_info,6,0|1|2|3|5|6,0.8991666470491302,0.47897196261682246,0.5095075697812874,34.007750907682535,0.012416125000001443
glass,214,9,6,mutual_info,7,0|1|2|3|5|6|7,0.9060029661715201,0.5093457943925234,0.5281706048567629,30.620240125579418,0.012416125000001443
glass,214,9,6,mutual_info,8,0|1|2|3|5|6|7|8,0.9890463523152616,0.7682242990654204,0.8091295797909945,12.248339207864625,0.012416125000001443
glass,214,9,6,mutual_info,9,0|1|2|3|4|5|6|7|8,1.0,1.0,1.0,4.2146848510894035e-08,0.012416125000001443
glass,214,9,6,variance,1,2,0.6453306339603098,0.11588785046728971,0.30280534756461736,94.87335096098778,1.604200001281697e-05
glass,214,9,6,variance,2,2|7,0.7094611455071917,0.19345794392523366,0.26332432924647126,87.32159642379135,1.604200001281697e-05
glass,214,9,6,variance,3,2|4|7,0.7978177452388239,0.26308411214953276,0.372340879419068,76.11812234329574,1.604200001281697e-05
glass,214,9,6,variance,4,1|2|4|7,0.8423126721438828,0.32383177570093463,0.3978453619379168,61.8058693164949,1.604200001281697e-05
glass,214,9,6,variance,5,1|2|4|5|7,0.8653923114950917,0.36682242990654207,0.41274286379096775,56.55171610335059,1.604200001281697e-05
glass,214,9,6,variance,6,0|1|2|4|5|7,0.9016408107535488,0.4607476635514019,0.5267778295091063,39.52872410240599,1.604200001281697e-05
glass,214,9,6,variance,7,0|1|2|3|4|5|7,0.9126792061960027,0.5518691588785046,0.5282254429366128,27.857656162985286,1.604200001281697e-05
glass,214,9,6,variance,8,0|1|2|3|4|5|6|7,0.9162856941076767,0.588785046728972,0.5628044628712037,22.668829472184406,1.604200001281697e-05
glass,214,9,6,variance,9,0|1|2|3|4|5|6|7|8,1.0,1.0,1.0,4.2146848510894035e-08,1.604200001281697e-05
ecoli,336,7,8,pai,1,4,0.6389504865908922,0.09077380952380952,0.08959802797400446,151.9848477643012,18.124293707999996
ecoli,336,7,8,pai,2,4|5,0.8188878983730778,0.22678571428571428,0.2645961213792916,146.45819213474007,18.124293707999996
ecoli,336,7,8,pai,3,0|4|5,0.9182945174949855,0.45625000000000004,0.40924461201672646,99.98749554766023,18.124293707999996
ecoli,336,7,8,pai,4,0|1|4|5,0.9584559096649581,0.7497023809523808,0.5461742637855478,35.935854544755784,18.124293707999996
ecoli,336,7,8,pai,5,0|1|4|5|6,0.9753110838719263,0.9517857142857143,0.5549614074898415,3.8584984409776633,18.124293707999996
ecoli,336,7,8,pai,6,0|1|2|4|5|6,0.9972838199242255,0.9973214285714287,0.6143132204440214,1.9476032565838057,18.124293707999996
ecoli,336,7,8,pai,7,0|1|2|3|4|5|6,1.0,1.0,1.0,0.0,18.124293707999996
ecoli,336,7,8,nrs,1,4,0.6389504865908922,0.09077380952380952,0.08959802797400446,151.9848477643012,0.011000541000001363
ecoli,336,7,8,nrs,2,0|4,0.7825811603892727,0.2264880952380952,0.2707858463754669,147.25969251383466,0.011000541000001363
ecoli,336,7,8,nrs,3,0|4|5,0.9182945174949855,0.45625000000000004,0.40924461201672646,99.98749554766023,0.011000541000001363
ecoli,336,7,8,nrs,4,0|1|4|5,0.9584559096649581,0.7497023809523808,0.5461742637855478,35.935854544755784,0.011000541000001363
ecoli,336,7,8,nrs,5,0|1|2|4|5,0.9841356511403313,0.7872023809523809,0.562991769486205,31.022367364239493,0.011000541000001363
ecoli,336,7,8,nrs,6,0|1|2|3|4|5,0.986729254884481,0.7877976190476191,0.8033835400773944,31.229970720144493,0.011000541000001363
ecoli,336,7,8,nrs,7,0|1|2|3|4|5|6,1.0,1.0,1.0,0.0,0.011000541000001363
ecoli,336,7,8,relieff,1,5,0.7249628556570834,0.10803571428571428,0.19449796571108627,155.2782115704873,0.14431804199999476
ecoli,336,7,8,relieff,2,5|6,0.8039047990491048,0.15416666666666667,0.24447413810230728,151.62526865539257,0.14431804199999476
ecoli,336,7,8,relieff,3,0|5|6,0.868093938043236,0.28452380952380957,0.49587239909406877,132.28911382382014,0.14431804199999476
ecoli,336,7,8,relieff,4,0|1|5|6,0.9161596463858555,0.45982142857142855,0.45566004890248735,76.53016027445966,0.14431804199999476
ecoli,336,7,8,relieff,5,0|1|4|5|6,0.9753110838719263,0.9517857142857143,0.5549614074898415,3.8584984409776633,0.14431804199999476
ecoli,336,7,8,relieff,6,0|1|2|4|5|6,0.9972838199242255,0.9973214285714287,0.6143132204440214,1.9476032565838057,0.14431804199999476
ecoli,336,7,8,relieff,7,0|1|2|3|4|5|6,1.0,1.0,1.0,0.0,0.14431804199999476
ecoli,336,7,8,mutual_info,1,5,0.7249628556570834,0.10803571428571428,0.19449796571108627,155.2782115704873,0.011844542000005731
ecoli,336,7,8,mutual_info,2,5|6,0.8039047990491048,0.15416666666666667,0.24447413810230728,151.62526865539257,0.011844542000005731
ecoli,336,7,8,mutual_info,3,0|5|6,0.868093938043236,0.28452380952380957,0.49587239909406877,132.28911382382014,0.011844542000005731
ecoli,336,7,8,mutual_info,4,0|1|5|6,0.9161596463858555,0.45982142857142855,0.45566004890248735,76.53016027445966,0.011844542000005731
ecoli,336,7,8,mutual_info,5,0|1|4|5|6,0.9753110838719263,0.9517857142857143,0.5549614074898415,3.8584984409776633,0.011844542000005731
ecoli,336,7,8,mutual_info,6,0|1|2|4|5|6,0.9972838199242255,0.9973214285714287,0.6143132204440214,1.9476032565838057,0.011844542000005731
ecoli,336,7,8,mutual_info,7,0|1|2|3|4|5|6,1.0,1.0,1.0,0.0,0.011844542000005731
ecoli,336,7,8,variance,1,6,0.7061390312755367,0.09732142857142859,0.16639076971099725,154.9061874420983,1.8292000007136267e-05
ecoli,336,7,8,variance,2,5|6,0.8039047990491048,0.15416666666666667,0.24447413810230728,151.62526865539257,1.8292000007136267e-05
ecoli,336,7,8,variance,3,0|5|6,0.868093938043236,0.28452380952380957,0.49587239909406877,132.28911382382014,1.8292000007136267e-05
ecoli,336,7,8,variance,4,0|4|5|6,0.9374498551370626,0.5119047619047619,0.5206297472347944,69.96268389690543,1.8292000007136267e-05
ecoli,336,7,8,variance,5,0|1|4|5|6,0.9753110838719263,0.9517857142857143,0.5549614074898415,3.8584984409776633,1.8292000007136267e-05
ecoli,336,7,8,variance,6,0|1|3|4|5|6,0.9780198350791175,0.9544642857142857,0.6223213666088349,3.293961039888453,1.8292000007136267e-05
ecoli,336,7,8,variance,7,0|1|2|3|4|5|6,1.0,1.0,1.0,0.0,1.8292000007136267e-05
parkinsons,195,22,2,pai,1,17,0.6279180058567245,0.1641025641025641,-0.013375776470502702,142.82515851270404,7.930463792000012
parkinsons,195,22,2,pai,2,17|20,0.6999814298978644,0.1958974358974359,-0.02021802774140275,153.84689824358662,7.930463792000012
parkinsons,195,22,2,pai,3,0|17|20,0.7733647596600243,0.2794871794871795,0.055123131050356634,144.1010744278128,7.930463792000012
parkinsons,195,22,2,pai,4,0|17|19|20,0.7952003428326548,0.3117948717948718,0.04758631240722196,123.67088104079832,7.930463792000012
parkinsons,195,22,2,pai,5,0|2|17|19|20,0.8125705306763803,0.3641025641025641,-0.0892988051530773,106.23595281704034,7.930463792000012
parkinsons,195,22,2,pai,6,0|2|17|19|20|21,0.8692321977001642,0.44051282051282054,-0.07843914017470664,90.21768102134874,7.930463792000012
parkinsons,195,22,2,pai,7,0|1|2|17|19|20|21,0.8797600171416328,0.4697435897435897,-0.06863081863245955,79.13779542053723,7.930463792000012
parkinsons,195,22,2,pai,8,0|1|2|17|18|19|20|21,0.8853367616598814,0.5005128205128205,0.07697132656965695,67.73573436249745,7.930463792000012
parkinsons,195,22,2,pai,9,0|1|2|16|17|18|19|20|21,0.9064238268695093,0.5574358974358975,0.04509339166356025,51.553689755212694,7.930463792000012
parkinsons,195,22,2,pai,10,0|1|2|15|16|17|18|19|20|21,0.9455810299264338,0.6333333333333333,0.01950617916010847,40.867525246856616,7.930463792000012
parkinsons,195,22,2,pai,11,0|1|2|12|15|16|17|18|19|20|21,0.9668566530962074,0.6784615384615386,0.20865828861121546,33.53205194676328,7.930463792000012
parkinsons,195,22,2,pai,12,0|1|2|12|13|15|16|17|18|19|20|21,0.9798271552031997,0.7338461538461539,0.2504666470015815,26.481571584869567,7.930463792000012
parkinsons,195,22,2,pai,13,0|1|2|10|12|13|15|16|17|18|19|20|21,0.9840897078780088,0.7769230769230769,0.25986106146628263,22.91272661343322,7.930463792000012
parkinsons,195,22,2,pai,14,0|1|2|8|10|12|13|15|16|17|18|19|20|21,0.9846810942075566,0.7923076923076923,0.25986106146628263,20.314845886017956,7.930463792000012
parkinsons,195,22,2,pai,15,0|1|2|8|10|11|12|13|15|16|17|18|19|20|21,0.9833669023641168,0.7943589743589743,0.3762057877813505,18.488284414020967,7.930463792000012
parkinsons,195,22,2,pai,16,0|1|2|8|9|10|11|12|13|15|16|17|18|19|20|21,0.9825212484822513,0.7948717948717948,0.5216157125314893,16.421582601580948,7.930463792000012
parkinsons,195,22,2,pai,17,0|1|2|8|9|10|11|12|13|14|15|16|17|18|19|20|21,0.9922376973073352,0.8205128205128205,0.5216157125314893,12.814867195521645,7.930463792000012
parkinsons,195,22,2,pai,18,0|1|2|4|8|9|10|11|12|13|14|15|16|17|18|19|20|21,0.9968402256981644,0.8666666666666668,0.6338897766045901,8.671142164994302,7.930463792000012
parkinsons,195,22,2,pai,19,0|1|2|4|5|8|9|10|11|12|13|14|15|16|17|18|19|20|21,0.9985172487679451,0.9056410256410258,0.5216157125314893,6.0139405042486045,7.930463792000012
parkinsons,195,22,2,pai,20,0|1|2|4|5|7|8|9|10|11|12|13|14|15|16|17|18|19|20|21,0.9993971859152918,0.9374358974358975,0.7659696132180996,4.649093136976756,7.930463792000012
parkinsons,195,22,2,pai,21,0|1|2|4|5|6|7|8|9|10|11|12|13|14|15|16|17|18|19|20|21,0.9997800157131633,0.9579487179487182,0.6694048763436162,2.3940228190840798,7.930463792000012
parkinsons,195,22,2,pai,22,0|1|2|3|4|5|6|7|8|9|10|11|12|13|14|15|16|17|18|19|20|21,1.0,1.0,1.0,0.0,7.930463792000012
parkinsons,195,22,2,nrs,1,0,0.6405913863295478,0.1851282051282051,0.011816854538065434,143.19198478482133,0.013710124999988693
parkinsons,195,22,2,nrs,2,0|15,0.8393514748946505,0.3092307692307692,0.01382881230562123,150.83100799073665,0.013710124999988693
parkinsons,195,22,2,nrs,3,0|15|20,0.8505478180129991,0.29794871794871797,0.12530997926420911,143.119650979897,0.013710124999988693
parkinsons,195,22,2,nrs,4,0|15|20|21,0.8864509677880151,0.357948717948718,0.139917701017639,126.86828260197832,0.013710124999988693
parkinsons,195,22,2,nrs,5,0|6|15|20|21,0.9065352474823227,0.4020512820512821,0.7182242186123126,112.77022029961425,0.013710124999988693
parkinsons,195,22,2,nrs,6,0|6|15|18|20|21,0.9051782015570317,0.4061538461538461,0.24347325997873467,102.83339509903911,0.013710124999988693
parkinsons,195,22,2,nrs,7,0|6|15|18|19|20|21,0.9195000357117349,0.4471794871794872,0.23450199702253335,83.78928250307332,0.013710124999988693
parkinsons,195,22,2,nrs,8,0|6|8|15|18|19|20|21,0.9448010856367403,0.501025641025641,0.2911954021741774,73.15317207552629,0.013710124999988693
parkinsons,195,22,2,nrs,9,0|6|8|9|15|18|19|20|21,0.9441925576744519,0.5169230769230769,0.6652240698849547,67.33377635613684,0.013710124999988693
parkinsons,195,22,2,nrs,10,0|6|8|9|11|15|18|19|20|21,0.9447982286979502,0.5256410256410257,0.6837508323456034,62.967926923188415,0.013710124999988693
parkinsons,195,22,2,nrs,11,0|6|8|9|11|14|15|18|19|20|21,0.9518034426112421,0.5435897435897435,0.6837508323456034,57.33928571491963,0.013710124999988693
parkinsons,195,22,2,nrs,12,0|4|6|8|9|11|14|15|18|19|20|21,0.9557574458967216,0.5733333333333334,0.7421547691281267,53.683633947703896,0.013710124999988693
parkinsons,195,22,2,nrs,13,0|1|4|6|8|9|11|14|15|18|19|20|21,0.9718334404685379,0.6184615384615384,0.7421547691281267,44.87754030699275,0.013710124999988693
parkinsons,195,22,2,nrs,14,0|1|4|6|8|9|11|12|14|15|18|19|20|21,0.9715106063852582,0.6164102564102564,0.7836157548089283,42.95022783815844,0.013710124999988693
parkinsons,195,22,2,nrs,15,0|1|3|4|6|8|9|11|12|14|15|18|19|20|21,0.9729733590457824,0.6246153846153846,0.7836157548089283,39.795566906054034,0.013710124999988693
parkinsons,195,22,2,nrs,16,0|1|3|4|6|7|8|9|11|12|14|15|18|19|20|21,0.9734590386400971,0.6328205128205129,0.8732984477037082,38.96191148051771,0.013710124999988693
parkinsons,195,22,2,nrs,17,0|1|3|4|5|6|7|8|9|11|12|14|15|18|19|20|21,0.9737161631312049,0.6317948717948718,0.5021101483888916,37.59897277045469,0.013710124999988693
parkinsons,195,22,2,nrs,18,0|1|3|4|5|6|7|8|9|11|12|13|14|15|18|19|20|21,0.9740332833369045,0.6476923076923076,0.9462291374519373,34.680844996402094,0.013710124999988693
parkinsons,195,22,2,nrs,19,0|1|3|4|5|6|7|8|9|10|11|12|13|14|15|18|19|20|21,0.9739818584386829,0.6497435897435897,1.0,32.964380744373436,0.013710124999988693
parkinsons,195,22,2,nrs,20,0|1|3|4|5|6|7|8|9|10|11|12|13|14|15|17|18|19|20|21,0.9860724233983287,0.7538461538461538,0.9732206230780313,24.73710780747385,0.013710124999988693
parkinsons,195,22,2,nrs,21,0|1|2|3|4|5|6|7|8|9|10|11|12|13|14|15|17|18|19|20|21,0.9943518320119992,0.8379487179487182,0.9732206230780313,14.080313446921977,0.013710124999988693
parkinsons,195,22,2,nrs,22,0|1|2|3|4|5|6|7|8|9|10|11|12|13|14|15|16|17|18|19|20|21,1.0,1.0,1.0,0.0,0.013710124999988693
parkinsons,195,22,2,relieff,1,0,0.6405913863295478,0.1851282051282051,0.011816854538065434,143.19198478482133,0.04452974999998105
parkinsons,195,22,2,relieff,2,0|18,0.7928205128205128,0.27076923076923076,-0.014282163061383735,152.75621573844248,0.04452974999998105
parkinsons,195,22,2,relieff,3,0|18|21,0.7991857724448254,0.2564102564102564,0.05966405861960058,150.18195701926393,0.04452974999998105
parkinsons,195,22,2,relieff,4,0|17|18|21,0.8464252553389043,0.3605128205128204,0.0071889511746820655,137.6928685956425,0.04452974999998105
parkinsons,195,22,2,relieff,5,0|10|17|18|21,0.9273651882008428,0.44871794871794873,0.25986106146628263,116.0666480170726,0.04452974999998105
parkinsons,195,22,2,relieff,6,0|10|13|17|18|21,0.9325762445539605,0.46512820512820524,0.279199442774619,110.018753508204,0.04452974999998105
parkinsons,195,22,2,relieff,7,0|8|10|13|17|18|21,0.935041782729805,0.4717948717948718,0.3201979009973306,104.36626891753377,0.04452974999998105
parkinsons,195,22,2,relieff,8,0|8|10|13|17|18|19|21,0.9419441468466538,0.522051282051282,0.3762057877813505,82.97813516110932,0.04452974999998105
parkinsons,195,22,2,relieff,9,0|8|10|11|13|17|18|19|21,0.9421384186843796,0.5246153846153847,0.40023252946253984,79.14940917272094,0.04452974999998105
parkinsons,195,22,2,relieff,10,0|8|10|11|13|16|17|18|19|21,0.9495493179058638,0.5646153846153846,0.3201979009973306,62.57103861842602,0.04452974999998105
parkinsons,195,22,2,relieff,11,0|8|9|10|11|13|16|17|18|19|21,0.9517148775087494,0.5671794871794872,0.3762057877813505,58.690706643547934,0.04452974999998105
parkinsons,195,22,2,relieff,12,0|8|9|10|11|13|15|16|17|18|19|21,0.9576287408042283,0.5917948717948717,0.3531305287428377,51.10565538966385,0.04452974999998105
parkinsons,195,22,2,relieff,13,0|2|8|9|10|11|13|15|16|17|18|19|21,0.9658624383972574,0.6682051282051281,0.3531305287428377,37.22090819759859,0.04452974999998105
parkinsons,195,22,2,relieff,14,0|2|8|9|10|11|13|15|16|17|18|19|20|21,0.9651796300264267,0.7415384615384615,0.3762057877813505,27.149632846060914,0.04452974999998105
parkinsons,195,22,2,relieff,15,0|2|8|9|10|11|12|13|15|16|17|18|19|20|21,0.964659667166631,0.7430769230769231,0.506952845767803,24.273835636509723,0.04452974999998105
parkinsons,195,22,2,relieff,16,0|1|2|8|9|10|11|12|13|15|16|17|18|19|20|21,0.9825212484822513,0.7948717948717948,0.5216157125314893,16.421582601580948,0.04452974999998105
parkinsons,195,22,2,relieff,17,0|1|2|6|8|9|10|11|12|13|15|16|17|18|19|20|21,0.9913491893436183,0.8394871794871798,0.5216157125314893,12.906799785505921,0.04452974999998105
parkinsons,195,22,2,relieff,18,0|1|2|5|6|8|9|10|11|12|13|15|16|17|18|19|20|21,0.99702306978073,0.8805128205128204,0.5216157125314893,9.14501788292375,0.04452974999998105
parkinsons,195,22,2,relieff,19,0|1|2|5|6|7|8|9|10|11|12|13|15|16|17|18|19|20|21,0.9987029497893007,0.9225641025641027,0.5999826969662014,6.16391879646134,0.04452974999998105
parkinsons,195,22,2,relieff,20,0|1|2|4|5|6|7|8|9|10|11|12|13|15|16|17|18|19|20|21,0.9992429112206271,0.9482051282051284,0.506952845767803,3.4599866583662684,0.04452974999998105
parkinsons,195,22,2,relieff,21,0|1|2|3|4|5|6|7|8|9|10|11|12|13|15|16|17|18|19|20|21,0.9996914506106707,0.9743589743589745,0.6338897766045901,1.6386835610382924,0.04452974999998105
parkinsons,195,22,2,relieff,22,0|1|2|3|4|5|6|7|8|9|10|11|12|13|14|15|16|17|18|19|20|21,1.0,1.0,1.0,0.0,0.04452974999998105
parkinsons,195,22,2,mutual_info,1,21,0.7243539747160916,0.14717948717948717,0.2962947961530326,142.67913870769604,0.012797542000015483
parkinsons,195,22,2,mutual_info,2,18|21,0.7202742661238484,0.1441025641025641,0.08204798176945963,144.32303713336808,0.012797542000015483
parkinsons,195,22,2,mutual_info,3,0|18|21,0.7991857724448254,0.2564102564102564,0.05966405861960058,150.18195701926393,0.012797542000015483
parkinsons,195,22,2,mutual_info,4,0|18|19|21,0.8098364402542675,0.2835897435897436,0.10060060185845285,136.16740915942432,0.012797542000015483
parkinsons,195,22,2,mutual_info,5,0|12|18|19|21,0.889819298621527,0.362051282051282,0.10060060185845285,119.52964818296128,0.012797542000015483
parkinsons,195,22,2,mutual_info,6,0|4|12|18|19|21,0.9143746875223199,0.4205128205128205,0.20865828861121546,103.91579886934787,0.012797542000015483
parkinsons,195,22,2,mutual_info,7,0|2|4|12|18|19|21,0.9282422684093994,0.4600000000000001,0.18707953794217097,87.15881139686974,0.012797542000015483
parkinsons,195,22,2,mutual_info,8,0|1|2|4|12|18|19|21,0.9436125991000642,0.4928205128205128,0.19516444949211234,76.52712727545543,0.012797542000015483
parkinsons,195,22,2,mutual_info,9,0|1|2|4|12|15|18|19|21,0.9591657738732947,0.5528205128205129,0.2291314538023741,62.459570700302116,0.012797542000015483
parkinsons,195,22,2,mutual_info,10,0|1|2|4|12|14|15|18|19|21,0.9627569459324334,0.5656410256410257,0.2954180180336849,59.55875692703921,0.012797542000015483
parkinsons,195,22,2,mutual_info,11,0|1|2|3|4|12|14|15|18|19|21,0.9639368616527391,0.578974358974359,0.2853736280639277,57.27417429097959,0.012797542000015483
parkinsons,195,22,2,mutual_info,12,0|1|2|3|4|10|12|14|15|18|19|21,0.9744561102778373,0.6302564102564103,0.25986106146628263,52.99553221064476,0.012797542000015483
parkinsons,195,22,2,mutual_info,13,0|1|2|3|4|10|11|12|14|15|18|19|21,0.9763388329405043,0.6446153846153846,0.3201979009973306,50.394003440470435,0.012797542000015483
parkinsons,195,22,2,mutual_info,14,0|1|2|3|4|10|11|12|13|14|15|18|19|21,0.9763874008999357,0.657948717948718,0.6877991330527404,47.316807524276236,0.012797542000015483
parkinsons,195,22,2,mutual_info,15,0|1|2|3|4|8|10|11|12|13|14|15|18|19|21,0.9758788657953004,0.6492307692307693,0.6694048763436162,45.7250561794032,0.012797542000015483
parkinsons,195,22,2,mutual_info,16,0|1|2|3|4|8|9|10|11|12|13|14|15|18|19|21,0.9755474608956504,0.6456410256410257,0.6694048763436162,45.30768182741602,0.012797542000015483
parkinsons,195,22,2,mutual_info,17,0|1|2|3|4|6|8|9|10|11|12|13|14|15|18|19|21,0.9764416827369473,0.6599999999999999,0.6338897766045901,43.687771164728964,0.012797542000015483
parkinsons,195,22,2,mutual_info,18,0|1|2|3|4|5|6|8|9|10|11|12|13|14|15|18|19|21,0.9770902078422969,0.6656410256410257,0.948090205087767,42.172610886431336,0.012797542000015483
parkinsons,195,22,2,mutual_info,19,0|1|2|3|4|5|6|8|9|10|11|12|13|14|15|17|18|19|21,0.9885351046353832,0.7507692307692307,0.948090205087767,33.24544710605783,0.012797542000015483
parkinsons,195,22,2,mutual_info,20,0|1|2|3|4|5|6|7|8|9|10|11|12|13|14|15|17|18|19|21,0.9885579601457039,0.7502564102564103,0.9732206230780313,32.49811729958318,0.012797542000015483
parkinsons,195,22,2,mutual_info,21,0|1|2|3|4|5|6|7|8|9|10|11|12|13|14|15|16|17|18|19|21,0.9948260838511535,0.8256410256410256,1.0,17.492576476397105,0.012797542000015483
parkinsons,195,22,2,mutual_info,22,0|1|2|3|4|5|6|7|8|9|10|11|12|13|14|15|16|17|18|19|20|21,1.0,1.0,1.0,0.0,0.012797542000015483
parkinsons,195,22,2,variance,1,10,0.7300764231126349,0.15692307692307694,0.6877991330527404,142.31366473361544,1.8457999999554886e-05
parkinsons,195,22,2,variance,2,10|17,0.8184358260124277,0.27999999999999997,0.07697132656965695,148.25758657284902,1.8457999999554886e-05
parkinsons,195,22,2,variance,3,10|17|19,0.8631297764445397,0.33076923076923076,0.2992994192697835,137.90704819550623,1.8457999999554886e-05
parkinsons,195,22,2,variance,4,2|10|17|19,0.895604599671452,0.4323076923076923,0.2060839826816369,120.31335727776538,1.8457999999554886e-05
parkinsons,195,22,2,variance,5,2|8|10|17|19,0.9036011713449039,0.45025641025641033,0.33095887658580536,114.26594710400525,1.8457999999554886e-05
parkinsons,195,22,2,variance,6,2|8|10|12|17|19,0.9103178344403972,0.46102564102564103,0.5675838664285968,105.39256904060053,1.8457999999554886e-05
parkinsons,195,22,2,variance,7,2|8|10|12|17|18|19,0.9359217198771517,0.5169230769230768,0.4126186974651083,86.58582366659506,1.8457999999554886e-05
parkinsons,195,22,2,variance,8,2|7|8|10|12|17|18|19,0.9520262838368688,0.5712820512820513,0.5216157125314893,77.67114084445927,1.8457999999554886e-05
parkinsons,195,22,2,variance,9,2|7|8|9|10|12|17|18|19,0.951966288122277,0.5666666666666667,0.5519211770046194,75.44379904578847,1.8457999999554886e-05
parkinsons,195,22,2,variance,10,2|7|8|9|10|12|17|18|19|20,0.9552231983429755,0.6076923076923076,0.6338897766045901,56.611613700950514,1.8457999999554886e-05
parkinsons,195,22,2,variance,11,2|7|8|9|10|12|16|17|18|19|20,0.9654081851296336,0.665128205128205,0.5519211770046194,45.964493732564804,1.8457999999554886e-05
parkinsons,195,22,2,variance,12,2|6|7|8|9|10|12|16|17|18|19|20,0.9685593886150989,0.6871794871794872,0.5366018781474464,41.59925872713642,1.8457999999554886e-05
parkinsons,195,22,2,variance,13,2|6|7|8|9|10|12|14|16|17|18|19|20,0.9697621598457253,0.6974358974358974,0.8080434567595718,38.051214727496074,1.8457999999554886e-05
parkinsons,195,22,2,variance,14,2|6|7|8|9|10|12|14|15|16|17|18|19|20,0.9707963716877366,0.7184615384615383,0.745705943727916,32.271256045378664,1.8457999999554886e-05
parkinsons,195,22,2,variance,15,0|2|6|7|8|9|10|12|14|15|16|17|18|19|20,0.9785529605028213,0.7943589743589744,0.8298914774961468,23.406572365701482,1.8457999999554886e-05
parkinsons,195,22,2,variance,16,0|2|3|6|7|8|9|10|12|14|15|16|17|18|19|20,0.9803899721448468,0.8143589743589744,0.8298914774961468,21.076689553333534,1.8457999999554886e-05
parkinsons,195,22,2,variance,17,0|2|3|6|7|8|9|10|12|14|15|16|17|18|19|20|21,0.9821898435826012,0.8302564102564104,0.7066370923510381,16.119854566550778,1.8457999999554886e-05
parkinsons,195,22,2,variance,18,0|2|3|4|6|7|8|9|10|12|14|15|16|17|18|19|20|21,0.9829269337904435,0.8487179487179488,0.6514397361542152,13.234143437937574,1.8457999999554886e-05
parkinsons,195,22,2,variance,19,0|1|2|3|4|6|7|8|9|10|12|14|15|16|17|18|19|20|21,0.9989286479537176,0.9164102564102566,0.8638105090834679,5.938212784144856,1.8457999999554886e-05
parkinsons,195,22,2,variance,20,0|1|2|3|4|5|6|7|8|9|10|12|14|15|16|17|18|19|20|21,0.9988543675451753,0.9220512820512823,0.7788278505434643,4.647617046426815,1.8457999999554886e-05
parkinsons,195,22,2,variance,21,0|1|2|3|4|5|6|7|8|9|10|11|12|14|15|16|17|18|19|20|21,0.9995628883651168,0.956923076923077,0.8915420730350891,2.602675472182726,1.8457999999554886e-05
parkinsons,195,22,2,variance,22,0|1|2|3|4|5|6|7|8|9|10|11|12|13|14|15|16|17|18|19|20|21,1.0,1.0,1.0,0.0,1.8457999999554886e-05
heart,270,13,2,pai,1,3,0.5731892599869024,0.06481481481481481,0.009825813482809835,122.30355129701142,4.002316667000002
heart,270,13,2,pai,2,0|3,0.6512522738848868,0.09703703703703703,0.09357709791406749,139.20196807489552,4.002316667000002
heart,270,13,2,pai,3,0|3|6,0.7120119333478863,0.14148148148148149,0.023094058325343014,139.1138628046189,4.002316667000002
heart,270,13,2,pai,4,0|1|3|6,0.7883402459433894,0.2288888888888889,0.007247220288753264,133.2384122047713,4.002316667000002
heart,270,13,2,pai,5,0|1|3|6|10,0.8483111402168376,0.2814814814814815,0.10792415874629274,108.5099936278537,4.002316667000002
heart,270,13,2,pai,6,0|1|3|6|9|10,0.8619922869824638,0.3025925925925926,0.4127320391472638,101.09038784436889,4.002316667000002
heart,270,13,2,pai,7,0|1|2|3|6|9|10,0.900052390307793,0.36814814814814817,0.4035472647508703,94.06036895501212,4.002316667000002
heart,270,13,2,pai,8,0|1|2|3|5|6|9|10,0.9322462344466274,0.432962962962963,0.41295045311960527,85.46318089250282,4.002316667000002
heart,270,13,2,pai,9,0|1|2|3|5|6|9|10|11,0.9520293967838173,0.48,0.5573243043105891,77.64161065908553,4.002316667000002
heart,270,13,2,pai,10,0|1|2|3|5|6|8|9|10|11,0.9700283780833879,0.5633333333333335,0.6864304241309716,61.6643471908676,4.002316667000002
heart,270,13,2,pai,11,0|1|2|3|5|6|8|9|10|11|12,0.9802415775303791,0.6674074074074073,0.7119051261202378,35.73530015656488,4.002316667000002
heart,270,13,2,pai,12,0|1|2|3|4|5|6|8|9|10|11|12,0.9920308520701449,0.7985185185185185,0.7500143139613352,13.977116522544852,4.002316667000002
heart,270,13,2,pai,13,0|1|2|3|4|5|6|7|8|9|10|11|12,1.0,1.0,1.0,0.0,4.002316667000002
heart,270,13,2,nrs,1,12,0.6011889689296369,0.05185185185185186,0.33954398997192276,119.36673940979281,0.017021333000002414
heart,270,13,2,nrs,2,2|12,0.6890547915302336,0.09703703703703703,0.3393965219799514,114.9282735316552,0.017021333000002414
heart,270,13,2,nrs,3,2|11|12,0.7513512333551626,0.1274074074074074,0.4928611483824727,105.35982203178234,0.017021333000002414
heart,270,13,2,nrs,4,1|2|11|12,0.7974605253583642,0.17407407407407408,0.3663455451346062,96.57881533951159,0.017021333000002414
heart,270,13,2,nrs,5,1|2|3|11|12,0.8359193771374518,0.2174074074074074,0.34849457188215965,93.46126008319867,0.017021333000002414
heart,270,13,2,nrs,6,1|2|3|9|11|12,0.8733246016153678,0.2674074074074074,0.5140286830586825,93.06057304781781,0.017021333000002414
heart,270,13,2,nrs,7,1|2|3|7|9|11|12,0.90676708142327,0.3211111111111111,0.6148652515968301,98.52715178014283,0.017021333000002414
heart,270,13,2,nrs,8,1|2|3|7|8|9|11|12,0.926921341773994,0.38185185185185183,0.7626807594085515,83.87721051170662,0.017021333000002414
heart,270,13,2,nrs,9,1|2|3|7|8|9|10|11|12,0.9442028669140653,0.4151851851851852,0.8564109768312932,69.31286553915902,0.017021333000002414
heart,270,13,2,nrs,10,0|1|2|3|7|8|9|10|11|12,0.9579931601542604,0.4577777777777778,0.8842451567070733,63.404429398365544,0.017021333000002414
heart,270,13,2,nrs,11,0|1|2|3|6|7|8|9|10|11|12,0.96882194571782,0.6203703703703703,0.9851350528345428,44.52073519719476,0.017021333000002414
heart,270,13,2,nrs,12,0|1|2|3|4|6|7|8|9|10|11|12,0.9824259623080841,0.7840740740740741,1.0,22.976474931026022,0.017021333000002414
heart,270,13,2,nrs,13,0|1|2|3|4|5|6|7|8|9|10|11|12,1.0,1.0,1.0,0.0,0.017021333000002414
heart,270,13,2,relieff,1,11,0.5883125955031652,0.06777777777777777,0.1839645567039082,118.52098659261678,0.053281583999989834
heart,270,13,2,relieff,2,2|11,0.6872385941934076,0.0974074074074074,0.3789781039037309,112.71457588808998,0.053281583999989834
heart,270,13,2,relieff,3,2|11|12,0.7513512333551626,0.1274074074074074,0.4928611483824727,105.35982203178234,0.053281583999989834
heart,270,13,2,relieff,4,1|2|11|12,0.7974605253583642,0.17407407407407408,0.3663455451346062,96.57881533951159,0.053281583999989834
heart,270,13,2,relieff,5,1|2|10|11|12,0.8603143418467584,0.22629629629629633,0.42288650205669553,74.2311447691224,0.053281583999989834
heart,270,13,2,relieff,6,1|2|9|10|11|12,0.8730277232045405,0.25851851851851854,0.49338902842382054,68.66624424898238,0.053281583999989834
heart,270,13,2,relieff,7,1|2|6|9|10|11|12,0.9031477843265663,0.34629629629629627,0.5804894595426656,64.84205691656622,0.053281583999989834
heart,270,13,2,relieff,8,1|2|3|6|9|10|11|12,0.9264702030124427,0.4025925925925926,0.4829638578851706,78.25738537774643,0.053281583999989834
heart,270,13,2,relieff,9,1|2|3|6|8|9|10|11|12,0.943306410536273,0.48037037037037034,0.6869436964260398,59.92149646755911,0.053281583999989834
heart,270,13,2,relieff,10,1|2|3|6|7|8|9|10|11|12,0.9590598850323802,0.5414814814814815,0.8983080215036097,57.75472784885202,0.053281583999989834
heart,270,13,2,relieff,11,0|1|2|3|6|7|8|9|10|11|12,0.96882194571782,0.6203703703703703,0.9851350528345428,44.52073519719476,0.053281583999989834
heart,270,13,2,relieff,12,0|1|2|3|4|6|7|8|9|10|11|12,0.9824259623080841,0.7840740740740741,1.0,22.976474931026022,0.053281583999989834
heart,270,13,2,relieff,13,0|1|2|3|4|5|6|7|8|9|10|11|12,1.0,1.0,1.0,0.0,0.053281583999989834
heart,270,13,2,mutual_info,1,12,0.6011889689296369,0.05185185185185186,0.33954398997192276,119.36673940979281,0.008615916999985984
heart,270,13,2,mutual_info,2,9|12,0.6896296296296296,0.11222222222222224,0.33954398997192276,122.55963329453135,0.008615916999985984
heart,270,13,2,mutual_info,3,8|9|12,0.7457163646947537,0.1511111111111111,0.4004559414713477,120.75206589687832,0.008615916999985984
heart,270,13,2,mutual_info,4,2|8|9|12,0.7918358437022484,0.18370370370370373,0.5469117464500501,110.39765426543117,0.008615916999985984
heart,270,13,2,mutual_info,5,2|8|9|11|12,0.8361100196463654,0.2125925925925926,0.7887171006253704,87.63099187124543,0.008615916999985984
heart,270,13,2,mutual_info,6,2|8|9|10|11|12,0.856181328676417,0.25148148148148153,0.7498281592294185,69.89884713913028,0.008615916999985984
heart,270,13,2,mutual_info,7,2|7|8|9|10|11|12,0.8863028450847704,0.29444444444444445,0.8290186093344937,81.43706384992004,0.008615916999985984
heart,270,13,2,mutual_info,8,1|2|7|8|9|10|11|12,0.9200509350214655,0.3588888888888889,0.8427460444198447,69.91517364427833,0.008615916999985984
heart,270,13,2,mutual_info,9,1|2|4|7|8|9|10|11|12,0.9419806446918431,0.40481481481481485,0.8564109768312932,74.85558123683175,0.008615916999985984
heart,270,13,2,mutual_info,10,1|2|3|4|7|8|9|10|11|12,0.9608542530742924,0.4644444444444445,0.8564109768312932,72.076953658885,0.008615916999985984
heart,270,13,2,mutual_info,11,1|2|3|4|5|7|8|9|10|11|12,0.9807349195954304,0.5481481481481482,0.8701941974287777,50.69246915841313,0.008615916999985984
heart,270,13,2,mutual_info,12,0|1|2|3|4|5|7|8|9|10|11|12,0.9901025976860948,0.6011111111111112,0.9412155758596259,25.638306098039138,0.008615916999985984
heart,270,13,2,mutual_info,13,0|1|2|3|4|5|6|7|8|9|10|11|12,1.0,1.0,1.0,0.0,0.008615916999985984
heart,270,13,2,variance,1,12,0.6011889689296369,0.05185185185185186,0.33954398997192276,119.36673940979281,1.716600002055202e-05
heart,270,13,2,variance,2,10|12,0.6627097431419632,0.06999999999999999,0.33954398997192276,114.4024958441916,1.716600002055202e-05
heart,270,13,2,variance,3,10|11|12,0.7494069708215092,0.1388888888888889,0.3483733867695688,104.1448458261122,1.716600002055202e-05
heart,270,13,2,variance,4,8|10|11|12,0.816181328676417,0.18666666666666668,0.5470240502227033,89.93973361351621,1.716600002055202e-05
heart,270,13,2,variance,5,0|8|10|11|12,0.8577865094957433,0.2466666666666667,0.6034530541485592,89.65405289367204,1.716600002055202e-05
heart,270,13,2,variance,6,0|7|8|10|11|12,0.8759557592956414,0.2825925925925926,0.7116477222448079,88.4640953485768,1.716600002055202e-05
heart,270,13,2,variance,7,0|3|7|8|10|11|12,0.9027184748599287,0.30888888888888894,0.6989009914087536,91.89113792505606,1.716600002055202e-05
heart,270,13,2,variance,8,0|3|7|8|9|10|11|12,0.9115695263043003,0.3340740740740741,0.7114758639728704,85.43649525324255,1.716600002055202e-05
heart,270,13,2,variance,9,0|2|3|7|8|9|10|11|12,0.9284915957214582,0.37111111111111106,0.8703441412222588,80.00077358728652,1.716600002055202e-05
heart,270,13,2,variance,10,0|2|3|5|7|8|9|10|11|12,0.9529389507385578,0.43925925925925924,0.8703441412222588,60.34567537213815,1.716600002055202e-05
heart,270,13,2,variance,11,0|2|3|4|5|7|8|9|10|11|12,0.9767576220621407,0.4892592592592592,0.8703441412222588,44.96278498584572,1.716600002055202e-05
heart,270,13,2,variance,12,0|1|2|3|4|5|7|8|9|10|11|12,0.9901025976860948,0.6011111111111112,0.9412155758596259,25.638306098039138,1.716600002055202e-05
heart,270,13,2,variance,13,0|1|2|3|4|5|6|7|8|9|10|11|12,1.0,1.0,1.0,0.0,1.716600002055202e-05
